order_id,user_id,store_id,total_price,status,created_at,updated_at,delivery_type,shipping_address
13,8,2,339785,completed,2024-02-03 18:39:07,2024-02-03 18:39:07,delivery,
14,8,11,254528,completed,2024-09-15 23:24:22,2024-09-15 23:24:22,takeaway,
15,8,11,119598,completed,2025-10-30 04:48:33,2025-10-30 04:48:33,takeaway,
16,8,1,551555,completed,2025-06-23 22:20:40,2025-06-23 22:20:40,takeaway,
17,8,8,246798,completed,2024-01-10 12:23:18,2024-01-10 12:23:18,dine-in,
18,8,14,297108,cancelled,2024-12-05 01:12:11,2024-12-05 01:12:11,delivery,
19,8,3,334405,completed,2025-01-28 08:29:29,2025-01-28 08:29:29,delivery,
20,8,3,253271,completed,2024-06-13 21:04:44,2024-06-13 21:04:44,dine-in,
21,8,5,53744,completed,2024-07-19 04:03:12,2024-07-19 04:03:12,takeaway,
22,8,10,247000,pending,2024-03-09 11:57:32,2024-03-09 11:57:32,delivery,
23,8,6,392969,completed,2024-02-04 17:58:46,2024-02-04 17:58:46,takeaway,
24,9,13,70149,completed,2024-05-03 13:12:03,2024-05-03 13:12:03,dine-in,
25,9,1,128095,completed,2025-11-14 16:35:37,2025-11-14 16:35:37,delivery,
26,9,6,158349,completed,2025-06-03 02:09:01,2025-06-03 02:09:01,delivery,
27,9,6,78356,completed,2024-12-12 18:38:34,2024-12-12 18:38:34,takeaway,
28,9,10,433225,completed,2024-10-18 11:27:20,2024-10-18 11:27:20,delivery,
29,9,9,229793,completed,2025-10-26 10:57:33,2025-10-26 10:57:33,delivery,
30,9,2,200770,pending,2024-11-11 19:36:48,2024-11-11 19:36:48,takeaway,
31,9,2,503704,completed,2025-07-11 11:41:59,2025-07-11 11:41:59,takeaway,
32,9,9,513724,completed,2025-10-21 04:06:03,2025-10-21 04:06:03,takeaway,
33,9,12,90625,pending,2025-07-17 07:55:31,2025-07-17 07:55:31,delivery,
34,9,15,229269,completed,2025-11-29 04:57:19,2025-11-29 04:57:19,takeaway,
35,9,3,57499,completed,2024-02-15 23:25:00,2024-02-15 23:25:00,delivery,
36,9,12,194904,completed,2025-03-30 23:04:48,2025-03-30 23:04:48,delivery,
37,9,3,469915,completed,2025-01-11 19:30:09,2025-01-11 19:30:09,delivery,
38,9,5,257043,pending,2024-02-15 05:23:20,2024-02-15 05:23:20,dine-in,
39,10,6,489679,completed,2025-08-03 17:33:03,2025-08-03 17:33:03,delivery,
40,10,9,132020,completed,2024-05-25 23:04:58,2024-05-25 23:04:58,dine-in,
41,10,9,115040,completed,2024-03-23 18:42:33,2024-03-23 18:42:33,dine-in,
42,10,14,278592,completed,2024-09-19 07:07:03,2024-09-19 07:07:03,delivery,
43,10,15,157626,completed,2025-03-22 17:04:38,2025-03-22 17:04:38,delivery,
44,10,11,273101,completed,2025-07-24 08:35:16,2025-07-24 08:35:16,dine-in,
45,10,6,297556,cancelled,2025-03-17 02:26:39,2025-03-17 02:26:39,delivery,
46,10,15,228724,completed,2025-11-06 01:16:17,2025-11-06 01:16:17,delivery,
47,10,7,300382,completed,2025-06-06 07:04:49,2025-06-06 07:04:49,dine-in,
48,10,8,251704,completed,2024-07-03 13:20:41,2024-07-03 13:20:41,takeaway,
49,10,1,132505,cancelled,2024-05-28 20:19:07,2024-05-28 20:19:07,dine-in,
50,10,6,73733,completed,2024-08-29 14:12:54,2024-08-29 14:12:54,dine-in,
51,10,13,257365,completed,2024-11-30 06:27:02,2024-11-30 06:27:02,delivery,
52,11,9,543556,completed,2024-02-18 09:50:23,2024-02-18 09:50:23,takeaway,
53,11,12,255791,cancelled,2025-06-19 05:18:50,2025-06-19 05:18:50,delivery,
54,11,14,201723,pending,2024-04-10 10:17:46,2024-04-10 10:17:46,delivery,
55,11,15,324245,completed,2025-08-25 02:06:40,2025-08-25 02:06:40,delivery,
56,11,7,150933,completed,2024-07-13 22:34:08,2024-07-13 22:34:08,delivery,
57,11,15,55159,completed,2024-09-11 12:35:04,2024-09-11 12:35:04,dine-in,
58,11,9,371645,cancelled,2024-06-07 18:33:07,2024-06-07 18:33:07,takeaway,
59,11,4,185412,completed,2025-11-01 05:55:50,2025-11-01 05:55:50,dine-in,
60,11,13,187611,completed,2025-08-16 23:11:35,2025-08-16 23:11:35,takeaway,
61,11,2,68563,pending,2025-11-20 18:40:46,2025-11-20 18:40:46,delivery,
62,11,6,68751,completed,2024-07-11 00:21:41,2024-07-11 00:21:41,takeaway,
63,12,4,377156,pending,2025-07-07 10:52:47,2025-07-07 10:52:47,delivery,
64,12,4,273169,completed,2025-05-17 16:28:20,2025-05-17 16:28:20,dine-in,
65,12,8,59250,completed,2025-02-23 22:35:54,2025-02-23 22:35:54,dine-in,
66,12,14,202755,completed,2025-08-22 19:45:20,2025-08-22 19:45:20,delivery,
67,12,12,272649,completed,2025-03-15 17:40:23,2025-03-15 17:40:23,takeaway,
68,12,6,155186,completed,2024-04-06 18:32:21,2024-04-06 18:32:21,delivery,
69,12,8,217500,completed,2025-01-16 11:34:58,2025-01-16 11:34:58,delivery,
70,12,11,434546,completed,2024-10-24 06:08:28,2024-10-24 06:08:28,takeaway,
71,12,15,402972,completed,2025-03-21 02:20:06,2025-03-21 02:20:06,dine-in,
72,12,10,94770,completed,2024-06-14 22:01:57,2024-06-14 22:01:57,takeaway,
73,12,1,68125,completed,2025-01-01 11:03:33,2025-01-01 11:03:33,delivery,
74,12,1,238787,completed,2025-05-31 18:41:11,2025-05-31 18:41:11,takeaway,
75,13,9,170715,completed,2024-02-03 08:37:25,2024-02-03 08:37:25,takeaway,
76,13,5,385963,completed,2025-08-06 12:45:19,2025-08-06 12:45:19,dine-in,
77,13,15,352779,completed,2024-08-28 10:33:18,2024-08-28 10:33:18,dine-in,
78,13,4,475195,completed,2024-11-24 22:20:57,2024-11-24 22:20:57,dine-in,
79,13,6,99153,completed,2024-01-21 23:54:02,2024-01-21 23:54:02,delivery,
80,13,4,303305,pending,2024-11-11 20:19:38,2024-11-11 20:19:38,takeaway,
81,14,3,213928,completed,2024-04-16 21:22:54,2024-04-16 21:22:54,takeaway,
82,14,4,232933,cancelled,2024-07-09 16:15:49,2024-07-09 16:15:49,delivery,
83,14,7,297729,completed,2025-08-12 08:57:29,2025-08-12 08:57:29,dine-in,
84,14,3,268917,completed,2025-10-23 21:38:26,2025-10-23 21:38:26,delivery,
85,14,3,70613,completed,2024-12-30 02:17:15,2024-12-30 02:17:15,dine-in,
86,14,8,87910,completed,2024-06-18 17:18:16,2024-06-18 17:18:16,dine-in,
87,14,15,313196,completed,2025-10-18 14:05:54,2025-10-18 14:05:54,takeaway,
88,14,11,255613,completed,2024-08-29 02:04:06,2024-08-29 02:04:06,delivery,
89,14,4,171909,pending,2025-09-12 10:12:51,2025-09-12 10:12:51,takeaway,
90,14,4,141954,completed,2024-12-09 08:38:23,2024-12-09 08:38:23,dine-in,
91,14,8,104252,completed,2025-03-22 18:05:28,2025-03-22 18:05:28,delivery,
92,14,14,67256,pending,2025-01-17 20:36:53,2025-01-17 20:36:53,delivery,
93,15,11,177399,pending,2024-06-18 18:32:15,2024-06-18 18:32:15,takeaway,
94,15,10,118479,completed,2024-01-07 20:53:36,2024-01-07 20:53:36,delivery,
95,15,3,204188,completed,2024-08-23 19:17:04,2024-08-23 19:17:04,takeaway,
96,15,15,84057,pending,2025-03-09 15:40:36,2025-03-09 15:40:36,dine-in,
97,15,1,178682,completed,2024-04-26 09:12:02,2024-04-26 09:12:02,delivery,
98,15,13,188556,completed,2025-11-08 06:24:25,2025-11-08 06:24:25,delivery,
99,15,4,385585,completed,2025-08-17 20:46:46,2025-08-17 20:46:46,dine-in,
100,15,13,82428,completed,2024-06-04 16:56:28,2024-06-04 16:56:28,dine-in,
101,15,3,68494,completed,2024-03-13 03:13:35,2024-03-13 03:13:35,delivery,
102,15,15,269000,completed,2024-07-16 07:53:43,2024-07-16 07:53:43,takeaway,
103,15,7,492547,completed,2025-05-21 01:08:12,2025-05-21 01:08:12,takeaway,
104,15,6,208450,completed,2024-11-09 14:20:15,2024-11-09 14:20:15,dine-in,
105,15,5,310148,completed,2024-03-22 00:50:13,2024-03-22 00:50:13,dine-in,
106,15,14,344320,pending,2025-06-07 15:20:18,2025-06-07 15:20:18,delivery,
107,16,2,130931,completed,2025-08-11 04:52:34,2025-08-11 04:52:34,takeaway,
108,16,9,352973,completed,2025-05-30 14:37:31,2025-05-30 14:37:31,dine-in,
109,16,13,371778,cancelled,2025-06-22 23:11:52,2025-06-22 23:11:52,dine-in,
110,16,5,75190,completed,2025-04-07 20:57:56,2025-04-07 20:57:56,delivery,
111,16,7,338822,completed,2024-05-22 23:19:22,2024-05-22 23:19:22,takeaway,
112,16,13,206071,completed,2024-02-26 09:22:22,2024-02-26 09:22:22,dine-in,
113,16,10,386951,pending,2024-02-22 21:04:13,2024-02-22 21:04:13,dine-in,
114,16,11,56169,completed,2024-08-26 01:05:23,2024-08-26 01:05:23,dine-in,
115,16,11,520738,completed,2025-06-29 06:56:14,2025-06-29 06:56:14,dine-in,
116,16,12,384328,completed,2024-11-04 00:39:24,2024-11-04 00:39:24,delivery,
117,16,9,239947,completed,2025-02-17 18:48:10,2025-02-17 18:48:10,takeaway,
118,17,1,236750,completed,2024-12-26 14:47:23,2024-12-26 14:47:23,takeaway,
119,17,11,344570,completed,2025-01-22 12:58:45,2025-01-22 12:58:45,takeaway,
120,17,14,77973,pending,2024-07-01 13:28:22,2024-07-01 13:28:22,delivery,
121,17,15,350317,completed,2024-10-21 08:14:24,2024-10-21 08:14:24,takeaway,
122,17,6,535973,completed,2024-07-05 20:27:26,2024-07-05 20:27:26,delivery,
123,17,5,175137,completed,2024-04-17 18:51:47,2024-04-17 18:51:47,delivery,
124,17,4,134938,completed,2025-10-01 04:14:24,2025-10-01 04:14:24,takeaway,
125,18,13,155526,pending,2024-11-26 22:36:25,2024-11-26 22:36:25,takeaway,
126,18,5,346787,completed,2025-02-11 16:50:40,2025-02-11 16:50:40,dine-in,
127,18,2,176248,completed,2024-07-27 04:28:08,2024-07-27 04:28:08,takeaway,
128,18,1,25604,completed,2024-02-20 20:51:34,2024-02-20 20:51:34,delivery,
129,18,1,184410,completed,2024-12-20 05:54:08,2024-12-20 05:54:08,dine-in,
130,18,5,440393,completed,2024-11-22 12:12:59,2024-11-22 12:12:59,delivery,
131,18,13,426543,completed,2025-09-14 06:48:25,2025-09-14 06:48:25,takeaway,
132,18,7,377982,completed,2024-11-18 00:45:57,2024-11-18 00:45:57,takeaway,
133,18,5,500422,completed,2024-11-13 19:38:00,2024-11-13 19:38:00,dine-in,
134,18,9,347674,completed,2024-12-12 06:54:14,2024-12-12 06:54:14,delivery,
135,18,5,526755,completed,2025-09-13 14:29:17,2025-09-13 14:29:17,dine-in,
136,18,15,353859,completed,2024-07-04 16:50:58,2024-07-04 16:50:58,dine-in,
137,18,10,78042,completed,2025-09-17 21:03:52,2025-09-17 21:03:52,delivery,
138,18,8,173431,completed,2025-02-22 06:34:53,2025-02-22 06:34:53,delivery,
139,18,7,126706,pending,2024-07-04 15:06:37,2024-07-04 15:06:37,delivery,
140,19,9,178088,completed,2024-03-02 09:26:15,2024-03-02 09:26:15,delivery,
141,19,11,262390,completed,2025-04-13 04:05:23,2025-04-13 04:05:23,dine-in,
142,19,10,380831,pending,2025-10-30 13:35:20,2025-10-30 13:35:20,dine-in,
143,19,3,385319,completed,2025-10-01 07:02:11,2025-10-01 07:02:11,takeaway,
144,19,8,290732,completed,2024-09-29 22:19:37,2024-09-29 22:19:37,delivery,
145,19,13,337127,completed,2025-08-18 08:53:51,2025-08-18 08:53:51,dine-in,
146,19,8,223338,pending,2024-08-29 00:00:38,2024-08-29 00:00:38,takeaway,
147,19,8,100888,completed,2024-11-23 23:45:56,2024-11-23 23:45:56,dine-in,
148,19,7,535452,pending,2024-05-04 20:59:36,2024-05-04 20:59:36,dine-in,
149,19,2,238083,completed,2025-06-29 10:12:20,2025-06-29 10:12:20,delivery,
150,19,5,372397,completed,2025-10-13 12:52:29,2025-10-13 12:52:29,takeaway,
151,19,10,138210,pending,2024-03-27 18:46:47,2024-03-27 18:46:47,dine-in,
152,19,12,209838,completed,2025-10-30 15:09:40,2025-10-30 15:09:40,dine-in,
153,19,1,143205,cancelled,2025-11-27 20:42:33,2025-11-27 20:42:33,takeaway,
154,19,13,359944,pending,2025-09-04 02:35:25,2025-09-04 02:35:25,dine-in,
155,20,10,218984,completed,2024-10-31 07:40:01,2024-10-31 07:40:01,delivery,
156,20,14,270030,completed,2025-02-27 04:44:35,2025-02-27 04:44:35,takeaway,
157,20,1,245050,pending,2025-10-14 08:38:48,2025-10-14 08:38:48,dine-in,
158,20,8,122361,completed,2025-09-11 09:11:19,2025-09-11 09:11:19,takeaway,
159,20,8,213414,completed,2024-10-13 19:37:18,2024-10-13 19:37:18,dine-in,
160,20,5,445353,completed,2024-06-07 21:32:00,2024-06-07 21:32:00,takeaway,
161,20,3,180756,completed,2025-01-26 09:08:14,2025-01-26 09:08:14,delivery,
162,20,6,182655,completed,2025-06-14 10:33:51,2025-06-14 10:33:51,takeaway,
163,20,4,251385,completed,2024-12-26 07:44:40,2024-12-26 07:44:40,delivery,
164,20,7,434256,completed,2025-09-12 15:30:40,2025-09-12 15:30:40,delivery,
165,20,2,210630,completed,2025-02-28 23:11:38,2025-02-28 23:11:38,delivery,
166,20,11,305649,completed,2024-02-18 10:07:19,2024-02-18 10:07:19,takeaway,
167,20,6,188870,completed,2025-04-24 13:21:14,2025-04-24 13:21:14,takeaway,
168,20,3,199813,completed,2025-05-08 10:53:26,2025-05-08 10:53:26,delivery,
169,20,15,436645,completed,2025-02-08 13:11:55,2025-02-08 13:11:55,takeaway,
170,21,6,373013,completed,2024-11-28 16:51:45,2024-11-28 16:51:45,dine-in,
171,21,10,109562,completed,2024-05-08 04:05:59,2024-05-08 04:05:59,delivery,
172,21,5,102658,pending,2024-03-28 15:53:44,2024-03-28 15:53:44,delivery,
173,21,15,62000,cancelled,2025-09-25 11:13:30,2025-09-25 11:13:30,delivery,
174,21,15,237125,completed,2025-10-03 23:13:46,2025-10-03 23:13:46,delivery,
175,21,7,105735,completed,2025-03-28 13:32:21,2025-03-28 13:32:21,takeaway,
176,21,8,269929,completed,2025-08-20 01:27:49,2025-08-20 01:27:49,takeaway,
177,21,10,303440,completed,2025-03-14 08:58:58,2025-03-14 08:58:58,delivery,
178,21,14,339296,completed,2025-07-02 19:29:53,2025-07-02 19:29:53,takeaway,
179,22,3,474862,completed,2025-10-24 11:35:53,2025-10-24 11:35:53,takeaway,
180,22,8,255420,completed,2024-10-01 21:08:59,2024-10-01 21:08:59,delivery,
181,22,12,43626,completed,2025-01-12 01:28:03,2025-01-12 01:28:03,dine-in,
182,22,9,355305,completed,2024-03-18 17:17:05,2024-03-18 17:17:05,delivery,
183,22,8,350287,completed,2024-10-07 10:46:33,2024-10-07 10:46:33,dine-in,
184,22,3,151536,pending,2024-06-22 02:39:09,2024-06-22 02:39:09,dine-in,
185,22,1,268227,completed,2024-11-25 11:16:33,2024-11-25 11:16:33,takeaway,
186,22,9,166863,completed,2024-02-06 01:54:20,2024-02-06 01:54:20,delivery,
187,23,12,306832,completed,2024-02-02 13:27:07,2024-02-02 13:27:07,takeaway,
188,23,15,145642,completed,2025-06-18 07:30:06,2025-06-18 07:30:06,takeaway,
189,23,8,607693,completed,2025-03-13 08:34:18,2025-03-13 08:34:18,takeaway,
190,23,6,229771,completed,2024-08-11 22:42:41,2024-08-11 22:42:41,dine-in,
191,23,8,311143,completed,2024-04-19 15:17:23,2024-04-19 15:17:23,dine-in,
192,23,6,298162,completed,2025-04-15 00:13:38,2025-04-15 00:13:38,takeaway,
193,23,2,331607,completed,2024-05-20 11:18:56,2024-05-20 11:18:56,dine-in,
194,24,3,431238,completed,2025-06-20 16:44:07,2025-06-20 16:44:07,delivery,
195,24,8,495250,completed,2025-08-05 12:41:56,2025-08-05 12:41:56,takeaway,
196,24,11,37302,completed,2024-09-16 05:34:08,2024-09-16 05:34:08,dine-in,
197,24,9,388220,completed,2025-09-08 02:52:54,2025-09-08 02:52:54,takeaway,
198,24,12,702397,pending,2024-08-04 02:32:30,2024-08-04 02:32:30,delivery,
199,25,13,79902,completed,2024-02-06 13:44:25,2024-02-06 13:44:25,delivery,
200,25,7,494445,completed,2024-09-30 20:49:35,2024-09-30 20:49:35,delivery,
201,25,4,32148,completed,2025-04-12 11:20:45,2025-04-12 11:20:45,delivery,
202,25,11,63753,completed,2024-11-23 13:07:59,2024-11-23 13:07:59,delivery,
203,25,3,190157,completed,2024-01-05 19:27:40,2024-01-05 19:27:40,dine-in,
204,25,6,309334,completed,2025-07-28 07:20:38,2025-07-28 07:20:38,delivery,
205,25,11,188858,completed,2025-03-13 06:46:16,2025-03-13 06:46:16,dine-in,
206,25,12,91113,pending,2024-05-11 02:22:03,2024-05-11 02:22:03,dine-in,
207,25,9,498272,completed,2024-10-15 17:55:27,2024-10-15 17:55:27,delivery,
208,25,4,188126,pending,2024-03-26 19:46:13,2024-03-26 19:46:13,delivery,
209,25,10,378661,completed,2025-05-25 03:47:31,2025-05-25 03:47:31,dine-in,
210,25,4,261086,completed,2024-03-04 10:30:22,2024-03-04 10:30:22,takeaway,
211,25,1,270697,pending,2025-07-20 11:39:11,2025-07-20 11:39:11,takeaway,
212,25,5,226228,completed,2025-02-27 02:33:50,2025-02-27 02:33:50,takeaway,
213,25,2,29189,pending,2024-01-13 22:40:53,2024-01-13 22:40:53,takeaway,
214,26,8,197313,completed,2025-10-23 23:22:41,2025-10-23 23:22:41,delivery,
215,26,10,106779,completed,2025-09-08 01:03:01,2025-09-08 01:03:01,dine-in,
216,26,15,290199,completed,2025-01-28 19:02:15,2025-01-28 19:02:15,delivery,
217,26,13,302251,cancelled,2024-09-21 14:24:05,2024-09-21 14:24:05,dine-in,
218,26,15,62464,completed,2025-01-18 05:56:33,2025-01-18 05:56:33,delivery,
219,26,14,119421,cancelled,2024-08-26 21:11:04,2024-08-26 21:11:04,dine-in,
220,26,14,493785,completed,2024-07-02 02:19:17,2024-07-02 02:19:17,dine-in,
221,26,10,312257,completed,2025-04-20 20:10:38,2025-04-20 20:10:38,delivery,
222,26,12,208146,completed,2024-03-02 17:45:21,2024-03-02 17:45:21,takeaway,
223,26,10,385155,completed,2024-02-16 07:24:55,2024-02-16 07:24:55,takeaway,
224,26,8,82479,completed,2025-05-22 02:19:42,2025-05-22 02:19:42,delivery,
225,26,8,274340,completed,2024-10-29 17:40:46,2024-10-29 17:40:46,takeaway,
226,26,12,284414,completed,2025-05-31 20:18:41,2025-05-31 20:18:41,delivery,
227,26,1,261897,cancelled,2024-05-15 09:13:23,2024-05-15 09:13:23,dine-in,
228,27,4,156368,completed,2024-03-23 14:36:56,2024-03-23 14:36:56,delivery,
229,27,15,114708,completed,2025-04-23 18:26:34,2025-04-23 18:26:34,dine-in,
230,27,15,96927,completed,2025-04-08 22:10:09,2025-04-08 22:10:09,dine-in,
231,27,14,353024,completed,2024-02-16 21:34:36,2024-02-16 21:34:36,dine-in,
232,27,12,261930,completed,2024-11-06 21:58:39,2024-11-06 21:58:39,delivery,
233,27,7,283110,completed,2025-09-02 07:49:13,2025-09-02 07:49:13,dine-in,
234,28,11,127895,completed,2024-05-11 02:05:56,2024-05-11 02:05:56,dine-in,
235,28,3,224890,completed,2024-09-28 18:52:54,2024-09-28 18:52:54,dine-in,
236,28,3,366877,completed,2025-11-07 23:25:37,2025-11-07 23:25:37,delivery,
237,28,12,422640,completed,2025-04-30 18:46:28,2025-04-30 18:46:28,dine-in,
238,28,4,446664,cancelled,2025-08-16 15:29:21,2025-08-16 15:29:21,takeaway,
239,28,9,492578,completed,2025-05-03 08:57:26,2025-05-03 08:57:26,delivery,
240,28,11,550612,completed,2025-05-03 13:03:01,2025-05-03 13:03:01,delivery,
241,28,6,216123,cancelled,2024-11-01 03:47:09,2024-11-01 03:47:09,takeaway,
242,28,1,538151,completed,2024-06-24 02:40:44,2024-06-24 02:40:44,takeaway,
243,28,4,227120,completed,2024-02-25 12:50:45,2024-02-25 12:50:45,dine-in,
244,28,1,281934,completed,2024-12-06 12:12:00,2024-12-06 12:12:00,takeaway,
245,28,15,226747,completed,2025-04-17 19:01:12,2025-04-17 19:01:12,dine-in,
246,28,13,158738,completed,2024-04-07 06:11:37,2024-04-07 06:11:37,takeaway,
247,28,8,137337,completed,2024-11-29 04:25:40,2024-11-29 04:25:40,takeaway,
248,28,4,403197,pending,2024-02-25 20:53:51,2024-02-25 20:53:51,takeaway,
249,29,15,260340,completed,2024-11-21 21:30:37,2024-11-21 21:30:37,delivery,
250,29,5,106081,pending,2025-02-07 01:16:08,2025-02-07 01:16:08,delivery,
251,29,4,33339,completed,2025-09-06 20:59:39,2025-09-06 20:59:39,delivery,
252,29,4,208212,completed,2024-07-20 21:59:47,2024-07-20 21:59:47,takeaway,
253,29,3,433751,pending,2024-06-02 22:41:17,2024-06-02 22:41:17,dine-in,
254,29,10,495352,completed,2024-08-17 17:16:56,2024-08-17 17:16:56,takeaway,
255,29,4,209653,completed,2025-03-10 16:06:38,2025-03-10 16:06:38,delivery,
256,29,7,81119,completed,2025-07-29 10:56:28,2025-07-29 10:56:28,delivery,
257,29,2,62279,completed,2024-11-05 13:50:17,2024-11-05 13:50:17,delivery,
258,29,4,458604,completed,2025-06-07 03:44:23,2025-06-07 03:44:23,takeaway,
259,30,11,410072,completed,2024-09-08 20:08:56,2024-09-08 20:08:56,takeaway,
260,30,7,63288,completed,2025-09-05 14:19:47,2025-09-05 14:19:47,delivery,
261,30,11,431916,completed,2024-02-21 05:12:06,2024-02-21 05:12:06,takeaway,
262,30,2,231510,completed,2024-04-11 12:31:34,2024-04-11 12:31:34,dine-in,
263,30,14,482784,completed,2024-08-09 12:58:26,2024-08-09 12:58:26,takeaway,
264,30,11,164329,completed,2025-11-15 02:27:58,2025-11-15 02:27:58,delivery,
265,30,3,367229,completed,2024-01-22 20:22:24,2024-01-22 20:22:24,dine-in,
266,31,13,360734,completed,2025-11-12 13:53:50,2025-11-12 13:53:50,delivery,
267,31,12,422062,completed,2024-07-28 15:06:06,2024-07-28 15:06:06,delivery,
268,31,1,300730,completed,2024-12-07 17:48:07,2024-12-07 17:48:07,delivery,
269,31,14,363360,pending,2025-03-04 15:56:03,2025-03-04 15:56:03,dine-in,
270,31,7,179182,pending,2025-06-02 03:57:28,2025-06-02 03:57:28,takeaway,
271,31,9,195009,completed,2025-01-07 11:33:37,2025-01-07 11:33:37,dine-in,
272,31,10,51955,completed,2025-07-04 06:34:54,2025-07-04 06:34:54,dine-in,
273,31,14,100494,completed,2025-02-16 13:17:49,2025-02-16 13:17:49,takeaway,
274,31,2,148124,completed,2025-06-05 03:24:24,2025-06-05 03:24:24,dine-in,
275,31,7,84823,completed,2024-06-11 00:49:23,2024-06-11 00:49:23,delivery,
276,31,15,212195,cancelled,2024-05-04 02:43:11,2024-05-04 02:43:11,dine-in,
277,31,2,287191,completed,2025-06-30 23:25:46,2025-06-30 23:25:46,takeaway,
278,31,5,83900,completed,2024-09-07 11:48:49,2024-09-07 11:48:49,dine-in,
279,31,9,202061,completed,2024-06-07 20:23:47,2024-06-07 20:23:47,delivery,
280,31,9,386090,completed,2025-06-21 17:29:46,2025-06-21 17:29:46,dine-in,
281,32,8,352943,completed,2025-07-12 21:07:02,2025-07-12 21:07:02,dine-in,
282,32,4,68214,completed,2025-11-28 06:40:40,2025-11-28 06:40:40,dine-in,
283,32,5,287609,completed,2025-10-02 08:35:49,2025-10-02 08:35:49,delivery,
284,32,9,241082,completed,2024-06-25 23:17:45,2024-06-25 23:17:45,dine-in,
285,32,8,243704,completed,2024-09-16 03:58:28,2024-09-16 03:58:28,dine-in,
286,32,9,130970,completed,2024-07-05 08:02:42,2024-07-05 08:02:42,takeaway,
287,32,11,211298,completed,2025-02-01 22:34:35,2025-02-01 22:34:35,dine-in,
288,32,5,385370,completed,2025-08-16 17:59:19,2025-08-16 17:59:19,takeaway,
289,32,14,213485,cancelled,2024-12-07 04:48:04,2024-12-07 04:48:04,takeaway,
290,32,4,324278,completed,2024-12-27 20:42:25,2024-12-27 20:42:25,delivery,
291,32,7,365999,completed,2024-07-24 13:00:10,2024-07-24 13:00:10,takeaway,
292,32,2,104785,completed,2025-08-08 00:16:50,2025-08-08 00:16:50,dine-in,
293,32,11,318338,completed,2024-09-07 23:54:30,2024-09-07 23:54:30,dine-in,
294,33,5,542356,completed,2024-10-13 20:07:23,2024-10-13 20:07:23,delivery,
295,33,13,340959,cancelled,2025-01-12 10:08:47,2025-01-12 10:08:47,delivery,
296,33,1,312838,cancelled,2025-06-11 06:30:08,2025-06-11 06:30:08,dine-in,
297,33,6,543680,pending,2024-05-26 15:03:49,2024-05-26 15:03:49,delivery,
298,33,5,258749,completed,2024-02-14 13:02:54,2024-02-14 13:02:54,delivery,
299,33,1,416107,completed,2024-01-16 08:49:02,2024-01-16 08:49:02,takeaway,
300,33,14,531771,pending,2024-07-19 05:56:02,2024-07-19 05:56:02,delivery,
301,33,12,386927,completed,2024-06-22 01:33:55,2024-06-22 01:33:55,takeaway,
302,33,9,116288,completed,2024-08-31 04:17:59,2024-08-31 04:17:59,dine-in,
303,33,9,179627,pending,2024-04-21 22:51:18,2024-04-21 22:51:18,dine-in,
304,34,13,364662,completed,2024-03-29 06:54:09,2024-03-29 06:54:09,dine-in,
305,34,8,348166,completed,2024-10-18 14:48:35,2024-10-18 14:48:35,takeaway,
306,34,1,311870,completed,2025-02-25 08:13:02,2025-02-25 08:13:02,takeaway,
307,34,12,167622,completed,2025-09-15 18:47:58,2025-09-15 18:47:58,delivery,
308,34,5,208195,completed,2024-08-20 04:11:59,2024-08-20 04:11:59,takeaway,
309,35,8,168224,completed,2025-01-03 22:03:01,2025-01-03 22:03:01,delivery,
310,35,12,117624,completed,2025-11-12 02:21:48,2025-11-12 02:21:48,dine-in,
311,35,13,214929,completed,2025-04-08 13:11:21,2025-04-08 13:11:21,delivery,
312,35,1,54450,completed,2024-04-28 11:23:54,2024-04-28 11:23:54,takeaway,
313,35,3,301380,completed,2024-09-16 15:49:31,2024-09-16 15:49:31,dine-in,
314,35,2,354986,completed,2024-01-23 01:31:50,2024-01-23 01:31:50,takeaway,
315,35,5,386473,pending,2024-02-19 07:51:41,2024-02-19 07:51:41,takeaway,
316,35,7,107972,completed,2025-11-04 15:56:33,2025-11-04 15:56:33,delivery,
317,36,4,56548,completed,2024-12-26 17:00:21,2024-12-26 17:00:21,delivery,
318,36,3,402944,pending,2024-04-25 13:58:42,2024-04-25 13:58:42,delivery,
319,36,3,211140,completed,2025-03-12 00:04:11,2025-03-12 00:04:11,takeaway,
320,36,12,230987,completed,2025-03-09 15:38:08,2025-03-09 15:38:08,takeaway,
321,36,8,87383,completed,2024-07-28 14:22:14,2024-07-28 14:22:14,delivery,
322,36,1,246111,completed,2025-01-03 03:26:02,2025-01-03 03:26:02,dine-in,
323,36,10,577577,completed,2024-05-30 14:31:24,2024-05-30 14:31:24,dine-in,
324,36,9,146136,pending,2024-03-11 00:09:00,2024-03-11 00:09:00,dine-in,
325,36,2,94092,pending,2025-03-06 21:11:31,2025-03-06 21:11:31,takeaway,
326,36,5,214067,completed,2025-11-05 09:02:21,2025-11-05 09:02:21,takeaway,
327,36,13,110919,pending,2025-04-23 09:38:00,2025-04-23 09:38:00,delivery,
328,36,14,221401,completed,2025-11-27 23:07:18,2025-11-27 23:07:18,delivery,
329,37,9,476284,completed,2024-08-31 14:02:11,2024-08-31 14:02:11,dine-in,
330,37,8,179466,cancelled,2025-05-21 12:41:47,2025-05-21 12:41:47,dine-in,
331,37,6,419819,completed,2024-07-14 22:20:18,2024-07-14 22:20:18,takeaway,
332,37,12,425489,completed,2024-06-22 12:02:53,2024-06-22 12:02:53,dine-in,
333,37,5,62518,completed,2025-05-06 06:31:52,2025-05-06 06:31:52,delivery,
334,37,5,458973,completed,2025-06-06 14:44:16,2025-06-06 14:44:16,takeaway,
335,37,5,175990,completed,2025-09-10 00:42:48,2025-09-10 00:42:48,dine-in,
336,38,8,288321,completed,2024-11-29 12:13:50,2024-11-29 12:13:50,takeaway,
337,38,12,31714,completed,2025-06-22 23:40:14,2025-06-22 23:40:14,delivery,
338,38,4,318570,completed,2024-11-12 12:51:00,2024-11-12 12:51:00,takeaway,
339,38,14,53052,completed,2025-07-12 05:52:10,2025-07-12 05:52:10,dine-in,
340,38,14,254448,completed,2024-08-20 19:02:07,2024-08-20 19:02:07,dine-in,
341,38,5,166830,completed,2024-04-23 13:57:08,2024-04-23 13:57:08,delivery,
342,38,5,199634,completed,2025-02-27 03:51:10,2025-02-27 03:51:10,delivery,
343,38,12,294041,completed,2024-08-28 23:37:57,2024-08-28 23:37:57,delivery,
344,38,2,309347,completed,2024-12-07 11:38:58,2024-12-07 11:38:58,delivery,
345,38,12,478702,completed,2024-05-17 23:34:19,2024-05-17 23:34:19,takeaway,
346,38,3,314411,cancelled,2025-01-11 05:38:23,2025-01-11 05:38:23,dine-in,
347,39,4,363413,completed,2025-01-19 19:53:24,2025-01-19 19:53:24,dine-in,
348,39,15,407962,completed,2025-09-14 00:43:55,2025-09-14 00:43:55,delivery,
349,39,3,569005,completed,2024-12-24 22:21:47,2024-12-24 22:21:47,dine-in,
350,39,11,193509,pending,2024-01-09 22:04:24,2024-01-09 22:04:24,dine-in,
351,39,1,323059,completed,2024-03-08 12:03:11,2024-03-08 12:03:11,dine-in,
352,39,8,102168,completed,2024-10-23 10:41:30,2024-10-23 10:41:30,dine-in,
353,39,15,403905,completed,2024-01-29 03:02:41,2024-01-29 03:02:41,delivery,
354,40,8,352945,completed,2024-08-24 22:54:14,2024-08-24 22:54:14,takeaway,
355,40,11,29962,completed,2024-11-15 08:39:22,2024-11-15 08:39:22,dine-in,
356,40,5,202658,completed,2024-05-15 21:32:15,2024-05-15 21:32:15,takeaway,
357,40,1,263320,completed,2025-03-07 13:55:58,2025-03-07 13:55:58,dine-in,
358,40,11,308448,pending,2024-08-23 15:10:19,2024-08-23 15:10:19,dine-in,
359,40,8,83956,completed,2024-11-10 09:34:41,2024-11-10 09:34:41,dine-in,
360,40,6,577906,completed,2025-04-28 06:26:33,2025-04-28 06:26:33,takeaway,
361,40,9,257628,completed,2024-04-02 12:13:42,2024-04-02 12:13:42,dine-in,
362,40,8,160575,completed,2025-01-27 17:21:41,2025-01-27 17:21:41,takeaway,
363,40,9,465537,completed,2024-12-13 11:40:55,2024-12-13 11:40:55,takeaway,
364,41,11,330247,completed,2024-01-18 19:01:24,2024-01-18 19:01:24,dine-in,
365,41,10,120828,completed,2024-05-22 15:45:32,2024-05-22 15:45:32,takeaway,
366,41,4,529834,pending,2025-07-29 19:37:49,2025-07-29 19:37:49,delivery,
367,41,11,131267,pending,2025-07-27 08:27:10,2025-07-27 08:27:10,dine-in,
368,41,2,324123,completed,2025-04-08 15:52:49,2025-04-08 15:52:49,takeaway,
369,41,6,281595,completed,2024-08-24 17:07:08,2024-08-24 17:07:08,dine-in,
370,41,12,177677,completed,2024-11-28 14:52:05,2024-11-28 14:52:05,takeaway,
371,41,10,203943,completed,2025-02-17 13:34:44,2025-02-17 13:34:44,delivery,
372,41,2,304387,completed,2025-06-02 02:03:40,2025-06-02 02:03:40,takeaway,
373,41,1,259270,completed,2024-02-04 13:36:26,2024-02-04 13:36:26,takeaway,
374,41,3,166865,completed,2025-04-19 12:36:43,2025-04-19 12:36:43,delivery,
375,41,3,318569,completed,2025-10-26 23:13:01,2025-10-26 23:13:01,takeaway,
376,41,3,66582,completed,2024-03-12 22:39:21,2024-03-12 22:39:21,dine-in,
377,42,1,194867,completed,2025-10-24 08:54:44,2025-10-24 08:54:44,takeaway,
378,42,15,399467,completed,2024-12-13 02:31:37,2024-12-13 02:31:37,takeaway,
379,42,2,177234,completed,2025-08-18 16:51:35,2025-08-18 16:51:35,dine-in,
380,42,2,535287,completed,2024-07-25 02:52:01,2024-07-25 02:52:01,delivery,
381,42,1,143751,completed,2024-04-13 00:44:19,2024-04-13 00:44:19,delivery,
382,42,11,275710,cancelled,2025-09-06 01:20:09,2025-09-06 01:20:09,dine-in,
383,42,3,34255,completed,2025-07-18 18:47:36,2025-07-18 18:47:36,takeaway,
384,42,9,138495,pending,2025-07-05 12:39:05,2025-07-05 12:39:05,delivery,
385,42,14,311060,completed,2024-08-27 18:32:11,2024-08-27 18:32:11,delivery,
386,42,8,252504,pending,2024-01-17 14:05:33,2024-01-17 14:05:33,delivery,
387,42,11,169101,pending,2024-09-07 10:25:33,2024-09-07 10:25:33,dine-in,
388,42,12,133593,completed,2024-12-13 02:44:37,2024-12-13 02:44:37,dine-in,
389,43,8,487624,pending,2024-12-12 10:24:41,2024-12-12 10:24:41,dine-in,
390,43,5,359077,completed,2024-05-04 21:42:20,2024-05-04 21:42:20,takeaway,
391,43,6,316155,completed,2024-08-16 23:13:20,2024-08-16 23:13:20,takeaway,
392,43,9,415906,completed,2025-08-19 17:38:04,2025-08-19 17:38:04,dine-in,
393,43,3,80736,pending,2025-11-26 07:59:47,2025-11-26 07:59:47,delivery,
394,43,4,195174,completed,2025-01-10 07:03:36,2025-01-10 07:03:36,delivery,
395,43,12,463903,completed,2024-09-30 22:05:07,2024-09-30 22:05:07,delivery,
396,43,2,382974,completed,2024-04-07 18:01:10,2024-04-07 18:01:10,takeaway,
397,43,3,143260,pending,2025-11-12 09:40:05,2025-11-12 09:40:05,dine-in,
398,43,7,131262,completed,2025-04-30 09:26:00,2025-04-30 09:26:00,takeaway,
399,43,4,406883,completed,2025-05-04 05:23:16,2025-05-04 05:23:16,dine-in,
400,44,8,183173,completed,2024-02-14 16:58:39,2024-02-14 16:58:39,dine-in,
401,44,14,340088,pending,2025-01-29 00:00:34,2025-01-29 00:00:34,dine-in,
402,44,15,122986,completed,2024-03-21 11:16:35,2024-03-21 11:16:35,dine-in,
403,44,12,138888,completed,2024-07-17 11:44:21,2024-07-17 11:44:21,delivery,
404,44,15,121157,completed,2025-07-13 22:44:37,2025-07-13 22:44:37,takeaway,
405,44,12,129639,completed,2025-04-06 15:55:32,2025-04-06 15:55:32,takeaway,
406,44,13,94641,cancelled,2024-07-17 21:40:07,2024-07-17 21:40:07,delivery,
407,44,11,417898,completed,2025-08-11 03:03:11,2025-08-11 03:03:11,takeaway,
408,44,2,199715,completed,2025-05-30 12:37:21,2025-05-30 12:37:21,dine-in,
409,44,11,240851,completed,2024-07-18 02:00:32,2024-07-18 02:00:32,dine-in,
410,44,9,183905,completed,2025-07-22 05:55:02,2025-07-22 05:55:02,dine-in,
411,44,7,129615,completed,2024-11-23 15:23:05,2024-11-23 15:23:05,dine-in,
412,45,10,135239,completed,2024-11-06 00:06:37,2024-11-06 00:06:37,takeaway,
413,45,2,462091,completed,2024-07-13 12:51:07,2024-07-13 12:51:07,takeaway,
414,45,2,101772,completed,2025-11-18 11:52:58,2025-11-18 11:52:58,dine-in,
415,45,6,170299,completed,2024-10-29 01:43:51,2024-10-29 01:43:51,delivery,
416,45,7,225333,pending,2024-02-29 16:24:06,2024-02-29 16:24:06,delivery,
417,45,12,280968,completed,2024-01-11 12:54:49,2024-01-11 12:54:49,takeaway,
418,45,14,149910,completed,2025-05-18 11:37:13,2025-05-18 11:37:13,dine-in,
419,45,8,485195,completed,2025-01-29 00:33:18,2025-01-29 00:33:18,delivery,
420,45,9,377043,completed,2024-04-01 21:56:15,2024-04-01 21:56:15,dine-in,
421,45,10,144293,completed,2024-07-01 09:45:58,2024-07-01 09:45:58,dine-in,
422,45,8,564408,pending,2025-07-10 22:00:35,2025-07-10 22:00:35,delivery,
423,46,8,157380,cancelled,2025-04-02 06:07:34,2025-04-02 06:07:34,dine-in,
424,46,6,406413,completed,2024-11-01 14:41:18,2024-11-01 14:41:18,takeaway,
425,46,3,324563,completed,2024-09-04 08:09:00,2024-09-04 08:09:00,takeaway,
426,46,9,240824,completed,2024-11-11 11:40:44,2024-11-11 11:40:44,dine-in,
427,46,9,126594,completed,2024-04-01 00:51:59,2024-04-01 00:51:59,takeaway,
428,46,9,402038,completed,2024-09-29 13:38:42,2024-09-29 13:38:42,takeaway,
429,46,11,166866,completed,2025-08-05 02:27:31,2025-08-05 02:27:31,dine-in,
430,46,2,88846,completed,2025-07-17 13:34:30,2025-07-17 13:34:30,takeaway,
431,46,1,374338,cancelled,2025-07-01 21:05:30,2025-07-01 21:05:30,takeaway,
432,46,12,298614,completed,2024-07-23 03:42:32,2024-07-23 03:42:32,delivery,
433,46,14,99123,pending,2024-10-31 01:24:04,2024-10-31 01:24:04,takeaway,
434,46,4,206783,completed,2024-02-22 13:23:12,2024-02-22 13:23:12,delivery,
435,47,2,54780,completed,2025-01-04 10:48:13,2025-01-04 10:48:13,takeaway,
436,47,6,184839,completed,2025-01-18 19:43:53,2025-01-18 19:43:53,takeaway,
437,47,2,212700,pending,2024-04-06 05:00:28,2024-04-06 05:00:28,takeaway,
438,47,2,190278,completed,2025-01-18 12:04:45,2025-01-18 12:04:45,delivery,
439,47,4,395468,cancelled,2024-07-03 08:14:38,2024-07-03 08:14:38,takeaway,
440,47,9,320219,completed,2024-11-21 10:40:08,2024-11-21 10:40:08,takeaway,
441,47,3,76152,completed,2025-08-25 14:33:44,2025-08-25 14:33:44,dine-in,
442,47,14,371398,completed,2024-11-20 01:02:01,2024-11-20 01:02:01,dine-in,
443,47,1,402573,completed,2025-01-09 13:42:52,2025-01-09 13:42:52,delivery,
444,48,3,49928,pending,2025-09-16 22:15:44,2025-09-16 22:15:44,takeaway,
445,48,15,310394,completed,2025-06-12 13:19:38,2025-06-12 13:19:38,delivery,
446,48,5,273095,completed,2025-04-14 13:59:07,2025-04-14 13:59:07,takeaway,
447,48,5,56874,pending,2024-01-29 23:41:49,2024-01-29 23:41:49,dine-in,
448,48,10,265672,completed,2024-05-25 08:24:32,2024-05-25 08:24:32,dine-in,
449,49,12,218421,completed,2025-05-31 03:09:44,2025-05-31 03:09:44,takeaway,
450,49,4,230179,completed,2025-09-20 09:55:58,2025-09-20 09:55:58,delivery,
451,49,2,255400,completed,2025-05-14 23:56:03,2025-05-14 23:56:03,takeaway,
452,49,3,472101,completed,2024-03-07 15:33:47,2024-03-07 15:33:47,delivery,
453,49,13,254442,completed,2024-12-31 05:13:49,2024-12-31 05:13:49,dine-in,
454,49,15,231019,pending,2024-09-02 07:45:46,2024-09-02 07:45:46,dine-in,
455,49,11,70324,completed,2024-08-25 09:48:30,2024-08-25 09:48:30,dine-in,
456,50,15,233831,pending,2025-05-06 06:10:21,2025-05-06 06:10:21,delivery,
457,50,1,362055,completed,2025-09-07 15:08:34,2025-09-07 15:08:34,delivery,
458,50,2,34211,pending,2024-04-25 09:28:19,2024-04-25 09:28:19,delivery,
459,50,15,178930,completed,2025-11-16 05:12:12,2025-11-16 05:12:12,dine-in,
460,50,13,339571,completed,2024-08-18 01:16:32,2024-08-18 01:16:32,takeaway,
461,50,14,301565,completed,2025-04-03 21:39:08,2025-04-03 21:39:08,takeaway,
462,51,5,57176,completed,2024-07-24 01:59:45,2024-07-24 01:59:45,takeaway,
463,51,10,412980,completed,2024-08-29 06:38:10,2024-08-29 06:38:10,delivery,
464,51,15,248694,pending,2024-10-31 18:50:13,2024-10-31 18:50:13,takeaway,
465,51,8,258544,completed,2024-01-06 16:10:21,2024-01-06 16:10:21,delivery,
466,51,15,404445,completed,2024-01-02 04:16:52,2024-01-02 04:16:52,dine-in,
467,51,6,113448,completed,2025-03-05 05:09:18,2025-03-05 05:09:18,delivery,
468,51,5,201834,completed,2025-06-01 22:03:47,2025-06-01 22:03:47,takeaway,
469,51,7,494482,completed,2024-07-10 14:15:59,2024-07-10 14:15:59,delivery,
470,51,12,470964,pending,2024-11-15 14:41:01,2024-11-15 14:41:01,delivery,
471,52,12,110238,completed,2025-01-25 02:02:22,2025-01-25 02:02:22,dine-in,
472,52,4,494499,completed,2025-01-20 05:14:38,2025-01-20 05:14:38,delivery,
473,52,4,234302,pending,2025-11-28 19:05:54,2025-11-28 19:05:54,dine-in,
474,52,14,372755,completed,2025-03-08 06:24:49,2025-03-08 06:24:49,dine-in,
475,52,12,276303,completed,2025-02-28 05:43:12,2025-02-28 05:43:12,takeaway,
476,52,3,245018,completed,2025-11-11 14:28:09,2025-11-11 14:28:09,takeaway,
477,52,5,211742,pending,2025-01-01 19:35:02,2025-01-01 19:35:02,dine-in,
478,52,13,346588,completed,2024-02-06 15:31:33,2024-02-06 15:31:33,takeaway,
479,52,13,26495,completed,2025-02-05 09:28:57,2025-02-05 09:28:57,delivery,
480,52,9,247664,completed,2024-08-30 03:21:28,2024-08-30 03:21:28,dine-in,
481,52,8,222629,completed,2024-06-02 14:59:33,2024-06-02 14:59:33,delivery,
482,52,4,146920,completed,2025-07-13 16:13:54,2025-07-13 16:13:54,delivery,
483,52,8,413102,completed,2024-04-02 11:21:45,2024-04-02 11:21:45,dine-in,
484,52,7,57831,completed,2025-08-24 03:12:00,2025-08-24 03:12:00,takeaway,
485,52,11,137981,cancelled,2024-04-19 01:54:29,2024-04-19 01:54:29,takeaway,
486,53,15,134832,completed,2025-08-15 22:42:06,2025-08-15 22:42:06,dine-in,
487,53,15,308127,completed,2024-01-09 01:15:36,2024-01-09 01:15:36,takeaway,
488,53,7,273824,pending,2025-10-20 07:35:32,2025-10-20 07:35:32,delivery,
489,53,11,214052,pending,2025-01-26 04:50:32,2025-01-26 04:50:32,takeaway,
490,53,2,242551,completed,2024-12-16 12:09:02,2024-12-16 12:09:02,takeaway,
491,53,2,109353,completed,2025-10-23 09:49:17,2025-10-23 09:49:17,delivery,
492,53,9,541945,completed,2024-05-25 08:08:09,2024-05-25 08:08:09,delivery,
493,53,2,210849,completed,2025-10-06 09:05:46,2025-10-06 09:05:46,takeaway,
494,53,4,356131,cancelled,2024-07-10 05:41:19,2024-07-10 05:41:19,takeaway,
495,54,2,309093,completed,2025-07-11 08:52:44,2025-07-11 08:52:44,delivery,
496,54,8,625054,completed,2024-09-17 10:48:23,2024-09-17 10:48:23,takeaway,
497,54,8,383013,completed,2025-07-28 15:53:54,2025-07-28 15:53:54,takeaway,
498,54,2,143319,pending,2025-03-08 22:40:24,2025-03-08 22:40:24,delivery,
499,54,12,225742,completed,2024-07-22 20:28:02,2024-07-22 20:28:02,delivery,
500,54,1,279983,completed,2024-10-11 10:57:20,2024-10-11 10:57:20,dine-in,
501,54,6,412203,completed,2024-10-11 01:43:47,2024-10-11 01:43:47,takeaway,
502,54,3,62856,completed,2024-06-04 05:29:34,2024-06-04 05:29:34,takeaway,
503,54,10,234933,pending,2025-11-26 11:59:09,2025-11-26 11:59:09,takeaway,
504,54,11,157387,completed,2025-10-05 09:54:24,2025-10-05 09:54:24,takeaway,
505,54,6,200828,pending,2024-11-08 19:57:04,2024-11-08 19:57:04,delivery,
506,54,14,388061,completed,2024-03-15 18:22:45,2024-03-15 18:22:45,dine-in,
507,54,14,186995,completed,2024-04-02 18:47:24,2024-04-02 18:47:24,delivery,
508,54,10,208919,completed,2024-02-29 06:36:14,2024-02-29 06:36:14,dine-in,
509,54,14,199179,completed,2024-04-08 18:28:35,2024-04-08 18:28:35,takeaway,
510,55,5,214144,completed,2024-07-27 00:48:38,2024-07-27 00:48:38,delivery,
511,55,4,528622,completed,2025-11-18 21:02:39,2025-11-18 21:02:39,dine-in,
512,55,6,158536,pending,2024-10-02 07:48:37,2024-10-02 07:48:37,dine-in,
513,55,6,245990,completed,2024-03-21 01:30:13,2024-03-21 01:30:13,dine-in,
514,55,13,247669,completed,2025-05-06 19:15:02,2025-05-06 19:15:02,dine-in,
515,55,15,498669,pending,2024-05-05 22:28:20,2024-05-05 22:28:20,delivery,
516,55,2,367540,completed,2024-03-14 10:19:58,2024-03-14 10:19:58,dine-in,
517,55,13,208968,completed,2024-01-13 07:15:30,2024-01-13 07:15:30,dine-in,
518,55,8,111333,completed,2024-02-16 11:13:03,2024-02-16 11:13:03,takeaway,
519,55,9,229650,completed,2024-11-29 11:59:51,2024-11-29 11:59:51,delivery,
520,55,10,408236,completed,2025-01-16 22:59:30,2025-01-16 22:59:30,dine-in,
521,55,15,326641,completed,2024-10-09 02:07:14,2024-10-09 02:07:14,takeaway,
522,55,1,352754,pending,2024-08-26 07:53:49,2024-08-26 07:53:49,dine-in,
523,55,11,104664,completed,2025-11-22 22:28:49,2025-11-22 22:28:49,delivery,
524,55,4,241624,completed,2025-11-11 07:48:40,2025-11-11 07:48:40,dine-in,
525,56,13,330684,pending,2025-09-23 15:39:57,2025-09-23 15:39:57,takeaway,
526,56,8,111705,cancelled,2025-01-01 16:47:54,2025-01-01 16:47:54,takeaway,
527,56,14,131907,completed,2025-03-14 12:18:02,2025-03-14 12:18:02,delivery,
528,56,12,124381,completed,2024-02-23 11:54:53,2024-02-23 11:54:53,delivery,
529,56,7,184215,pending,2024-04-12 06:44:48,2024-04-12 06:44:48,dine-in,
530,56,14,234876,completed,2025-07-13 06:08:25,2025-07-13 06:08:25,delivery,
531,57,9,174159,completed,2025-03-29 16:25:56,2025-03-29 16:25:56,takeaway,
532,57,13,53350,completed,2024-08-08 22:26:49,2024-08-08 22:26:49,delivery,
533,57,3,218429,completed,2025-10-10 07:27:04,2025-10-10 07:27:04,delivery,
534,57,12,254701,completed,2025-03-11 11:33:57,2025-03-11 11:33:57,takeaway,
535,57,10,186104,completed,2024-11-13 04:48:25,2024-11-13 04:48:25,dine-in,
536,57,2,387503,completed,2024-06-12 11:08:48,2024-06-12 11:08:48,dine-in,
537,57,5,302595,completed,2024-03-21 14:56:58,2024-03-21 14:56:58,delivery,
538,57,3,131949,completed,2024-01-23 11:26:46,2024-01-23 11:26:46,takeaway,
539,57,7,169210,completed,2024-07-07 13:52:25,2024-07-07 13:52:25,takeaway,
540,57,13,64982,completed,2025-10-14 21:50:14,2025-10-14 21:50:14,dine-in,
541,57,5,168027,completed,2024-12-15 12:04:06,2024-12-15 12:04:06,delivery,
542,57,2,181572,completed,2025-04-03 09:37:44,2025-04-03 09:37:44,delivery,
543,57,1,92079,completed,2024-10-02 07:36:43,2024-10-02 07:36:43,delivery,
544,57,6,272067,completed,2024-11-03 05:54:16,2024-11-03 05:54:16,takeaway,
545,57,13,88590,completed,2025-09-17 11:26:06,2025-09-17 11:26:06,dine-in,
546,58,2,590762,completed,2025-09-16 08:02:18,2025-09-16 08:02:18,takeaway,
547,58,11,165507,completed,2025-10-27 13:05:29,2025-10-27 13:05:29,delivery,
548,58,3,373223,completed,2024-06-12 02:03:02,2024-06-12 02:03:02,dine-in,
549,58,6,397999,completed,2024-01-25 05:24:30,2024-01-25 05:24:30,delivery,
550,58,3,93957,completed,2025-10-23 02:21:42,2025-10-23 02:21:42,takeaway,
551,58,4,129348,cancelled,2025-03-23 09:24:20,2025-03-23 09:24:20,delivery,
552,58,5,175540,completed,2025-06-17 20:05:59,2025-06-17 20:05:59,delivery,
553,58,14,149497,completed,2024-08-22 18:37:21,2024-08-22 18:37:21,delivery,
554,58,14,93447,completed,2025-07-30 08:35:08,2025-07-30 08:35:08,dine-in,
555,58,4,615444,completed,2024-08-01 06:35:12,2024-08-01 06:35:12,takeaway,
556,58,5,304494,completed,2024-01-12 22:37:23,2024-01-12 22:37:23,takeaway,
557,58,1,392997,completed,2025-04-21 05:33:33,2025-04-21 05:33:33,dine-in,
558,59,6,479018,completed,2024-12-23 19:37:32,2024-12-23 19:37:32,dine-in,
559,59,2,329369,completed,2025-05-25 19:44:22,2025-05-25 19:44:22,delivery,
560,59,15,93612,completed,2024-12-05 14:19:58,2024-12-05 14:19:58,takeaway,
561,59,4,319958,completed,2024-03-17 06:58:25,2024-03-17 06:58:25,delivery,
562,59,9,381673,completed,2024-04-22 11:09:39,2024-04-22 11:09:39,delivery,
563,59,10,119256,completed,2025-05-19 11:29:55,2025-05-19 11:29:55,takeaway,
564,59,2,194811,completed,2024-09-21 15:33:58,2024-09-21 15:33:58,delivery,
565,59,6,174123,completed,2024-04-28 12:37:51,2024-04-28 12:37:51,delivery,
566,59,15,513698,pending,2024-06-12 11:09:56,2024-06-12 11:09:56,delivery,
567,60,4,538377,completed,2024-08-17 10:20:33,2024-08-17 10:20:33,dine-in,
568,60,2,331133,completed,2025-08-03 02:50:46,2025-08-03 02:50:46,dine-in,
569,60,6,318383,completed,2024-12-11 06:22:11,2024-12-11 06:22:11,delivery,
570,60,3,95563,completed,2025-07-01 01:35:38,2025-07-01 01:35:38,delivery,
571,60,12,371094,cancelled,2025-10-14 21:44:29,2025-10-14 21:44:29,dine-in,
572,60,15,157699,completed,2025-04-18 09:38:18,2025-04-18 09:38:18,delivery,
573,60,9,380982,completed,2024-10-30 17:46:19,2024-10-30 17:46:19,takeaway,
574,60,7,53046,completed,2024-05-16 03:05:30,2024-05-16 03:05:30,dine-in,
575,60,8,71282,completed,2025-07-14 23:45:52,2025-07-14 23:45:52,delivery,
576,60,15,461581,completed,2024-08-05 03:52:04,2024-08-05 03:52:04,takeaway,
577,60,15,141309,completed,2025-11-01 09:27:27,2025-11-01 09:27:27,delivery,
578,60,6,492940,pending,2024-04-19 10:22:51,2024-04-19 10:22:51,delivery,
579,61,1,340823,completed,2025-03-29 00:05:11,2025-03-29 00:05:11,takeaway,
580,61,15,52468,completed,2025-06-01 19:25:10,2025-06-01 19:25:10,takeaway,
581,61,15,454602,completed,2025-11-11 00:25:01,2025-11-11 00:25:01,delivery,
582,61,9,294792,completed,2024-09-27 01:52:46,2024-09-27 01:52:46,delivery,
583,61,4,186157,completed,2024-09-18 10:25:13,2024-09-18 10:25:13,dine-in,
584,61,9,110760,pending,2024-08-27 19:00:18,2024-08-27 19:00:18,takeaway,
585,61,11,50324,completed,2025-01-12 10:48:05,2025-01-12 10:48:05,delivery,
586,61,13,250541,completed,2025-05-20 18:00:55,2025-05-20 18:00:55,takeaway,
587,62,2,139424,pending,2024-10-13 09:52:10,2024-10-13 09:52:10,dine-in,
588,62,14,223589,completed,2025-06-29 09:32:34,2025-06-29 09:32:34,takeaway,
589,62,1,327234,completed,2025-10-16 14:29:25,2025-10-16 14:29:25,delivery,
590,62,6,289452,completed,2024-01-30 16:37:51,2024-01-30 16:37:51,dine-in,
591,62,13,351048,pending,2024-07-01 20:56:37,2024-07-01 20:56:37,dine-in,
592,62,1,365633,completed,2024-12-17 16:23:46,2024-12-17 16:23:46,takeaway,
593,62,1,170742,completed,2024-02-18 07:56:41,2024-02-18 07:56:41,dine-in,
594,62,6,290698,completed,2025-02-22 12:30:59,2025-02-22 12:30:59,takeaway,
595,62,8,55179,pending,2025-04-18 21:38:00,2025-04-18 21:38:00,delivery,
596,62,7,260278,completed,2025-01-30 16:59:42,2025-01-30 16:59:42,dine-in,
597,62,10,267854,completed,2024-08-25 15:57:24,2024-08-25 15:57:24,delivery,
598,62,12,356472,completed,2024-08-13 22:54:44,2024-08-13 22:54:44,dine-in,
599,62,14,353867,completed,2024-10-15 03:28:35,2024-10-15 03:28:35,dine-in,
600,62,7,371255,pending,2025-06-17 15:14:24,2025-06-17 15:14:24,takeaway,
601,62,1,511916,completed,2024-06-29 07:12:59,2024-06-29 07:12:59,takeaway,
602,63,10,353141,completed,2025-09-01 20:13:19,2025-09-01 20:13:19,delivery,
603,63,12,220377,completed,2025-07-29 02:57:04,2025-07-29 02:57:04,takeaway,
604,63,4,453904,completed,2025-01-13 12:42:44,2025-01-13 12:42:44,delivery,
605,63,11,91606,completed,2025-01-10 09:00:52,2025-01-10 09:00:52,takeaway,
606,63,15,270407,completed,2024-11-24 12:49:47,2024-11-24 12:49:47,takeaway,
607,63,2,376307,completed,2025-02-03 01:46:39,2025-02-03 01:46:39,dine-in,
608,63,7,202548,completed,2025-04-23 23:00:28,2025-04-23 23:00:28,takeaway,
609,63,11,363406,completed,2024-10-27 20:36:42,2024-10-27 20:36:42,delivery,
610,63,4,439961,pending,2024-10-18 10:00:03,2024-10-18 10:00:03,dine-in,
611,64,13,163541,completed,2025-05-11 01:31:37,2025-05-11 01:31:37,delivery,
612,64,8,137283,completed,2025-04-04 16:55:47,2025-04-04 16:55:47,takeaway,
613,64,2,93174,completed,2025-11-21 02:27:17,2025-11-21 02:27:17,dine-in,
614,64,7,471450,completed,2024-03-07 19:09:54,2024-03-07 19:09:54,dine-in,
615,64,1,38602,completed,2024-05-18 05:13:30,2024-05-18 05:13:30,delivery,
616,64,14,160369,completed,2024-08-20 23:09:36,2024-08-20 23:09:36,dine-in,
617,64,13,369022,completed,2024-12-30 22:43:19,2024-12-30 22:43:19,dine-in,
618,64,1,230750,completed,2024-11-27 08:13:59,2024-11-27 08:13:59,dine-in,
619,64,3,330351,completed,2024-09-19 14:22:34,2024-09-19 14:22:34,delivery,
620,64,15,602584,completed,2025-06-21 23:42:52,2025-06-21 23:42:52,delivery,
621,64,10,77854,cancelled,2025-09-09 22:17:37,2025-09-09 22:17:37,takeaway,
622,64,7,153824,completed,2025-11-17 03:57:40,2025-11-17 03:57:40,dine-in,
623,64,9,322503,completed,2024-03-21 04:41:44,2024-03-21 04:41:44,takeaway,
624,65,1,360746,completed,2025-03-17 13:47:14,2025-03-17 13:47:14,takeaway,
625,65,8,231169,completed,2025-10-08 23:34:11,2025-10-08 23:34:11,delivery,
626,65,2,614223,completed,2024-12-17 20:20:09,2024-12-17 20:20:09,delivery,
627,65,6,222413,completed,2024-07-14 04:29:04,2024-07-14 04:29:04,takeaway,
628,65,10,103296,completed,2025-01-11 09:19:37,2025-01-11 09:19:37,dine-in,
629,65,15,195279,completed,2024-09-23 04:31:18,2024-09-23 04:31:18,dine-in,
630,65,11,36022,completed,2025-05-06 09:41:50,2025-05-06 09:41:50,dine-in,
631,65,7,64372,completed,2024-11-16 22:39:02,2024-11-16 22:39:02,takeaway,
632,65,7,69490,completed,2025-09-11 09:08:45,2025-09-11 09:08:45,delivery,
633,65,8,59884,pending,2024-08-17 22:36:56,2024-08-17 22:36:56,delivery,
634,65,11,176495,completed,2025-02-13 00:51:15,2025-02-13 00:51:15,dine-in,
635,66,8,50964,completed,2024-08-08 18:12:07,2024-08-08 18:12:07,takeaway,
636,66,13,58648,completed,2025-02-06 01:58:52,2025-02-06 01:58:52,takeaway,
637,66,3,275031,completed,2024-04-30 01:56:54,2024-04-30 01:56:54,takeaway,
638,66,3,334378,completed,2025-05-14 12:11:52,2025-05-14 12:11:52,delivery,
639,66,13,412434,pending,2025-04-20 14:41:45,2025-04-20 14:41:45,dine-in,
640,66,1,385158,completed,2024-09-11 17:09:27,2024-09-11 17:09:27,takeaway,
641,66,12,244565,completed,2024-07-06 20:04:51,2024-07-06 20:04:51,dine-in,
642,66,7,431825,completed,2024-08-17 05:06:59,2024-08-17 05:06:59,dine-in,
643,66,10,99801,completed,2024-02-10 23:06:10,2024-02-10 23:06:10,takeaway,
644,67,9,352271,cancelled,2024-01-17 03:08:26,2024-01-17 03:08:26,delivery,
645,67,3,407866,completed,2024-05-29 04:16:02,2024-05-29 04:16:02,takeaway,
646,67,15,298069,pending,2024-01-24 00:40:46,2024-01-24 00:40:46,takeaway,
647,67,12,381240,completed,2024-01-14 11:52:37,2024-01-14 11:52:37,takeaway,
648,67,14,209081,completed,2024-02-13 10:00:31,2024-02-13 10:00:31,takeaway,
649,67,6,369670,completed,2025-07-11 11:35:10,2025-07-11 11:35:10,takeaway,
650,67,3,447863,completed,2025-03-24 20:18:57,2025-03-24 20:18:57,delivery,
651,67,8,293919,pending,2024-12-17 12:12:35,2024-12-17 12:12:35,delivery,
652,67,5,386444,pending,2024-12-29 12:08:54,2024-12-29 12:08:54,delivery,
653,67,9,204657,pending,2025-07-25 14:45:32,2025-07-25 14:45:32,takeaway,
654,68,10,181244,pending,2025-05-25 10:01:01,2025-05-25 10:01:01,delivery,
655,68,11,72710,completed,2024-09-18 07:49:04,2024-09-18 07:49:04,delivery,
656,68,15,277992,pending,2024-09-01 00:59:19,2024-09-01 00:59:19,dine-in,
657,68,4,411167,completed,2024-10-14 21:26:52,2024-10-14 21:26:52,dine-in,
658,68,8,57208,completed,2024-01-17 05:07:46,2024-01-17 05:07:46,delivery,
659,69,11,232404,completed,2024-07-07 02:49:52,2024-07-07 02:49:52,takeaway,
660,69,2,222377,completed,2025-04-04 07:47:00,2025-04-04 07:47:00,delivery,
661,69,14,51154,pending,2024-05-13 02:34:41,2024-05-13 02:34:41,dine-in,
662,69,12,407825,completed,2024-04-12 08:11:27,2024-04-12 08:11:27,takeaway,
663,69,11,88185,completed,2024-07-09 00:32:55,2024-07-09 00:32:55,delivery,
664,69,4,491655,completed,2024-05-16 09:24:10,2024-05-16 09:24:10,delivery,
665,69,1,344888,completed,2025-08-08 05:29:04,2025-08-08 05:29:04,delivery,
666,69,2,171574,completed,2024-12-01 10:09:09,2024-12-01 10:09:09,takeaway,
667,70,4,548110,completed,2024-09-28 07:38:55,2024-09-28 07:38:55,delivery,
668,70,1,472253,completed,2025-06-28 06:32:59,2025-06-28 06:32:59,delivery,
669,70,7,176957,completed,2025-02-24 10:49:34,2025-02-24 10:49:34,takeaway,
670,70,10,76847,completed,2025-03-20 15:07:51,2025-03-20 15:07:51,takeaway,
671,70,4,508077,completed,2024-08-09 21:37:24,2024-08-09 21:37:24,delivery,
672,70,2,66197,completed,2024-12-04 13:17:37,2024-12-04 13:17:37,takeaway,
673,70,3,214236,completed,2025-06-14 04:12:35,2025-06-14 04:12:35,takeaway,
674,70,7,107521,completed,2024-05-14 13:14:15,2024-05-14 13:14:15,takeaway,
675,70,10,89606,completed,2024-08-05 15:37:48,2024-08-05 15:37:48,takeaway,
676,70,9,189680,completed,2025-10-31 23:38:20,2025-10-31 23:38:20,dine-in,
677,70,1,415511,completed,2025-08-16 18:13:05,2025-08-16 18:13:05,delivery,
678,70,1,327366,completed,2025-07-08 20:31:58,2025-07-08 20:31:58,dine-in,
679,71,10,170970,pending,2025-08-11 14:24:53,2025-08-11 14:24:53,takeaway,
680,71,2,36072,completed,2024-12-02 09:48:08,2024-12-02 09:48:08,dine-in,
681,71,2,394686,completed,2024-01-20 02:50:08,2024-01-20 02:50:08,takeaway,
682,71,5,424580,completed,2025-01-14 23:27:06,2025-01-14 23:27:06,dine-in,
683,71,10,162510,completed,2024-03-30 02:37:39,2024-03-30 02:37:39,takeaway,
684,72,14,95606,completed,2025-05-28 13:47:27,2025-05-28 13:47:27,takeaway,
685,72,15,271177,completed,2024-01-30 19:43:20,2024-01-30 19:43:20,delivery,
686,72,8,239531,completed,2024-09-17 22:28:30,2024-09-17 22:28:30,delivery,
687,72,2,280677,completed,2024-02-19 13:59:25,2024-02-19 13:59:25,delivery,
688,72,15,340793,completed,2025-01-19 20:08:11,2025-01-19 20:08:11,takeaway,
689,72,11,503694,completed,2024-08-25 14:04:50,2024-08-25 14:04:50,takeaway,
690,72,7,162759,completed,2025-02-20 15:58:10,2025-02-20 15:58:10,dine-in,
691,72,7,316185,cancelled,2024-01-10 15:31:49,2024-01-10 15:31:49,dine-in,
692,72,9,334013,completed,2025-10-17 10:12:51,2025-10-17 10:12:51,dine-in,
693,73,13,154863,pending,2025-07-10 15:55:27,2025-07-10 15:55:27,delivery,
694,73,11,493641,completed,2024-06-24 16:48:18,2024-06-24 16:48:18,delivery,
695,73,5,310737,completed,2024-04-16 02:42:50,2024-04-16 02:42:50,dine-in,
696,73,14,47175,completed,2025-05-14 23:23:52,2025-05-14 23:23:52,takeaway,
697,73,11,470193,pending,2025-11-12 21:53:34,2025-11-12 21:53:34,delivery,
698,73,10,308526,completed,2025-08-18 03:35:24,2025-08-18 03:35:24,delivery,
699,73,3,103824,cancelled,2025-08-04 07:57:01,2025-08-04 07:57:01,dine-in,
700,73,6,484590,pending,2024-08-10 21:43:42,2024-08-10 21:43:42,dine-in,
701,73,12,87486,completed,2025-11-07 01:14:53,2025-11-07 01:14:53,delivery,
702,73,12,392703,completed,2024-01-28 09:47:00,2024-01-28 09:47:00,takeaway,
703,73,14,584925,completed,2024-06-29 04:11:28,2024-06-29 04:11:28,delivery,
704,73,11,35983,pending,2025-01-29 03:15:27,2025-01-29 03:15:27,delivery,
705,74,4,253650,completed,2025-05-05 03:19:38,2025-05-05 03:19:38,dine-in,
706,74,1,125772,completed,2024-12-20 05:40:15,2024-12-20 05:40:15,takeaway,
707,74,12,247023,completed,2024-03-31 22:52:27,2024-03-31 22:52:27,delivery,
708,74,8,188216,pending,2024-03-08 19:36:59,2024-03-08 19:36:59,takeaway,
709,74,1,430775,completed,2025-01-05 19:34:15,2025-01-05 19:34:15,takeaway,
710,74,8,175479,completed,2025-10-05 11:33:28,2025-10-05 11:33:28,takeaway,
711,74,11,364139,pending,2024-12-18 18:17:02,2024-12-18 18:17:02,dine-in,
712,74,5,316966,completed,2024-12-29 22:14:12,2024-12-29 22:14:12,delivery,
713,74,5,82800,completed,2024-09-18 20:14:56,2024-09-18 20:14:56,dine-in,
714,74,14,311106,pending,2024-03-29 02:28:14,2024-03-29 02:28:14,delivery,
715,74,3,280921,cancelled,2024-07-25 23:19:57,2024-07-25 23:19:57,takeaway,
716,74,9,298356,completed,2024-05-11 01:09:52,2024-05-11 01:09:52,delivery,
717,74,6,510787,completed,2025-03-23 05:31:57,2025-03-23 05:31:57,dine-in,
718,74,13,472851,completed,2025-06-11 21:41:02,2025-06-11 21:41:02,takeaway,
719,74,10,511735,completed,2025-02-03 09:08:43,2025-02-03 09:08:43,dine-in,
720,75,15,73332,completed,2024-11-10 08:04:30,2024-11-10 08:04:30,dine-in,
721,75,14,139384,completed,2025-08-18 02:47:48,2025-08-18 02:47:48,dine-in,
722,75,3,365289,completed,2024-01-31 20:55:28,2024-01-31 20:55:28,takeaway,
723,75,5,318575,cancelled,2024-10-04 02:15:28,2024-10-04 02:15:28,delivery,
724,75,12,327454,completed,2024-10-17 00:08:19,2024-10-17 00:08:19,delivery,
725,75,7,65983,completed,2025-09-29 01:21:34,2025-09-29 01:21:34,takeaway,
726,75,12,509406,completed,2024-12-11 00:24:24,2024-12-11 00:24:24,delivery,
727,75,4,74088,completed,2025-10-21 13:01:11,2025-10-21 13:01:11,dine-in,
728,75,11,127308,completed,2024-02-25 02:03:53,2024-02-25 02:03:53,takeaway,
729,76,7,237614,completed,2025-07-14 13:05:24,2025-07-14 13:05:24,takeaway,
730,76,5,145455,completed,2025-03-04 08:43:33,2025-03-04 08:43:33,dine-in,
731,76,7,289786,completed,2025-07-13 09:07:25,2025-07-13 09:07:25,dine-in,
732,76,6,167703,completed,2025-10-21 12:57:43,2025-10-21 12:57:43,dine-in,
733,76,2,240642,completed,2025-02-15 14:27:41,2025-02-15 14:27:41,takeaway,
734,76,11,271855,completed,2024-12-06 11:47:15,2024-12-06 11:47:15,dine-in,
735,76,10,421129,completed,2025-11-05 16:35:02,2025-11-05 16:35:02,delivery,
736,76,1,119386,completed,2025-02-22 12:48:26,2025-02-22 12:48:26,delivery,
737,76,4,117000,completed,2025-05-29 09:45:31,2025-05-29 09:45:31,takeaway,
738,76,1,217966,completed,2025-08-03 01:19:53,2025-08-03 01:19:53,dine-in,
739,76,6,129984,completed,2024-02-27 21:28:54,2024-02-27 21:28:54,delivery,
740,77,7,274779,completed,2025-06-02 03:40:47,2025-06-02 03:40:47,delivery,
741,77,14,171608,completed,2024-06-03 05:43:42,2024-06-03 05:43:42,takeaway,
742,77,1,250368,completed,2025-02-18 22:38:45,2025-02-18 22:38:45,takeaway,
743,77,4,585075,completed,2025-06-23 11:25:41,2025-06-23 11:25:41,delivery,
744,77,8,353067,completed,2024-05-05 19:57:49,2024-05-05 19:57:49,dine-in,
745,77,9,164090,pending,2024-11-25 17:47:12,2024-11-25 17:47:12,delivery,
746,77,12,137298,completed,2024-10-07 19:23:41,2024-10-07 19:23:41,delivery,
747,77,3,481322,completed,2025-10-06 05:32:48,2025-10-06 05:32:48,delivery,
748,77,1,355764,completed,2024-07-20 20:39:35,2024-07-20 20:39:35,delivery,
749,77,12,526286,completed,2024-08-29 11:27:18,2024-08-29 11:27:18,takeaway,
750,78,9,136489,completed,2024-06-05 11:36:09,2024-06-05 11:36:09,dine-in,
751,78,4,381309,completed,2024-03-01 03:11:20,2024-03-01 03:11:20,takeaway,
752,78,12,301721,completed,2024-02-26 10:34:47,2024-02-26 10:34:47,delivery,
753,78,3,473709,completed,2024-04-04 23:03:26,2024-04-04 23:03:26,takeaway,
754,78,14,32882,pending,2024-12-19 19:51:39,2024-12-19 19:51:39,dine-in,
755,78,5,362510,completed,2024-08-09 21:39:23,2024-08-09 21:39:23,delivery,
756,79,9,411142,completed,2024-03-14 18:58:17,2024-03-14 18:58:17,dine-in,
757,79,2,63578,completed,2024-12-22 08:03:17,2024-12-22 08:03:17,dine-in,
758,79,12,503256,completed,2025-10-31 21:55:15,2025-10-31 21:55:15,dine-in,
759,79,13,56133,pending,2025-08-23 14:53:16,2025-08-23 14:53:16,dine-in,
760,79,5,27353,completed,2025-07-10 21:26:00,2025-07-10 21:26:00,delivery,
761,79,15,348071,completed,2025-11-08 01:42:47,2025-11-08 01:42:47,delivery,
762,80,5,418274,completed,2024-10-23 22:51:10,2024-10-23 22:51:10,delivery,
763,80,15,256031,pending,2025-10-29 18:02:30,2025-10-29 18:02:30,delivery,
764,80,9,317502,completed,2024-05-14 08:54:46,2024-05-14 08:54:46,takeaway,
765,80,5,431310,completed,2025-02-24 02:13:24,2025-02-24 02:13:24,dine-in,
766,80,15,147357,cancelled,2024-07-13 03:42:32,2024-07-13 03:42:32,delivery,
767,80,6,117427,completed,2024-07-17 22:02:14,2024-07-17 22:02:14,delivery,
768,80,1,135016,completed,2025-07-16 17:12:28,2025-07-16 17:12:28,delivery,
769,81,9,431858,completed,2024-11-14 11:26:57,2024-11-14 11:26:57,dine-in,
770,81,10,126940,completed,2024-05-30 13:25:25,2024-05-30 13:25:25,delivery,
771,81,14,489523,completed,2024-01-23 18:42:30,2024-01-23 18:42:30,takeaway,
772,81,14,260848,completed,2024-07-22 19:16:04,2024-07-22 19:16:04,takeaway,
773,81,13,613536,completed,2025-10-12 18:16:17,2025-10-12 18:16:17,takeaway,
774,81,11,241538,completed,2025-02-14 14:03:03,2025-02-14 14:03:03,takeaway,
775,81,8,352750,completed,2024-05-08 01:25:37,2024-05-08 01:25:37,delivery,
776,81,1,163152,pending,2025-07-14 18:48:26,2025-07-14 18:48:26,takeaway,
777,81,10,471732,pending,2025-08-30 15:35:42,2025-08-30 15:35:42,takeaway,
778,82,12,159007,completed,2024-11-27 17:26:11,2024-11-27 17:26:11,dine-in,
779,82,4,303248,completed,2024-07-18 09:58:21,2024-07-18 09:58:21,takeaway,
780,82,14,375845,completed,2025-11-25 19:56:31,2025-11-25 19:56:31,takeaway,
781,82,4,144992,completed,2024-04-01 08:22:49,2024-04-01 08:22:49,takeaway,
782,82,11,198211,completed,2025-07-24 15:11:34,2025-07-24 15:11:34,dine-in,
783,82,9,437441,completed,2025-04-19 17:08:09,2025-04-19 17:08:09,dine-in,
784,82,15,70944,completed,2025-08-06 01:25:04,2025-08-06 01:25:04,delivery,
785,82,13,387593,completed,2024-06-06 20:18:24,2024-06-06 20:18:24,delivery,
786,82,9,79068,completed,2025-05-28 04:05:58,2025-05-28 04:05:58,takeaway,
787,82,7,250584,cancelled,2024-11-29 05:54:13,2024-11-29 05:54:13,dine-in,
788,82,8,235570,completed,2025-03-15 23:31:09,2025-03-15 23:31:09,dine-in,
789,82,10,363671,completed,2024-10-23 11:46:10,2024-10-23 11:46:10,delivery,
790,82,15,147442,completed,2025-09-01 12:41:18,2025-09-01 12:41:18,takeaway,
791,82,15,315028,completed,2024-06-16 19:46:46,2024-06-16 19:46:46,delivery,
792,82,12,236822,completed,2025-02-18 19:53:09,2025-02-18 19:53:09,delivery,
793,83,8,262128,pending,2024-06-19 00:01:16,2024-06-19 00:01:16,takeaway,
794,83,2,433856,completed,2025-01-13 23:45:20,2025-01-13 23:45:20,delivery,
795,83,8,256999,completed,2025-07-27 01:16:20,2025-07-27 01:16:20,takeaway,
796,83,13,206123,completed,2025-07-17 04:06:05,2025-07-17 04:06:05,dine-in,
797,83,15,214331,completed,2025-01-13 22:42:03,2025-01-13 22:42:03,takeaway,
798,83,10,352987,completed,2025-09-03 17:53:38,2025-09-03 17:53:38,takeaway,
799,83,8,270277,pending,2024-02-05 19:24:33,2024-02-05 19:24:33,delivery,
800,83,3,67292,completed,2025-04-29 01:40:58,2025-04-29 01:40:58,dine-in,
801,83,3,135446,completed,2024-02-04 22:44:37,2024-02-04 22:44:37,dine-in,
802,83,1,200181,completed,2025-11-10 11:58:47,2025-11-10 11:58:47,dine-in,
803,83,8,337233,pending,2025-09-02 18:13:35,2025-09-02 18:13:35,dine-in,
804,83,14,425953,cancelled,2025-07-08 23:49:23,2025-07-08 23:49:23,dine-in,
805,84,14,319684,cancelled,2025-09-07 17:08:15,2025-09-07 17:08:15,delivery,
806,84,5,149403,completed,2025-06-03 10:28:54,2025-06-03 10:28:54,takeaway,
807,84,1,320530,completed,2024-02-25 16:34:13,2024-02-25 16:34:13,dine-in,
808,84,2,295056,pending,2024-02-04 08:02:34,2024-02-04 08:02:34,takeaway,
809,84,6,321824,completed,2024-07-17 03:14:11,2024-07-17 03:14:11,takeaway,
810,84,9,337331,completed,2025-11-09 07:03:40,2025-11-09 07:03:40,delivery,
811,84,9,217230,completed,2025-07-21 07:08:05,2025-07-21 07:08:05,takeaway,
812,84,7,204801,completed,2024-04-06 00:52:49,2024-04-06 00:52:49,takeaway,
813,84,14,108734,completed,2024-07-25 02:19:13,2024-07-25 02:19:13,dine-in,
814,84,10,389011,completed,2024-12-02 02:46:50,2024-12-02 02:46:50,dine-in,
815,84,12,276638,cancelled,2024-06-06 10:22:31,2024-06-06 10:22:31,delivery,
816,84,7,36575,completed,2024-10-22 16:41:57,2024-10-22 16:41:57,delivery,
817,84,15,389978,completed,2024-10-31 10:09:28,2024-10-31 10:09:28,takeaway,
818,84,6,60639,cancelled,2025-02-07 00:29:44,2025-02-07 00:29:44,takeaway,
819,84,13,71354,completed,2025-08-02 02:00:04,2025-08-02 02:00:04,delivery,
820,85,3,353880,completed,2025-09-14 12:17:37,2025-09-14 12:17:37,takeaway,
821,85,6,684438,cancelled,2024-11-18 10:24:11,2024-11-18 10:24:11,takeaway,
822,85,14,217466,completed,2024-05-11 11:47:49,2024-05-11 11:47:49,dine-in,
823,85,2,367331,pending,2024-10-19 14:32:13,2024-10-19 14:32:13,takeaway,
824,85,13,206903,completed,2024-05-22 04:16:38,2024-05-22 04:16:38,delivery,
825,85,1,164787,completed,2024-06-17 19:28:17,2024-06-17 19:28:17,takeaway,
826,85,13,452417,completed,2025-11-09 02:28:32,2025-11-09 02:28:32,takeaway,
827,85,2,561541,completed,2025-06-19 03:26:28,2025-06-19 03:26:28,takeaway,
828,85,8,443209,completed,2024-06-19 08:36:00,2024-06-19 08:36:00,delivery,
829,85,9,461679,completed,2024-02-24 17:51:49,2024-02-24 17:51:49,delivery,
830,85,4,255758,completed,2024-03-26 19:01:01,2024-03-26 19:01:01,delivery,
831,86,7,284879,completed,2025-05-24 20:46:29,2025-05-24 20:46:29,takeaway,
832,86,7,280185,completed,2024-03-02 00:25:00,2024-03-02 00:25:00,dine-in,
833,86,14,350989,cancelled,2025-09-25 23:50:54,2025-09-25 23:50:54,delivery,
834,86,5,220098,completed,2024-05-21 01:10:08,2024-05-21 01:10:08,dine-in,
835,86,12,280008,completed,2024-09-07 02:54:26,2024-09-07 02:54:26,delivery,
836,86,4,442859,completed,2024-05-19 21:57:21,2024-05-19 21:57:21,delivery,
837,87,13,102040,completed,2024-03-28 11:52:33,2024-03-28 11:52:33,delivery,
838,87,13,144737,completed,2024-02-01 19:42:36,2024-02-01 19:42:36,takeaway,
839,87,12,382375,pending,2025-03-11 05:00:14,2025-03-11 05:00:14,delivery,
840,87,13,336474,completed,2025-08-12 03:52:11,2025-08-12 03:52:11,delivery,
841,87,13,61656,completed,2025-01-13 20:42:39,2025-01-13 20:42:39,delivery,
842,87,3,90362,completed,2024-10-25 02:30:57,2024-10-25 02:30:57,delivery,
843,87,10,349734,completed,2025-09-15 22:09:14,2025-09-15 22:09:14,dine-in,
844,87,5,62291,completed,2024-05-22 15:29:56,2024-05-22 15:29:56,delivery,
845,87,1,351228,completed,2025-05-15 07:38:35,2025-05-15 07:38:35,dine-in,
846,87,2,88314,completed,2024-07-31 13:57:44,2024-07-31 13:57:44,delivery,
847,87,2,330009,pending,2025-07-16 23:08:52,2025-07-16 23:08:52,dine-in,
848,87,8,265099,completed,2025-05-06 22:18:52,2025-05-06 22:18:52,delivery,
849,88,3,323998,pending,2024-12-27 02:00:47,2024-12-27 02:00:47,takeaway,
850,88,9,189986,cancelled,2025-03-20 12:51:08,2025-03-20 12:51:08,dine-in,
851,88,3,97701,completed,2024-06-13 23:38:14,2024-06-13 23:38:14,delivery,
852,88,3,457034,completed,2025-04-04 19:28:10,2025-04-04 19:28:10,delivery,
853,88,10,172387,cancelled,2024-02-27 19:48:42,2024-02-27 19:48:42,delivery,
854,88,6,272726,completed,2025-05-06 16:12:04,2025-05-06 16:12:04,delivery,
855,88,14,189328,completed,2024-08-21 18:57:01,2024-08-21 18:57:01,delivery,
856,88,7,266478,cancelled,2025-08-25 05:25:12,2025-08-25 05:25:12,dine-in,
857,88,9,268733,completed,2024-02-25 06:03:46,2024-02-25 06:03:46,takeaway,
858,88,3,269863,completed,2024-12-04 18:23:21,2024-12-04 18:23:21,takeaway,
859,89,3,60754,pending,2025-02-27 11:59:44,2025-02-27 11:59:44,takeaway,
860,89,11,195943,completed,2025-07-19 02:12:44,2025-07-19 02:12:44,dine-in,
861,89,15,121218,completed,2024-09-09 17:52:05,2024-09-09 17:52:05,delivery,
862,89,2,223910,completed,2024-04-05 21:59:29,2024-04-05 21:59:29,takeaway,
863,89,5,311659,completed,2024-09-19 07:26:17,2024-09-19 07:26:17,dine-in,
864,89,5,74787,completed,2024-09-16 15:48:29,2024-09-16 15:48:29,dine-in,
865,89,6,27930,pending,2025-09-05 19:40:47,2025-09-05 19:40:47,takeaway,
866,89,1,408148,completed,2025-04-29 12:00:26,2025-04-29 12:00:26,dine-in,
867,89,4,270280,completed,2024-08-08 23:42:52,2024-08-08 23:42:52,delivery,
868,89,12,68857,completed,2024-08-08 17:13:31,2024-08-08 17:13:31,takeaway,
869,89,6,360960,pending,2025-01-17 22:47:14,2025-01-17 22:47:14,takeaway,
870,89,7,53988,completed,2024-02-28 22:12:01,2024-02-28 22:12:01,takeaway,
871,89,3,294562,completed,2025-02-02 07:22:29,2025-02-02 07:22:29,delivery,
872,90,6,143626,pending,2024-04-11 08:46:12,2024-04-11 08:46:12,dine-in,
873,90,8,227228,completed,2024-11-22 18:52:10,2024-11-22 18:52:10,delivery,
874,90,4,103816,completed,2024-12-25 17:08:22,2024-12-25 17:08:22,delivery,
875,90,8,155837,pending,2024-11-27 19:16:15,2024-11-27 19:16:15,delivery,
876,90,5,318290,completed,2024-05-18 16:57:05,2024-05-18 16:57:05,delivery,
877,90,4,283010,completed,2024-04-19 00:28:40,2024-04-19 00:28:40,delivery,
878,90,8,477660,completed,2024-12-02 05:14:13,2024-12-02 05:14:13,delivery,
879,90,14,314122,pending,2024-08-04 04:05:13,2024-08-04 04:05:13,dine-in,
880,90,6,123568,completed,2024-04-19 09:05:28,2024-04-19 09:05:28,takeaway,
881,90,14,323306,completed,2024-12-21 15:35:08,2024-12-21 15:35:08,delivery,
882,90,13,182066,completed,2024-12-14 00:17:53,2024-12-14 00:17:53,takeaway,
883,90,4,582118,completed,2024-11-19 14:37:02,2024-11-19 14:37:02,dine-in,
884,90,11,485375,completed,2024-10-09 18:19:59,2024-10-09 18:19:59,dine-in,
885,90,8,147096,completed,2025-08-16 00:59:18,2025-08-16 00:59:18,dine-in,
886,90,15,560281,pending,2024-06-22 15:03:55,2024-06-22 15:03:55,dine-in,
887,91,7,372203,pending,2024-06-25 09:05:26,2024-06-25 09:05:26,delivery,
888,91,7,213228,completed,2024-09-12 08:37:28,2024-09-12 08:37:28,delivery,
889,91,7,379060,pending,2025-04-17 08:34:37,2025-04-17 08:34:37,dine-in,
890,91,5,333366,completed,2024-09-22 13:51:58,2024-09-22 13:51:58,takeaway,
891,91,9,237700,completed,2024-07-16 17:13:41,2024-07-16 17:13:41,dine-in,
892,91,10,107546,completed,2025-03-24 07:04:23,2025-03-24 07:04:23,takeaway,
893,91,13,247709,pending,2025-11-25 08:11:03,2025-11-25 08:11:03,dine-in,
894,91,12,568334,completed,2025-03-20 17:55:27,2025-03-20 17:55:27,takeaway,
895,91,5,326102,completed,2024-04-22 04:05:51,2024-04-22 04:05:51,dine-in,
896,92,9,483818,completed,2025-09-04 07:12:42,2025-09-04 07:12:42,dine-in,
897,92,14,342898,completed,2024-03-11 22:01:39,2024-03-11 22:01:39,delivery,
898,92,8,189136,completed,2024-11-09 03:46:03,2024-11-09 03:46:03,dine-in,
899,92,6,540680,completed,2024-04-02 15:35:21,2024-04-02 15:35:21,takeaway,
900,92,11,231986,completed,2024-07-31 01:26:26,2024-07-31 01:26:26,delivery,
901,93,1,212342,completed,2024-09-03 01:27:43,2024-09-03 01:27:43,dine-in,
902,93,2,312214,completed,2024-02-26 04:04:24,2024-02-26 04:04:24,delivery,
903,93,3,554469,completed,2025-10-19 19:59:39,2025-10-19 19:59:39,dine-in,
904,93,4,528854,cancelled,2024-10-21 10:02:03,2024-10-21 10:02:03,delivery,
905,93,13,138516,completed,2024-05-19 03:00:32,2024-05-19 03:00:32,delivery,
906,93,9,296766,completed,2025-04-18 21:02:54,2025-04-18 21:02:54,delivery,
907,93,1,156308,completed,2025-07-28 09:50:23,2025-07-28 09:50:23,dine-in,
908,93,6,53717,completed,2024-12-08 11:04:46,2024-12-08 11:04:46,takeaway,
909,93,7,45861,completed,2024-12-18 13:23:45,2024-12-18 13:23:45,dine-in,
910,93,15,174557,completed,2025-04-16 11:05:09,2025-04-16 11:05:09,delivery,
911,93,7,60736,cancelled,2024-10-01 04:31:04,2024-10-01 04:31:04,takeaway,
912,94,9,284208,completed,2024-01-14 19:33:51,2024-01-14 19:33:51,takeaway,
913,94,11,438742,pending,2024-11-23 10:25:05,2024-11-23 10:25:05,delivery,
914,94,5,175125,completed,2025-11-17 00:40:59,2025-11-17 00:40:59,takeaway,
915,94,13,84616,completed,2024-01-17 19:58:29,2024-01-17 19:58:29,dine-in,
916,94,7,345343,completed,2024-01-23 20:46:03,2024-01-23 20:46:03,dine-in,
917,94,7,279451,completed,2024-02-08 10:50:17,2024-02-08 10:50:17,takeaway,
918,94,11,343542,completed,2025-01-01 08:18:02,2025-01-01 08:18:02,dine-in,
919,94,12,248691,completed,2025-02-15 17:48:38,2025-02-15 17:48:38,takeaway,
920,94,15,185883,completed,2025-06-07 14:54:03,2025-06-07 14:54:03,delivery,
921,94,6,91132,completed,2024-01-22 02:14:04,2024-01-22 02:14:04,takeaway,
922,94,12,492950,completed,2025-07-16 01:44:25,2025-07-16 01:44:25,takeaway,
923,94,2,336798,completed,2024-04-25 20:32:26,2024-04-25 20:32:26,dine-in,
924,95,1,43052,completed,2024-04-03 07:52:10,2024-04-03 07:52:10,takeaway,
925,95,11,309119,completed,2024-10-19 16:45:18,2024-10-19 16:45:18,takeaway,
926,95,6,538606,completed,2025-06-06 12:53:05,2025-06-06 12:53:05,dine-in,
927,95,15,148407,completed,2025-01-05 11:17:10,2025-01-05 11:17:10,delivery,
928,95,4,159618,completed,2025-06-15 19:52:46,2025-06-15 19:52:46,delivery,
929,95,6,161453,pending,2025-05-23 10:44:54,2025-05-23 10:44:54,delivery,
930,95,11,371255,completed,2025-09-29 13:03:29,2025-09-29 13:03:29,dine-in,
931,95,9,296384,completed,2024-01-30 18:18:17,2024-01-30 18:18:17,takeaway,
932,95,15,574702,completed,2024-08-31 02:26:56,2024-08-31 02:26:56,delivery,
933,95,4,108348,completed,2024-05-18 12:24:18,2024-05-18 12:24:18,takeaway,
934,95,3,135480,completed,2024-07-10 20:47:35,2024-07-10 20:47:35,takeaway,
935,95,8,389361,completed,2025-09-16 18:53:10,2025-09-16 18:53:10,delivery,
936,95,15,72696,completed,2024-10-27 12:24:35,2024-10-27 12:24:35,dine-in,
937,95,9,290428,completed,2025-10-02 03:59:53,2025-10-02 03:59:53,dine-in,
938,96,9,153878,completed,2024-08-25 22:03:20,2024-08-25 22:03:20,takeaway,
939,96,9,268796,completed,2024-08-03 04:12:52,2024-08-03 04:12:52,delivery,
940,96,8,409133,completed,2024-09-20 01:13:05,2024-09-20 01:13:05,delivery,
941,96,5,350572,completed,2024-04-04 13:01:32,2024-04-04 13:01:32,delivery,
942,96,3,195042,cancelled,2024-10-16 15:38:25,2024-10-16 15:38:25,dine-in,
943,96,5,76938,completed,2025-07-12 20:02:44,2025-07-12 20:02:44,delivery,
944,96,8,55143,pending,2025-11-12 04:49:46,2025-11-12 04:49:46,delivery,
945,96,2,137592,completed,2024-07-26 16:03:09,2024-07-26 16:03:09,delivery,
946,97,12,365814,completed,2024-01-20 05:12:39,2024-01-20 05:12:39,delivery,
947,97,1,299757,completed,2024-08-22 21:06:14,2024-08-22 21:06:14,dine-in,
948,97,12,128388,completed,2024-12-26 07:19:16,2024-12-26 07:19:16,delivery,
949,97,10,141584,completed,2025-04-22 20:26:32,2025-04-22 20:26:32,takeaway,
950,97,1,100452,completed,2024-01-08 00:04:36,2024-01-08 00:04:36,delivery,
951,97,11,297419,completed,2024-03-18 21:12:35,2024-03-18 21:12:35,dine-in,
952,98,2,172682,completed,2025-09-25 02:43:40,2025-09-25 02:43:40,takeaway,
953,98,6,224614,completed,2025-09-01 14:36:53,2025-09-01 14:36:53,delivery,
954,98,2,195720,completed,2024-11-24 21:35:18,2024-11-24 21:35:18,dine-in,
955,98,8,317597,completed,2024-08-18 20:47:44,2024-08-18 20:47:44,dine-in,
956,98,14,230820,completed,2024-10-09 23:59:29,2024-10-09 23:59:29,dine-in,
957,98,9,298390,completed,2024-08-28 15:04:28,2024-08-28 15:04:28,delivery,
958,98,1,189612,completed,2025-06-28 10:27:35,2025-06-28 10:27:35,delivery,
959,98,11,149588,completed,2024-04-15 09:44:53,2024-04-15 09:44:53,takeaway,
960,98,7,113893,completed,2024-11-25 09:44:54,2024-11-25 09:44:54,dine-in,
961,98,8,69934,completed,2024-12-20 00:35:49,2024-12-20 00:35:49,delivery,
962,98,4,440672,completed,2024-09-28 12:41:14,2024-09-28 12:41:14,delivery,
963,99,9,413142,cancelled,2024-04-10 00:00:32,2024-04-10 00:00:32,delivery,
964,99,15,271252,completed,2025-10-14 05:07:52,2025-10-14 05:07:52,dine-in,
965,99,5,195771,completed,2024-01-30 14:38:22,2024-01-30 14:38:22,takeaway,
966,99,8,232532,completed,2024-12-19 09:46:58,2024-12-19 09:46:58,dine-in,
967,99,13,295404,completed,2024-04-18 09:46:30,2024-04-18 09:46:30,takeaway,
968,99,4,79038,completed,2024-09-08 05:24:54,2024-09-08 05:24:54,dine-in,
969,99,2,459822,completed,2025-09-08 14:47:22,2025-09-08 14:47:22,takeaway,
970,99,11,422545,completed,2025-10-07 23:08:46,2025-10-07 23:08:46,dine-in,
971,99,9,203409,completed,2024-04-21 17:01:20,2024-04-21 17:01:20,takeaway,
972,99,1,161771,completed,2025-11-14 09:01:46,2025-11-14 09:01:46,dine-in,
973,99,13,425801,completed,2024-05-11 04:34:01,2024-05-11 04:34:01,delivery,
974,99,10,502877,completed,2025-11-22 15:06:31,2025-11-22 15:06:31,dine-in,
975,99,1,378318,cancelled,2025-04-06 02:34:51,2025-04-06 02:34:51,takeaway,
976,99,9,324673,completed,2025-05-08 23:37:11,2025-05-08 23:37:11,delivery,
977,99,2,249864,completed,2025-01-20 19:27:04,2025-01-20 19:27:04,takeaway,
978,100,11,370230,pending,2025-10-16 07:31:04,2025-10-16 07:31:04,delivery,
979,100,3,105412,completed,2025-06-10 23:53:55,2025-06-10 23:53:55,delivery,
980,100,6,315468,completed,2024-11-10 16:31:12,2024-11-10 16:31:12,dine-in,
981,100,10,382174,completed,2024-09-05 23:55:20,2024-09-05 23:55:20,dine-in,
982,100,3,236668,completed,2025-09-19 06:19:43,2025-09-19 06:19:43,delivery,
983,101,13,197322,completed,2025-06-01 18:59:47,2025-06-01 18:59:47,delivery,
984,101,14,257833,completed,2025-11-24 13:40:59,2025-11-24 13:40:59,takeaway,
985,101,11,387245,pending,2025-01-11 07:05:31,2025-01-11 07:05:31,dine-in,
986,101,4,177143,pending,2025-01-13 12:37:19,2025-01-13 12:37:19,delivery,
987,101,15,50494,completed,2024-05-30 09:13:04,2024-05-30 09:13:04,takeaway,
988,101,8,165423,completed,2025-02-14 02:36:14,2025-02-14 02:36:14,dine-in,
989,101,4,391833,pending,2024-01-18 07:24:16,2024-01-18 07:24:16,takeaway,
990,101,7,186476,completed,2025-06-18 16:57:21,2025-06-18 16:57:21,delivery,
991,102,9,70167,completed,2025-11-01 05:24:50,2025-11-01 05:24:50,takeaway,
992,102,14,201084,completed,2024-02-18 06:12:58,2024-02-18 06:12:58,takeaway,
993,102,7,174864,completed,2024-05-15 17:08:43,2024-05-15 17:08:43,takeaway,
994,102,15,311739,completed,2025-02-05 06:55:55,2025-02-05 06:55:55,delivery,
995,102,12,270784,completed,2025-11-12 05:50:55,2025-11-12 05:50:55,takeaway,
996,102,13,272692,completed,2025-01-15 12:58:42,2025-01-15 12:58:42,dine-in,
997,102,3,515861,completed,2025-11-02 05:56:21,2025-11-02 05:56:21,dine-in,
998,102,8,302600,completed,2025-01-30 09:58:13,2025-01-30 09:58:13,dine-in,
999,102,12,309899,pending,2025-06-06 02:30:18,2025-06-06 02:30:18,delivery,
1000,102,14,48011,completed,2024-03-24 06:23:31,2024-03-24 06:23:31,delivery,
1001,103,12,99540,completed,2025-11-20 23:29:38,2025-11-20 23:29:38,delivery,
1002,103,1,543053,completed,2025-03-24 08:43:38,2025-03-24 08:43:38,dine-in,
1003,103,1,235757,completed,2025-04-02 21:06:33,2025-04-02 21:06:33,dine-in,
1004,103,8,57737,completed,2024-03-09 05:34:31,2024-03-09 05:34:31,takeaway,
1005,103,12,275534,pending,2025-08-06 10:42:45,2025-08-06 10:42:45,takeaway,
1006,103,1,230937,completed,2024-12-24 02:15:42,2024-12-24 02:15:42,delivery,
1007,103,2,297571,completed,2025-11-15 04:14:35,2025-11-15 04:14:35,delivery,
1008,103,3,62556,completed,2025-04-07 17:29:13,2025-04-07 17:29:13,delivery,
1009,103,13,122798,pending,2025-08-04 11:36:42,2025-08-04 11:36:42,delivery,
1010,104,8,269865,completed,2024-06-23 06:21:48,2024-06-23 06:21:48,delivery,
1011,104,1,141342,pending,2024-10-22 07:53:47,2024-10-22 07:53:47,takeaway,
1012,104,8,35379,completed,2024-06-10 10:15:40,2024-06-10 10:15:40,dine-in,
1013,104,11,245700,completed,2025-01-07 07:22:39,2025-01-07 07:22:39,delivery,
1014,104,10,133700,pending,2025-03-14 05:30:52,2025-03-14 05:30:52,dine-in,
1015,104,8,171710,completed,2024-03-25 19:25:21,2024-03-25 19:25:21,delivery,
1016,104,8,36926,pending,2024-11-28 08:50:13,2024-11-28 08:50:13,takeaway,
1017,104,2,252949,completed,2024-06-08 07:43:44,2024-06-08 07:43:44,takeaway,
1018,104,5,192561,completed,2025-08-13 12:55:50,2025-08-13 12:55:50,delivery,
1019,104,9,41342,cancelled,2025-04-25 17:57:33,2025-04-25 17:57:33,delivery,
1020,104,4,61346,completed,2024-10-09 18:32:44,2024-10-09 18:32:44,dine-in,
1021,104,4,349162,completed,2025-09-05 03:16:44,2025-09-05 03:16:44,dine-in,
1022,105,11,421206,completed,2025-11-24 20:04:51,2025-11-24 20:04:51,dine-in,
1023,105,7,219071,pending,2025-04-30 21:14:36,2025-04-30 21:14:36,dine-in,
1024,105,7,238525,completed,2025-02-19 15:25:46,2025-02-19 15:25:46,delivery,
1025,105,7,362060,cancelled,2024-08-06 11:14:40,2024-08-06 11:14:40,takeaway,
1026,105,5,445875,completed,2025-07-11 06:20:13,2025-07-11 06:20:13,dine-in,
1027,105,12,189838,completed,2025-10-22 18:39:24,2025-10-22 18:39:24,dine-in,
1028,105,4,135302,completed,2025-07-28 09:58:04,2025-07-28 09:58:04,takeaway,
1029,105,3,91098,completed,2025-01-20 05:01:22,2025-01-20 05:01:22,dine-in,
1030,105,3,215690,completed,2024-12-28 03:52:26,2024-12-28 03:52:26,delivery,
1031,105,4,173942,completed,2024-04-17 14:16:39,2024-04-17 14:16:39,takeaway,
1032,105,6,61210,completed,2024-11-01 20:25:00,2024-11-01 20:25:00,delivery,
1033,105,8,194700,completed,2025-07-26 01:01:34,2025-07-26 01:01:34,delivery,
1034,105,10,340169,completed,2025-06-25 03:48:49,2025-06-25 03:48:49,delivery,
1035,105,6,188814,completed,2024-08-29 08:32:46,2024-08-29 08:32:46,delivery,
1036,106,14,281625,completed,2025-09-14 18:57:20,2025-09-14 18:57:20,takeaway,
1037,106,15,220568,completed,2025-07-09 23:28:26,2025-07-09 23:28:26,dine-in,
1038,106,8,155562,completed,2024-02-12 16:56:20,2024-02-12 16:56:20,dine-in,
1039,106,15,251062,completed,2024-07-29 01:40:33,2024-07-29 01:40:33,takeaway,
1040,106,11,99004,completed,2025-05-29 19:45:22,2025-05-29 19:45:22,delivery,
1041,106,1,246952,cancelled,2025-03-03 06:57:42,2025-03-03 06:57:42,takeaway,
1042,107,6,39284,completed,2024-09-29 17:31:33,2024-09-29 17:31:33,dine-in,
1043,107,9,166047,completed,2024-03-29 04:10:39,2024-03-29 04:10:39,dine-in,
1044,107,8,146745,cancelled,2024-01-14 14:41:21,2024-01-14 14:41:21,takeaway,
1045,107,15,379042,completed,2025-07-23 17:26:42,2025-07-23 17:26:42,delivery,
1046,107,15,143267,completed,2024-02-14 02:46:43,2024-02-14 02:46:43,delivery,
1047,107,14,395976,pending,2025-11-30 01:26:07,2025-11-30 01:26:07,takeaway,
1048,107,5,28608,completed,2024-10-12 12:25:39,2024-10-12 12:25:39,delivery,
1049,107,7,371458,completed,2025-03-30 02:44:48,2025-03-30 02:44:48,delivery,
1050,107,2,87180,completed,2025-03-01 16:02:37,2025-03-01 16:02:37,dine-in,
1051,108,13,439440,pending,2025-07-16 02:44:45,2025-07-16 02:44:45,delivery,
1052,108,9,71129,completed,2024-12-28 07:54:46,2024-12-28 07:54:46,takeaway,
1053,108,10,298788,completed,2025-05-19 23:56:59,2025-05-19 23:56:59,takeaway,
1054,108,5,500192,completed,2025-05-29 14:04:45,2025-05-29 14:04:45,delivery,
1055,108,5,245811,completed,2025-06-05 23:34:01,2025-06-05 23:34:01,takeaway,
1056,108,3,159196,completed,2024-10-27 09:50:05,2024-10-27 09:50:05,delivery,
1057,108,9,225807,completed,2024-04-20 14:59:15,2024-04-20 14:59:15,delivery,
1058,108,6,286784,completed,2025-10-25 22:34:21,2025-10-25 22:34:21,delivery,
1059,108,14,208635,completed,2025-07-22 01:22:10,2025-07-22 01:22:10,takeaway,
1060,108,1,318679,completed,2024-11-18 19:26:47,2024-11-18 19:26:47,takeaway,
1061,108,13,216240,pending,2024-09-20 15:11:59,2024-09-20 15:11:59,delivery,
1062,108,9,137241,completed,2025-10-26 07:49:05,2025-10-26 07:49:05,delivery,
1063,108,11,396198,completed,2024-12-09 15:21:25,2024-12-09 15:21:25,takeaway,
1064,109,6,116814,completed,2024-09-08 03:17:46,2024-09-08 03:17:46,dine-in,
1065,109,15,146133,completed,2024-09-07 07:30:43,2024-09-07 07:30:43,delivery,
1066,109,7,187693,pending,2025-09-30 13:56:22,2025-09-30 13:56:22,dine-in,
1067,109,6,328878,completed,2024-09-09 11:21:44,2024-09-09 11:21:44,delivery,
1068,109,10,352965,completed,2025-01-18 02:54:40,2025-01-18 02:54:40,delivery,
1069,109,4,373500,completed,2025-07-11 16:04:54,2025-07-11 16:04:54,delivery,
1070,109,5,115263,completed,2025-01-02 20:48:06,2025-01-02 20:48:06,takeaway,
1071,109,5,58414,completed,2024-01-29 14:06:52,2024-01-29 14:06:52,takeaway,
1072,109,9,595918,completed,2025-05-05 04:57:32,2025-05-05 04:57:32,takeaway,
1073,109,13,101278,completed,2024-06-11 18:33:34,2024-06-11 18:33:34,delivery,
1074,110,13,457976,cancelled,2025-01-30 21:19:30,2025-01-30 21:19:30,delivery,
1075,110,15,424759,completed,2025-06-30 20:49:45,2025-06-30 20:49:45,delivery,
1076,110,9,267836,pending,2024-10-08 12:12:24,2024-10-08 12:12:24,takeaway,
1077,110,9,263255,completed,2025-08-28 21:18:46,2025-08-28 21:18:46,delivery,
1078,110,13,295616,completed,2025-11-10 01:07:50,2025-11-10 01:07:50,takeaway,
1079,110,14,341161,completed,2025-09-21 00:22:36,2025-09-21 00:22:36,takeaway,
1080,110,3,265254,completed,2025-10-27 05:19:38,2025-10-27 05:19:38,takeaway,
1081,110,1,70839,completed,2024-05-24 15:36:29,2024-05-24 15:36:29,delivery,
1082,110,10,195870,pending,2025-10-05 16:27:14,2025-10-05 16:27:14,takeaway,
1083,111,1,205772,pending,2024-06-05 06:30:18,2024-06-05 06:30:18,delivery,
1084,111,15,111564,completed,2024-04-19 04:55:21,2024-04-19 04:55:21,dine-in,
1085,111,4,430531,completed,2024-07-09 11:36:49,2024-07-09 11:36:49,delivery,
1086,111,5,554563,completed,2025-07-21 16:01:17,2025-07-21 16:01:17,dine-in,
1087,111,9,284862,completed,2024-04-09 16:51:56,2024-04-09 16:51:56,delivery,
1088,111,1,169437,completed,2024-04-01 11:20:21,2024-04-01 11:20:21,delivery,
1089,111,4,272076,completed,2024-09-01 20:54:35,2024-09-01 20:54:35,takeaway,
1090,111,14,317472,completed,2024-12-31 14:00:47,2024-12-31 14:00:47,dine-in,
1091,111,8,668215,completed,2024-04-23 00:36:39,2024-04-23 00:36:39,takeaway,
1092,111,9,147966,completed,2024-05-10 06:08:40,2024-05-10 06:08:40,delivery,
1093,111,8,209885,completed,2025-01-20 13:02:06,2025-01-20 13:02:06,dine-in,
1094,111,13,158039,completed,2024-10-28 14:37:21,2024-10-28 14:37:21,delivery,
1095,111,13,520997,completed,2024-08-02 03:22:20,2024-08-02 03:22:20,dine-in,
1096,112,6,475410,completed,2025-04-24 01:12:25,2025-04-24 01:12:25,takeaway,
1097,112,15,280242,completed,2024-04-14 22:57:14,2024-04-14 22:57:14,dine-in,
1098,112,1,492942,completed,2025-01-31 10:22:44,2025-01-31 10:22:44,delivery,
1099,112,12,439389,completed,2025-05-27 05:20:41,2025-05-27 05:20:41,dine-in,
1100,112,10,71605,completed,2025-09-21 17:03:22,2025-09-21 17:03:22,takeaway,
1101,112,4,191307,completed,2024-09-05 21:54:16,2024-09-05 21:54:16,dine-in,
1102,112,10,183920,completed,2025-04-06 10:37:51,2025-04-06 10:37:51,dine-in,
1103,112,5,83850,completed,2024-06-11 08:48:59,2024-06-11 08:48:59,delivery,
1104,112,13,55532,cancelled,2024-09-08 10:37:42,2024-09-08 10:37:42,dine-in,
1105,112,10,156584,completed,2024-05-01 22:44:16,2024-05-01 22:44:16,dine-in,
1106,112,8,472905,completed,2025-06-19 09:49:48,2025-06-19 09:49:48,takeaway,
1107,113,13,131421,completed,2024-07-05 01:07:34,2024-07-05 01:07:34,dine-in,
1108,113,4,267510,completed,2025-03-01 08:49:19,2025-03-01 08:49:19,takeaway,
1109,113,12,47570,cancelled,2025-05-02 07:44:26,2025-05-02 07:44:26,delivery,
1110,113,2,310826,cancelled,2024-08-28 09:47:02,2024-08-28 09:47:02,dine-in,
1111,113,3,105201,completed,2025-05-04 20:17:28,2025-05-04 20:17:28,delivery,
1112,113,14,221161,completed,2025-03-28 23:06:11,2025-03-28 23:06:11,takeaway,
1113,113,7,411584,cancelled,2025-01-24 03:42:29,2025-01-24 03:42:29,dine-in,
1114,113,4,269331,completed,2025-02-07 07:34:43,2025-02-07 07:34:43,delivery,
1115,113,13,312004,cancelled,2024-10-19 03:20:15,2024-10-19 03:20:15,takeaway,
1116,113,9,50757,completed,2024-11-30 07:31:19,2024-11-30 07:31:19,dine-in,
1117,113,9,308048,completed,2025-04-13 23:40:35,2025-04-13 23:40:35,takeaway,
1118,113,1,393218,pending,2025-10-10 05:08:47,2025-10-10 05:08:47,delivery,
1119,113,13,122460,completed,2024-01-22 06:14:10,2024-01-22 06:14:10,dine-in,
1120,113,3,314594,cancelled,2024-07-23 06:35:27,2024-07-23 06:35:27,delivery,
1121,113,4,189092,completed,2024-10-05 05:52:46,2024-10-05 05:52:46,dine-in,
1122,114,10,369386,pending,2024-05-05 12:23:35,2024-05-05 12:23:35,dine-in,
1123,114,5,67814,completed,2024-06-08 06:33:29,2024-06-08 06:33:29,delivery,
1124,114,14,376877,completed,2025-03-18 04:23:06,2025-03-18 04:23:06,takeaway,
1125,114,4,61528,completed,2025-11-28 05:34:41,2025-11-28 05:34:41,delivery,
1126,114,12,392563,completed,2025-01-08 08:01:47,2025-01-08 08:01:47,takeaway,
1127,114,7,306315,pending,2025-09-24 05:56:47,2025-09-24 05:56:47,delivery,
1128,114,10,111599,completed,2024-11-18 09:55:03,2024-11-18 09:55:03,delivery,
1129,114,5,133364,completed,2025-02-17 19:47:28,2025-02-17 19:47:28,delivery,
1130,114,6,105990,completed,2024-04-13 12:15:03,2024-04-13 12:15:03,dine-in,
1131,115,5,193228,completed,2024-01-25 10:07:20,2024-01-25 10:07:20,delivery,
1132,115,2,277490,completed,2025-07-30 11:57:17,2025-07-30 11:57:17,dine-in,
1133,115,4,268723,completed,2025-03-17 21:08:52,2025-03-17 21:08:52,takeaway,
1134,115,12,188655,completed,2025-04-12 18:01:58,2025-04-12 18:01:58,takeaway,
1135,115,3,98292,completed,2024-05-27 23:30:38,2024-05-27 23:30:38,dine-in,
1136,116,12,88510,completed,2025-08-06 02:49:43,2025-08-06 02:49:43,takeaway,
1137,116,1,415067,completed,2025-03-22 12:13:58,2025-03-22 12:13:58,dine-in,
1138,116,10,98622,completed,2024-09-02 05:54:38,2024-09-02 05:54:38,takeaway,
1139,116,15,327169,completed,2024-02-23 06:47:20,2024-02-23 06:47:20,dine-in,
1140,116,5,63024,completed,2025-07-23 19:36:04,2025-07-23 19:36:04,dine-in,
1141,116,12,253568,completed,2025-03-20 03:51:22,2025-03-20 03:51:22,takeaway,
1142,116,2,309146,completed,2024-04-20 20:38:19,2024-04-20 20:38:19,delivery,
1143,116,12,89526,completed,2024-12-12 20:18:17,2024-12-12 20:18:17,delivery,
1144,116,2,45726,completed,2025-05-06 16:27:24,2025-05-06 16:27:24,takeaway,
1145,116,8,416244,pending,2024-03-13 07:12:20,2024-03-13 07:12:20,takeaway,
1146,116,4,70338,completed,2025-08-07 23:36:35,2025-08-07 23:36:35,takeaway,
1147,116,13,372865,completed,2024-08-27 16:10:26,2024-08-27 16:10:26,takeaway,
1148,116,7,326749,completed,2025-04-04 23:40:49,2025-04-04 23:40:49,delivery,
1149,116,10,198322,completed,2025-09-13 23:52:44,2025-09-13 23:52:44,delivery,
1150,117,9,331024,completed,2024-07-09 17:46:25,2024-07-09 17:46:25,dine-in,
1151,117,12,302058,completed,2024-09-29 11:48:47,2024-09-29 11:48:47,takeaway,
1152,117,4,25871,completed,2025-10-21 13:52:01,2025-10-21 13:52:01,dine-in,
1153,117,8,414368,completed,2025-11-28 06:32:07,2025-11-28 06:32:07,delivery,
1154,117,13,156231,completed,2025-07-24 17:54:24,2025-07-24 17:54:24,dine-in,
1155,117,15,436174,completed,2024-07-29 13:06:36,2024-07-29 13:06:36,delivery,
1156,117,4,271712,completed,2024-02-14 18:06:07,2024-02-14 18:06:07,delivery,
1157,118,12,133096,completed,2024-04-04 07:31:47,2024-04-04 07:31:47,dine-in,
1158,118,15,370435,completed,2024-05-12 17:22:03,2024-05-12 17:22:03,dine-in,
1159,118,9,480956,completed,2024-10-01 20:24:06,2024-10-01 20:24:06,takeaway,
1160,118,14,174711,completed,2024-09-08 12:31:20,2024-09-08 12:31:20,takeaway,
1161,118,10,125951,completed,2025-05-31 20:21:23,2025-05-31 20:21:23,delivery,
1162,118,15,246036,pending,2024-02-12 19:55:31,2024-02-12 19:55:31,dine-in,
1163,118,5,396205,completed,2024-10-15 07:34:09,2024-10-15 07:34:09,takeaway,
1164,118,9,236741,cancelled,2025-10-14 00:57:32,2025-10-14 00:57:32,takeaway,
1165,118,15,106365,cancelled,2024-02-17 08:29:46,2024-02-17 08:29:46,takeaway,
1166,118,3,183634,completed,2024-11-06 08:58:40,2024-11-06 08:58:40,delivery,
1167,118,2,90406,pending,2025-07-12 12:50:39,2025-07-12 12:50:39,dine-in,
1168,118,2,345974,completed,2024-12-09 22:10:14,2024-12-09 22:10:14,dine-in,
1169,118,12,247260,completed,2024-07-22 14:51:35,2024-07-22 14:51:35,takeaway,
1170,119,6,226521,completed,2025-07-23 04:43:38,2025-07-23 04:43:38,delivery,
1171,119,2,208722,completed,2025-04-13 07:19:50,2025-04-13 07:19:50,dine-in,
1172,119,4,242815,completed,2025-08-23 08:35:34,2025-08-23 08:35:34,delivery,
1173,119,9,327934,completed,2025-11-08 03:15:01,2025-11-08 03:15:01,takeaway,
1174,119,13,260618,completed,2025-04-26 08:52:47,2025-04-26 08:52:47,dine-in,
1175,119,2,645803,completed,2024-08-06 12:12:20,2024-08-06 12:12:20,dine-in,
1176,120,11,595536,completed,2024-03-03 20:31:25,2024-03-03 20:31:25,dine-in,
1177,120,12,370134,completed,2024-03-05 08:58:12,2024-03-05 08:58:12,dine-in,
1178,120,8,363690,pending,2024-01-13 09:29:21,2024-01-13 09:29:21,takeaway,
1179,120,15,80918,completed,2025-08-02 06:36:17,2025-08-02 06:36:17,delivery,
1180,120,12,262175,completed,2024-11-21 19:36:22,2024-11-21 19:36:22,delivery,
1181,120,8,226222,completed,2024-05-31 02:32:14,2024-05-31 02:32:14,dine-in,
1182,120,6,193473,completed,2025-06-08 09:50:21,2025-06-08 09:50:21,takeaway,
1183,120,5,400980,completed,2024-12-10 10:02:51,2024-12-10 10:02:51,dine-in,
1184,120,4,135876,completed,2024-10-18 22:04:52,2024-10-18 22:04:52,delivery,
1185,120,4,239119,pending,2024-05-22 09:25:34,2024-05-22 09:25:34,takeaway,
1186,121,14,38811,completed,2024-04-10 14:08:41,2024-04-10 14:08:41,delivery,
1187,121,4,119520,completed,2025-05-02 07:54:16,2025-05-02 07:54:16,takeaway,
1188,121,12,394662,completed,2025-01-05 18:37:45,2025-01-05 18:37:45,takeaway,
1189,121,11,419657,pending,2024-06-25 14:46:43,2024-06-25 14:46:43,dine-in,
1190,121,11,208758,completed,2024-01-23 06:29:58,2024-01-23 06:29:58,dine-in,
1191,121,12,386760,completed,2024-03-11 15:32:20,2024-03-11 15:32:20,dine-in,
1192,121,3,53484,completed,2025-10-20 22:51:58,2025-10-20 22:51:58,takeaway,
1193,121,8,174941,pending,2025-09-12 15:54:12,2025-09-12 15:54:12,delivery,
1194,121,10,209902,completed,2025-03-17 05:16:40,2025-03-17 05:16:40,takeaway,
1195,121,9,178474,cancelled,2024-02-13 21:41:42,2024-02-13 21:41:42,delivery,
1196,121,11,265008,completed,2024-06-14 14:37:31,2024-06-14 14:37:31,delivery,
1197,121,2,334072,completed,2025-03-09 12:22:53,2025-03-09 12:22:53,delivery,
1198,121,5,334146,completed,2025-10-08 17:12:59,2025-10-08 17:12:59,dine-in,
1199,122,3,236698,completed,2025-06-11 12:06:18,2025-06-11 12:06:18,takeaway,
1200,122,4,479607,completed,2024-03-11 08:31:51,2024-03-11 08:31:51,dine-in,
1201,122,1,424113,completed,2024-12-18 18:32:05,2024-12-18 18:32:05,dine-in,
1202,122,10,63052,completed,2025-09-20 13:13:34,2025-09-20 13:13:34,dine-in,
1203,122,4,242200,completed,2025-02-25 23:16:10,2025-02-25 23:16:10,dine-in,
1204,122,6,263451,completed,2025-08-15 09:48:36,2025-08-15 09:48:36,delivery,
1205,122,15,189874,completed,2025-01-20 04:35:07,2025-01-20 04:35:07,takeaway,
1206,122,14,215075,cancelled,2024-09-17 07:12:57,2024-09-17 07:12:57,delivery,
1207,123,13,384911,pending,2024-03-26 02:43:02,2024-03-26 02:43:02,delivery,
1208,123,9,171171,completed,2025-09-05 04:12:10,2025-09-05 04:12:10,takeaway,
1209,123,9,247816,completed,2024-03-16 05:08:33,2024-03-16 05:08:33,delivery,
1210,123,11,260101,completed,2024-06-01 15:07:49,2024-06-01 15:07:49,takeaway,
1211,123,13,25901,pending,2025-04-30 15:32:44,2025-04-30 15:32:44,delivery,
1212,123,6,684844,completed,2024-02-18 05:29:35,2024-02-18 05:29:35,delivery,
1213,123,10,200588,completed,2024-08-02 17:27:27,2024-08-02 17:27:27,dine-in,
1214,123,1,667879,pending,2024-08-11 03:40:40,2024-08-11 03:40:40,dine-in,
1215,123,12,445446,completed,2024-08-24 02:08:55,2024-08-24 02:08:55,dine-in,
1216,123,11,464281,completed,2024-10-29 13:30:22,2024-10-29 13:30:22,delivery,
1217,123,11,133446,completed,2024-08-14 11:13:06,2024-08-14 11:13:06,dine-in,
1218,123,6,377290,completed,2025-05-29 17:09:04,2025-05-29 17:09:04,dine-in,
1219,123,7,274357,completed,2024-09-20 19:07:23,2024-09-20 19:07:23,dine-in,
1220,123,13,141600,completed,2024-03-16 23:31:47,2024-03-16 23:31:47,dine-in,
1221,124,1,330498,pending,2024-06-18 13:39:48,2024-06-18 13:39:48,takeaway,
1222,124,4,241109,completed,2024-12-01 00:41:09,2024-12-01 00:41:09,dine-in,
1223,124,5,191206,completed,2025-05-16 22:57:23,2025-05-16 22:57:23,delivery,
1224,124,14,204619,pending,2025-01-31 12:01:02,2025-01-31 12:01:02,delivery,
1225,124,15,264397,completed,2025-06-20 21:52:55,2025-06-20 21:52:55,delivery,
1226,124,3,52624,pending,2025-04-30 19:26:45,2025-04-30 19:26:45,dine-in,
1227,124,15,264465,completed,2024-11-23 11:09:15,2024-11-23 11:09:15,delivery,
1228,124,13,252202,completed,2024-10-21 09:36:15,2024-10-21 09:36:15,dine-in,
1229,124,3,163324,completed,2025-11-04 15:30:09,2025-11-04 15:30:09,delivery,
1230,124,12,154281,completed,2024-01-13 19:57:16,2024-01-13 19:57:16,takeaway,
1231,125,4,130274,pending,2025-03-02 20:32:39,2025-03-02 20:32:39,delivery,
1232,125,3,288947,completed,2024-01-21 09:36:58,2024-01-21 09:36:58,takeaway,
1233,125,13,54476,cancelled,2025-03-16 13:45:28,2025-03-16 13:45:28,dine-in,
1234,125,11,285670,completed,2024-12-18 17:27:39,2024-12-18 17:27:39,delivery,
1235,125,8,66600,completed,2024-03-25 05:18:04,2024-03-25 05:18:04,takeaway,
1236,125,2,70976,completed,2024-06-15 11:02:16,2024-06-15 11:02:16,delivery,
1237,125,6,409240,pending,2025-07-25 05:57:15,2025-07-25 05:57:15,takeaway,
1238,125,13,295018,completed,2025-08-01 04:04:46,2025-08-01 04:04:46,takeaway,
1239,125,10,82066,pending,2024-07-17 19:40:31,2024-07-17 19:40:31,dine-in,
1240,125,15,264270,completed,2025-11-29 00:58:55,2025-11-29 00:58:55,takeaway,
1241,125,2,207018,completed,2024-07-02 04:53:31,2024-07-02 04:53:31,takeaway,
1242,125,2,225785,pending,2024-08-15 19:34:13,2024-08-15 19:34:13,delivery,
1243,125,1,190050,completed,2025-06-12 08:01:48,2025-06-12 08:01:48,dine-in,
1244,125,13,53012,completed,2025-08-23 15:48:00,2025-08-23 15:48:00,delivery,
1245,125,10,442105,completed,2025-05-11 11:58:08,2025-05-11 11:58:08,delivery,
1246,126,5,465430,completed,2025-08-01 07:49:34,2025-08-01 07:49:34,dine-in,
1247,126,12,64417,completed,2025-04-20 01:14:28,2025-04-20 01:14:28,delivery,
1248,126,7,364808,pending,2025-03-27 01:52:26,2025-03-27 01:52:26,takeaway,
1249,126,10,341265,completed,2025-10-31 16:16:16,2025-10-31 16:16:16,dine-in,
1250,126,5,224970,completed,2025-10-02 03:50:01,2025-10-02 03:50:01,dine-in,
1251,126,4,229590,completed,2024-09-27 22:16:17,2024-09-27 22:16:17,takeaway,
1252,126,10,276906,completed,2025-08-27 04:14:12,2025-08-27 04:14:12,takeaway,
1253,126,5,219618,completed,2024-08-16 22:43:25,2024-08-16 22:43:25,dine-in,
1254,126,2,39378,completed,2025-04-17 09:57:24,2025-04-17 09:57:24,dine-in,
1255,126,5,330741,completed,2024-03-20 18:44:00,2024-03-20 18:44:00,takeaway,
1256,127,13,114579,cancelled,2024-04-01 11:52:09,2024-04-01 11:52:09,dine-in,
1257,127,6,413476,completed,2024-04-11 05:03:15,2024-04-11 05:03:15,takeaway,
1258,127,1,277612,completed,2024-04-08 17:07:12,2024-04-08 17:07:12,dine-in,
1259,127,7,198171,completed,2024-04-01 04:13:51,2024-04-01 04:13:51,takeaway,
1260,127,1,159463,completed,2024-02-28 00:38:09,2024-02-28 00:38:09,delivery,
1261,127,13,349221,completed,2024-02-14 03:07:33,2024-02-14 03:07:33,takeaway,
1262,127,6,146253,completed,2025-04-26 15:17:38,2025-04-26 15:17:38,delivery,
1263,127,11,142346,completed,2024-05-07 00:57:11,2024-05-07 00:57:11,takeaway,
1264,127,12,74382,completed,2025-10-31 20:10:12,2025-10-31 20:10:12,takeaway,
1265,128,8,434635,completed,2024-03-19 23:49:35,2024-03-19 23:49:35,takeaway,
1266,128,15,225465,cancelled,2025-09-13 04:04:45,2025-09-13 04:04:45,delivery,
1267,128,1,388339,completed,2025-11-14 08:06:14,2025-11-14 08:06:14,delivery,
1268,128,2,243579,completed,2025-01-02 21:42:37,2025-01-02 21:42:37,delivery,
1269,128,10,63320,completed,2025-08-03 06:52:23,2025-08-03 06:52:23,delivery,
1270,128,9,316473,completed,2025-11-14 19:09:26,2025-11-14 19:09:26,dine-in,
1271,128,1,184015,completed,2024-11-26 10:53:55,2024-11-26 10:53:55,takeaway,
1272,128,15,148823,completed,2025-10-23 15:43:40,2025-10-23 15:43:40,delivery,
1273,128,15,231210,completed,2024-03-25 16:31:05,2024-03-25 16:31:05,dine-in,
1274,129,7,352840,completed,2025-09-27 04:06:41,2025-09-27 04:06:41,takeaway,
1275,129,7,42556,completed,2025-11-22 16:58:29,2025-11-22 16:58:29,takeaway,
1276,129,13,141714,completed,2024-07-08 05:24:32,2024-07-08 05:24:32,takeaway,
1277,129,14,409301,completed,2025-09-30 21:50:35,2025-09-30 21:50:35,takeaway,
1278,129,9,65857,completed,2025-06-22 12:01:03,2025-06-22 12:01:03,delivery,
1279,129,10,180637,pending,2024-08-24 00:34:04,2024-08-24 00:34:04,takeaway,
1280,129,7,66816,completed,2024-05-01 15:19:20,2024-05-01 15:19:20,dine-in,
1281,129,9,37760,completed,2024-04-18 20:32:49,2024-04-18 20:32:49,takeaway,
1282,130,6,223710,completed,2024-12-04 20:42:42,2024-12-04 20:42:42,dine-in,
1283,130,7,491804,completed,2025-11-09 06:44:11,2025-11-09 06:44:11,dine-in,
1284,130,13,369839,completed,2025-07-09 01:00:44,2025-07-09 01:00:44,dine-in,
1285,130,2,218875,completed,2025-05-17 12:03:25,2025-05-17 12:03:25,takeaway,
1286,130,14,173288,completed,2025-08-16 11:32:33,2025-08-16 11:32:33,delivery,
1287,130,5,201137,pending,2025-08-07 10:25:16,2025-08-07 10:25:16,delivery,
1288,130,6,94853,completed,2024-05-10 23:57:18,2024-05-10 23:57:18,takeaway,
1289,131,6,342609,completed,2024-03-09 01:58:29,2024-03-09 01:58:29,delivery,
1290,131,10,501069,completed,2025-02-05 05:45:05,2025-02-05 05:45:05,takeaway,
1291,131,1,50243,completed,2024-05-08 07:51:08,2024-05-08 07:51:08,takeaway,
1292,131,11,471535,cancelled,2024-12-27 06:27:35,2024-12-27 06:27:35,delivery,
1293,131,11,389279,completed,2025-11-22 20:06:50,2025-11-22 20:06:50,dine-in,
1294,132,2,224788,completed,2025-08-17 12:33:17,2025-08-17 12:33:17,dine-in,
1295,132,4,325770,completed,2025-07-24 21:09:34,2025-07-24 21:09:34,delivery,
1296,132,1,163183,completed,2024-12-19 06:27:20,2024-12-19 06:27:20,delivery,
1297,132,14,270586,completed,2025-10-14 15:30:39,2025-10-14 15:30:39,delivery,
1298,132,15,249077,completed,2024-02-28 00:54:47,2024-02-28 00:54:47,takeaway,
1299,132,3,317267,pending,2024-03-04 16:09:47,2024-03-04 16:09:47,takeaway,
1300,132,15,328970,completed,2025-02-22 04:23:56,2025-02-22 04:23:56,takeaway,
1301,132,13,118352,completed,2025-02-18 04:11:45,2025-02-18 04:11:45,delivery,
1302,132,2,125525,completed,2025-11-12 04:47:43,2025-11-12 04:47:43,dine-in,
1303,132,3,42513,completed,2025-02-18 06:34:33,2025-02-18 06:34:33,takeaway,
1304,132,7,423507,completed,2024-10-22 21:30:22,2024-10-22 21:30:22,takeaway,
1305,132,11,171093,completed,2024-02-27 23:24:22,2024-02-27 23:24:22,delivery,
1306,133,4,68057,completed,2025-05-18 20:24:13,2025-05-18 20:24:13,dine-in,
1307,133,12,199159,completed,2024-05-20 23:01:22,2024-05-20 23:01:22,delivery,
1308,133,13,307698,completed,2025-06-23 08:26:26,2025-06-23 08:26:26,dine-in,
1309,133,8,224123,completed,2024-08-17 05:06:48,2024-08-17 05:06:48,dine-in,
1310,133,14,459981,completed,2025-09-15 15:07:21,2025-09-15 15:07:21,delivery,
1311,133,4,95292,completed,2024-11-21 16:22:13,2024-11-21 16:22:13,delivery,
1312,133,1,289066,completed,2024-12-13 12:13:51,2024-12-13 12:13:51,delivery,
1313,133,3,279225,completed,2025-06-26 19:34:18,2025-06-26 19:34:18,dine-in,
1314,133,4,71158,completed,2025-01-03 21:08:49,2025-01-03 21:08:49,dine-in,
1315,133,5,314785,completed,2025-03-27 20:10:22,2025-03-27 20:10:22,takeaway,
1316,133,5,173694,completed,2024-03-15 02:50:14,2024-03-15 02:50:14,delivery,
1317,134,13,270289,completed,2024-09-08 11:23:14,2024-09-08 11:23:14,delivery,
1318,134,7,149364,completed,2024-11-23 03:49:12,2024-11-23 03:49:12,dine-in,
1319,134,10,109624,completed,2025-06-03 18:31:22,2025-06-03 18:31:22,takeaway,
1320,134,3,330634,completed,2025-01-12 05:31:16,2025-01-12 05:31:16,dine-in,
1321,134,4,228498,completed,2025-11-25 19:15:27,2025-11-25 19:15:27,takeaway,
1322,134,1,387906,completed,2025-11-12 00:49:40,2025-11-12 00:49:40,takeaway,
1323,135,7,462684,completed,2024-02-14 17:58:10,2024-02-14 17:58:10,delivery,
1324,135,3,124454,completed,2024-03-05 16:59:13,2024-03-05 16:59:13,delivery,
1325,135,15,507175,completed,2024-05-19 14:06:16,2024-05-19 14:06:16,takeaway,
1326,135,14,139893,completed,2025-03-24 09:58:26,2025-03-24 09:58:26,delivery,
1327,135,3,279645,completed,2024-08-02 13:25:23,2024-08-02 13:25:23,dine-in,
1328,135,11,116610,cancelled,2025-09-05 18:51:26,2025-09-05 18:51:26,dine-in,
1329,135,14,319827,completed,2025-03-13 09:05:53,2025-03-13 09:05:53,takeaway,
1330,135,13,89373,completed,2024-06-17 11:39:35,2024-06-17 11:39:35,delivery,
1331,135,12,104676,completed,2024-09-01 16:54:01,2024-09-01 16:54:01,dine-in,
1332,136,9,417980,pending,2024-09-10 16:58:18,2024-09-10 16:58:18,takeaway,
1333,136,11,249130,completed,2024-05-30 16:53:32,2024-05-30 16:53:32,dine-in,
1334,136,10,373545,completed,2024-06-25 23:37:04,2024-06-25 23:37:04,dine-in,
1335,136,4,200196,pending,2024-09-06 18:50:39,2024-09-06 18:50:39,takeaway,
1336,136,5,87499,completed,2024-04-24 16:09:53,2024-04-24 16:09:53,delivery,
1337,136,3,31540,completed,2024-05-05 05:51:03,2024-05-05 05:51:03,takeaway,
1338,136,5,71326,completed,2024-10-22 23:52:24,2024-10-22 23:52:24,dine-in,
1339,136,10,133804,completed,2024-01-22 18:39:44,2024-01-22 18:39:44,delivery,
1340,136,1,320367,completed,2024-12-08 05:41:21,2024-12-08 05:41:21,takeaway,
1341,137,12,264373,completed,2024-03-24 20:55:46,2024-03-24 20:55:46,dine-in,
1342,137,8,280291,completed,2025-05-13 11:23:46,2025-05-13 11:23:46,delivery,
1343,137,7,44863,completed,2024-08-05 14:52:19,2024-08-05 14:52:19,dine-in,
1344,137,4,66052,completed,2024-11-25 10:34:48,2024-11-25 10:34:48,takeaway,
1345,137,3,192099,completed,2024-10-21 11:05:20,2024-10-21 11:05:20,delivery,
1346,137,3,222475,cancelled,2024-06-14 23:08:47,2024-06-14 23:08:47,dine-in,
1347,137,12,197550,completed,2025-08-13 10:00:14,2025-08-13 10:00:14,takeaway,
1348,137,14,277359,completed,2024-01-17 16:39:59,2024-01-17 16:39:59,takeaway,
1349,137,15,325036,completed,2025-03-03 01:58:27,2025-03-03 01:58:27,takeaway,
1350,137,15,270357,completed,2024-10-22 03:20:22,2024-10-22 03:20:22,delivery,
1351,137,9,296554,completed,2025-05-24 03:55:27,2025-05-24 03:55:27,delivery,
1352,137,11,176596,completed,2024-01-19 01:31:21,2024-01-19 01:31:21,takeaway,
1353,138,11,377400,completed,2024-05-06 00:51:32,2024-05-06 00:51:32,dine-in,
1354,138,2,92320,pending,2025-06-11 18:24:08,2025-06-11 18:24:08,dine-in,
1355,138,9,98007,completed,2025-02-02 00:12:19,2025-02-02 00:12:19,delivery,
1356,138,9,95854,completed,2024-03-16 18:07:53,2024-03-16 18:07:53,delivery,
1357,138,7,218394,completed,2024-04-26 01:37:56,2024-04-26 01:37:56,delivery,
1358,138,9,175247,completed,2024-10-27 11:44:24,2024-10-27 11:44:24,takeaway,
1359,138,7,189348,pending,2025-11-17 05:54:01,2025-11-17 05:54:01,dine-in,
1360,139,5,409649,cancelled,2024-11-24 12:29:30,2024-11-24 12:29:30,delivery,
1361,139,2,468134,completed,2025-08-29 23:18:16,2025-08-29 23:18:16,dine-in,
1362,139,6,77419,completed,2025-06-17 18:28:54,2025-06-17 18:28:54,takeaway,
1363,139,11,217776,completed,2025-06-22 16:28:08,2025-06-22 16:28:08,delivery,
1364,139,4,59417,pending,2024-07-18 14:45:08,2024-07-18 14:45:08,dine-in,
1365,139,15,153713,completed,2025-05-10 22:11:38,2025-05-10 22:11:38,delivery,
1366,139,8,179050,completed,2025-01-11 20:27:23,2025-01-11 20:27:23,delivery,
1367,139,11,260629,completed,2024-03-11 04:58:47,2024-03-11 04:58:47,dine-in,
1368,139,11,229970,pending,2025-05-22 23:40:31,2025-05-22 23:40:31,dine-in,
1369,139,12,307857,completed,2025-05-15 21:25:07,2025-05-15 21:25:07,takeaway,
1370,139,9,187029,pending,2024-11-03 01:28:46,2024-11-03 01:28:46,delivery,
1371,139,4,338854,completed,2025-09-05 16:53:30,2025-09-05 16:53:30,dine-in,
1372,139,15,372821,completed,2024-10-20 20:15:50,2024-10-20 20:15:50,delivery,
1373,140,12,485099,cancelled,2024-08-12 03:51:16,2024-08-12 03:51:16,dine-in,
1374,140,6,219012,completed,2025-02-10 12:50:41,2025-02-10 12:50:41,delivery,
1375,140,4,135868,completed,2025-09-01 04:35:09,2025-09-01 04:35:09,dine-in,
1376,140,14,399918,completed,2025-06-12 02:36:20,2025-06-12 02:36:20,delivery,
1377,140,5,179659,completed,2025-04-17 18:16:16,2025-04-17 18:16:16,takeaway,
1378,140,3,211660,completed,2024-01-07 23:22:11,2024-01-07 23:22:11,delivery,
1379,140,12,158739,pending,2025-04-17 04:38:08,2025-04-17 04:38:08,delivery,
1380,140,2,145263,completed,2024-05-04 08:26:55,2024-05-04 08:26:55,takeaway,
1381,141,13,160170,completed,2025-11-16 20:21:53,2025-11-16 20:21:53,delivery,
1382,141,1,111885,pending,2024-06-30 11:47:55,2024-06-30 11:47:55,takeaway,
1383,141,10,434843,completed,2024-03-11 19:32:00,2024-03-11 19:32:00,dine-in,
1384,141,11,28383,completed,2024-05-11 06:37:37,2024-05-11 06:37:37,delivery,
1385,141,1,232007,completed,2025-06-12 13:19:44,2025-06-12 13:19:44,takeaway,
1386,141,6,199231,completed,2024-03-21 10:41:42,2024-03-21 10:41:42,takeaway,
1387,141,6,74783,pending,2025-08-08 01:01:31,2025-08-08 01:01:31,delivery,
1388,141,12,568334,completed,2024-07-15 00:14:03,2024-07-15 00:14:03,delivery,
1389,141,6,55801,completed,2024-01-18 01:26:54,2024-01-18 01:26:54,delivery,
1390,141,1,417512,completed,2025-10-18 04:37:27,2025-10-18 04:37:27,takeaway,
1391,141,15,97264,completed,2024-06-04 09:07:55,2024-06-04 09:07:55,delivery,
1392,141,9,345113,completed,2024-05-31 22:44:54,2024-05-31 22:44:54,takeaway,
1393,141,8,451399,completed,2025-03-03 22:39:52,2025-03-03 22:39:52,dine-in,
1394,141,12,294618,completed,2024-11-08 21:23:56,2024-11-08 21:23:56,dine-in,
1395,141,8,173233,pending,2024-07-26 17:59:07,2024-07-26 17:59:07,delivery,
1396,142,11,401160,pending,2024-03-29 15:54:07,2024-03-29 15:54:07,takeaway,
1397,142,12,175598,completed,2024-03-14 14:39:57,2024-03-14 14:39:57,dine-in,
1398,142,6,36714,completed,2025-05-28 18:10:49,2025-05-28 18:10:49,delivery,
1399,142,13,315387,cancelled,2025-10-06 10:47:19,2025-10-06 10:47:19,takeaway,
1400,142,5,437694,completed,2024-04-07 11:00:50,2024-04-07 11:00:50,delivery,
1401,142,2,145169,completed,2025-03-01 04:06:34,2025-03-01 04:06:34,dine-in,
1402,142,3,91107,cancelled,2024-09-05 00:47:18,2024-09-05 00:47:18,delivery,
1403,142,13,63051,pending,2025-10-26 10:48:27,2025-10-26 10:48:27,takeaway,
1404,142,8,214521,completed,2024-04-25 22:31:24,2024-04-25 22:31:24,delivery,
1405,142,15,325742,completed,2025-01-15 03:26:11,2025-01-15 03:26:11,takeaway,
1406,143,8,512348,pending,2025-11-07 21:37:40,2025-11-07 21:37:40,delivery,
1407,143,10,171322,pending,2025-06-03 10:44:42,2025-06-03 10:44:42,takeaway,
1408,143,12,156886,completed,2025-03-11 07:20:32,2025-03-11 07:20:32,takeaway,
1409,143,15,308795,completed,2025-06-28 18:41:59,2025-06-28 18:41:59,takeaway,
1410,143,7,156065,completed,2024-04-09 09:57:15,2024-04-09 09:57:15,dine-in,
1411,143,11,398507,completed,2025-09-17 14:38:32,2025-09-17 14:38:32,dine-in,
1412,143,9,429744,pending,2024-06-21 12:40:50,2024-06-21 12:40:50,dine-in,
1413,143,12,222294,completed,2024-12-02 21:16:19,2024-12-02 21:16:19,delivery,
1414,143,11,304828,completed,2025-04-18 09:55:04,2025-04-18 09:55:04,delivery,
1415,143,13,334590,completed,2025-10-08 12:13:06,2025-10-08 12:13:06,takeaway,
1416,143,13,528376,completed,2024-06-19 20:41:07,2024-06-19 20:41:07,dine-in,
1417,143,4,329443,completed,2024-01-03 20:48:35,2024-01-03 20:48:35,takeaway,
1418,144,6,243495,completed,2024-07-13 13:53:24,2024-07-13 13:53:24,dine-in,
1419,144,6,68409,completed,2024-05-21 17:05:53,2024-05-21 17:05:53,takeaway,
1420,144,7,48948,completed,2025-07-23 09:34:23,2025-07-23 09:34:23,takeaway,
1421,144,12,189381,completed,2024-11-06 00:26:17,2024-11-06 00:26:17,takeaway,
1422,144,14,374288,completed,2024-05-11 14:44:47,2024-05-11 14:44:47,dine-in,
1423,144,10,90411,completed,2024-07-27 02:53:16,2024-07-27 02:53:16,delivery,
1424,144,10,137804,completed,2024-07-11 04:48:51,2024-07-11 04:48:51,dine-in,
1425,145,14,29352,pending,2024-06-01 22:49:59,2024-06-01 22:49:59,delivery,
1426,145,5,56034,completed,2024-11-09 11:57:42,2024-11-09 11:57:42,takeaway,
1427,145,15,669097,completed,2024-07-09 03:14:01,2024-07-09 03:14:01,takeaway,
1428,145,3,207998,completed,2025-06-24 09:41:04,2025-06-24 09:41:04,delivery,
1429,145,3,240772,completed,2024-01-12 00:04:31,2024-01-12 00:04:31,delivery,
1430,146,8,338765,completed,2024-10-09 13:25:21,2024-10-09 13:25:21,delivery,
1431,146,4,110136,completed,2024-08-26 14:33:21,2024-08-26 14:33:21,takeaway,
1432,146,6,238933,completed,2025-03-31 02:15:32,2025-03-31 02:15:32,dine-in,
1433,146,2,189842,completed,2024-11-30 14:17:01,2024-11-30 14:17:01,dine-in,
1434,146,1,209958,completed,2024-04-15 15:21:21,2024-04-15 15:21:21,dine-in,
1435,146,5,72432,completed,2025-05-30 10:09:52,2025-05-30 10:09:52,takeaway,
1436,146,3,357123,completed,2024-11-05 07:08:45,2024-11-05 07:08:45,delivery,
1437,146,10,353606,completed,2024-05-13 01:03:59,2024-05-13 01:03:59,delivery,
1438,146,8,415867,completed,2024-10-01 10:29:20,2024-10-01 10:29:20,delivery,
1439,146,4,170008,completed,2025-08-06 17:29:06,2025-08-06 17:29:06,dine-in,
1440,146,6,432879,completed,2024-08-08 06:59:20,2024-08-08 06:59:20,takeaway,
1441,147,6,458529,completed,2024-06-21 21:34:10,2024-06-21 21:34:10,dine-in,
1442,147,5,316722,completed,2024-01-16 21:10:55,2024-01-16 21:10:55,takeaway,
1443,147,11,438352,completed,2025-08-29 01:10:23,2025-08-29 01:10:23,takeaway,
1444,147,4,113198,completed,2024-12-14 14:09:56,2024-12-14 14:09:56,dine-in,
1445,147,3,303410,completed,2024-11-11 18:33:12,2024-11-11 18:33:12,delivery,
1446,148,13,383407,pending,2025-11-08 02:00:02,2025-11-08 02:00:02,delivery,
1447,148,3,62746,completed,2025-07-28 10:35:54,2025-07-28 10:35:54,delivery,
1448,148,8,178384,pending,2025-09-11 05:06:52,2025-09-11 05:06:52,dine-in,
1449,148,7,93519,cancelled,2025-03-01 01:14:26,2025-03-01 01:14:26,delivery,
1450,148,6,53398,completed,2024-01-31 15:34:50,2024-01-31 15:34:50,dine-in,
1451,148,10,254270,completed,2024-05-24 15:56:27,2024-05-24 15:56:27,dine-in,
1452,148,4,387196,completed,2025-03-05 19:28:07,2025-03-05 19:28:07,dine-in,
1453,148,9,80706,completed,2025-06-11 09:34:37,2025-06-11 09:34:37,dine-in,
1454,149,6,555101,pending,2024-02-27 03:37:40,2024-02-27 03:37:40,takeaway,
1455,149,9,476885,completed,2025-10-07 00:29:52,2025-10-07 00:29:52,delivery,
1456,149,14,104654,completed,2024-05-24 06:20:46,2024-05-24 06:20:46,delivery,
1457,149,9,297298,completed,2025-03-25 23:34:28,2025-03-25 23:34:28,dine-in,
1458,149,6,266551,completed,2025-10-23 13:04:04,2025-10-23 13:04:04,delivery,
1459,149,10,126432,completed,2025-06-15 17:35:52,2025-06-15 17:35:52,dine-in,
1460,149,9,170975,completed,2025-03-20 00:05:06,2025-03-20 00:05:06,dine-in,
1461,149,6,414423,completed,2025-03-08 21:29:04,2025-03-08 21:29:04,delivery,
1462,149,15,105609,pending,2025-04-07 20:36:10,2025-04-07 20:36:10,dine-in,
1463,149,13,114953,completed,2025-04-26 20:00:52,2025-04-26 20:00:52,delivery,
1464,149,13,56575,cancelled,2025-08-27 11:39:25,2025-08-27 11:39:25,dine-in,
1465,149,7,257235,completed,2024-01-30 17:39:53,2024-01-30 17:39:53,dine-in,
1466,149,1,142059,pending,2025-01-09 16:09:07,2025-01-09 16:09:07,dine-in,
1467,149,12,194248,completed,2025-05-08 12:05:51,2025-05-08 12:05:51,takeaway,
1468,150,14,374161,completed,2024-11-21 13:34:22,2024-11-21 13:34:22,dine-in,
1469,150,14,152726,completed,2025-01-31 23:29:11,2025-01-31 23:29:11,dine-in,
1470,150,1,68098,completed,2025-04-08 15:37:15,2025-04-08 15:37:15,dine-in,
1471,150,11,312442,completed,2025-06-28 18:07:39,2025-06-28 18:07:39,dine-in,
1472,150,1,200034,pending,2024-09-29 08:42:10,2024-09-29 08:42:10,delivery,
1473,150,4,214586,pending,2024-09-01 23:24:59,2024-09-01 23:24:59,delivery,
1474,150,5,261938,cancelled,2024-01-01 01:11:46,2024-01-01 01:11:46,dine-in,
1475,150,2,341504,completed,2025-07-07 11:38:22,2025-07-07 11:38:22,delivery,
1476,150,15,120761,completed,2024-06-18 18:47:09,2024-06-18 18:47:09,delivery,
1477,151,10,127151,pending,2024-06-23 13:48:21,2024-06-23 13:48:21,delivery,
1478,151,6,110614,completed,2024-04-22 16:14:05,2024-04-22 16:14:05,takeaway,
1479,151,10,55500,pending,2025-06-07 01:06:11,2025-06-07 01:06:11,takeaway,
1480,151,10,149498,completed,2024-09-19 23:27:53,2024-09-19 23:27:53,takeaway,
1481,151,1,113013,completed,2024-06-27 03:49:10,2024-06-27 03:49:10,dine-in,
1482,151,10,323539,completed,2025-07-20 05:51:30,2025-07-20 05:51:30,dine-in,
1483,151,6,240711,cancelled,2025-05-02 12:09:38,2025-05-02 12:09:38,dine-in,
1484,151,9,440036,completed,2024-07-07 09:11:22,2024-07-07 09:11:22,dine-in,
1485,151,9,317901,pending,2024-10-06 07:57:38,2024-10-06 07:57:38,delivery,
1486,152,7,101264,completed,2024-10-15 13:03:50,2024-10-15 13:03:50,delivery,
1487,152,14,87669,completed,2025-01-26 02:31:07,2025-01-26 02:31:07,delivery,
1488,152,5,512389,completed,2024-11-25 10:25:21,2024-11-25 10:25:21,delivery,
1489,152,9,36755,pending,2025-06-21 07:03:54,2025-06-21 07:03:54,delivery,
1490,152,5,266732,completed,2025-08-25 23:25:40,2025-08-25 23:25:40,delivery,
1491,152,10,190647,pending,2025-07-17 13:18:47,2025-07-17 13:18:47,dine-in,
1492,153,15,87820,completed,2024-11-27 02:26:45,2024-11-27 02:26:45,dine-in,
1493,153,2,87252,completed,2025-10-19 13:01:50,2025-10-19 13:01:50,delivery,
1494,153,14,265946,cancelled,2024-10-21 20:58:02,2024-10-21 20:58:02,dine-in,
1495,153,8,364581,completed,2024-08-05 13:02:35,2024-08-05 13:02:35,takeaway,
1496,153,2,581919,pending,2025-08-15 07:12:25,2025-08-15 07:12:25,delivery,
1497,153,13,343864,completed,2025-01-02 12:05:59,2025-01-02 12:05:59,dine-in,
1498,154,13,282256,completed,2024-09-26 12:26:37,2024-09-26 12:26:37,takeaway,
1499,154,6,406544,completed,2024-08-10 08:35:57,2024-08-10 08:35:57,delivery,
1500,154,15,348996,completed,2024-05-23 13:58:14,2024-05-23 13:58:14,dine-in,
1501,154,9,179331,completed,2025-07-09 07:49:57,2025-07-09 07:49:57,dine-in,
1502,154,9,165433,completed,2025-02-17 06:30:20,2025-02-17 06:30:20,takeaway,
1503,154,10,273910,completed,2025-04-20 15:02:25,2025-04-20 15:02:25,dine-in,
1504,154,13,52393,pending,2024-10-19 17:09:04,2024-10-19 17:09:04,dine-in,
1505,154,3,272550,completed,2024-11-15 06:20:17,2024-11-15 06:20:17,delivery,
1506,154,12,264050,completed,2024-12-18 15:34:54,2024-12-18 15:34:54,delivery,
1507,154,5,371414,completed,2025-08-09 07:26:59,2025-08-09 07:26:59,takeaway,
1508,154,11,42224,completed,2025-05-18 21:42:27,2025-05-18 21:42:27,takeaway,
1509,154,15,453966,completed,2024-12-26 08:20:57,2024-12-26 08:20:57,takeaway,
1510,154,6,32385,completed,2024-08-24 13:15:40,2024-08-24 13:15:40,delivery,
1511,154,14,263003,completed,2024-06-26 23:04:10,2024-06-26 23:04:10,delivery,
1512,155,7,172735,completed,2024-09-10 21:41:07,2024-09-10 21:41:07,delivery,
1513,155,10,187721,completed,2025-08-22 03:46:37,2025-08-22 03:46:37,dine-in,
1514,155,3,205950,completed,2025-08-19 09:17:18,2025-08-19 09:17:18,dine-in,
1515,155,7,141272,completed,2024-05-15 22:06:22,2024-05-15 22:06:22,takeaway,
1516,155,15,400725,completed,2025-11-14 21:28:46,2025-11-14 21:28:46,delivery,
1517,155,8,242922,completed,2024-01-18 02:17:52,2024-01-18 02:17:52,takeaway,
1518,155,2,160348,completed,2024-08-03 14:50:20,2024-08-03 14:50:20,takeaway,
1519,155,2,556053,completed,2025-08-29 14:58:36,2025-08-29 14:58:36,delivery,
1520,155,12,41396,completed,2024-04-13 00:18:19,2024-04-13 00:18:19,takeaway,
1521,155,4,114819,completed,2024-07-09 23:14:21,2024-07-09 23:14:21,takeaway,
1522,156,13,243024,completed,2024-07-16 22:43:01,2024-07-16 22:43:01,takeaway,
1523,156,4,555291,completed,2024-12-30 21:20:13,2024-12-30 21:20:13,takeaway,
1524,156,15,315574,completed,2025-02-03 02:39:09,2025-02-03 02:39:09,delivery,
1525,156,10,129574,completed,2025-08-30 12:29:40,2025-08-30 12:29:40,takeaway,
1526,156,1,401768,completed,2025-09-02 15:03:10,2025-09-02 15:03:10,delivery,
1527,156,14,304759,completed,2024-04-22 09:11:20,2024-04-22 09:11:20,delivery,
1528,156,1,244455,completed,2025-09-28 17:03:38,2025-09-28 17:03:38,takeaway,
1529,156,1,231003,completed,2025-01-12 08:53:14,2025-01-12 08:53:14,dine-in,
1530,156,2,315310,completed,2025-04-04 20:01:29,2025-04-04 20:01:29,dine-in,
1531,156,8,581602,completed,2024-12-21 09:09:23,2024-12-21 09:09:23,dine-in,
1532,156,12,301397,completed,2024-07-11 09:58:44,2024-07-11 09:58:44,takeaway,
1533,156,14,252560,completed,2025-01-05 05:34:49,2025-01-05 05:34:49,delivery,
1534,157,2,192934,cancelled,2025-04-06 23:36:59,2025-04-06 23:36:59,takeaway,
1535,157,5,358953,completed,2025-10-17 09:24:39,2025-10-17 09:24:39,takeaway,
1536,157,6,26718,completed,2024-05-25 15:28:45,2024-05-25 15:28:45,dine-in,
1537,157,9,400503,completed,2024-05-09 07:14:14,2024-05-09 07:14:14,dine-in,
1538,157,1,217707,pending,2024-08-23 02:28:02,2024-08-23 02:28:02,delivery,
1539,157,12,437975,completed,2024-07-17 10:02:21,2024-07-17 10:02:21,delivery,
1540,157,10,113724,completed,2024-11-22 19:52:49,2024-11-22 19:52:49,dine-in,
1541,157,1,242808,completed,2025-09-19 08:11:58,2025-09-19 08:11:58,takeaway,
1542,157,10,610478,pending,2025-11-26 17:28:56,2025-11-26 17:28:56,dine-in,
1543,157,14,135312,completed,2024-06-15 19:49:25,2024-06-15 19:49:25,delivery,
1544,157,7,67502,completed,2025-08-18 20:10:14,2025-08-18 20:10:14,dine-in,
1545,157,7,363665,pending,2025-04-22 08:29:08,2025-04-22 08:29:08,takeaway,
1546,157,14,491052,completed,2025-11-08 09:21:34,2025-11-08 09:21:34,delivery,
1547,157,9,127029,completed,2025-09-05 04:08:02,2025-09-05 04:08:02,dine-in,
