order_id,user_id,store_id,total_price,status,created_at,updated_at,delivery_type,shipping_address
1,8,1,125000.00,completed,"2025-11-25 10:30:00","2025-11-25 11:00:00",takeaway,NULL
2,10,1,89000.00,completed,"2025-11-25 14:20:00","2025-11-25 14:50:00",takeaway,NULL
3,11,2,156000.00,completed,"2025-11-26 09:15:00","2025-11-26 09:45:00",delivery,"123 Đường D1, Q9"
4,8,1,65000.00,completed,"2025-11-26 16:30:00","2025-11-26 17:00:00",takeaway,NULL
5,12,3,98000.00,completed,"2025-11-27 11:00:00","2025-11-27 11:30:00",dine-in,NULL
6,13,1,145000.00,completed,"2025-11-27 15:45:00","2025-11-27 16:15:00",takeaway,NULL
7,10,2,79000.00,completed,"2025-11-28 10:20:00","2025-11-28 10:50:00",delivery,"456 Hoàng Diệu 2"
8,8,1,189000.00,completed,"2025-11-28 13:30:00","2025-11-28 14:00:00",takeaway,NULL
9,11,1,95000.00,completed,"2025-11-29 09:00:00","2025-11-29 09:30:00",takeaway,NULL
10,12,1,110000.00,completed,"2025-11-29 14:15:00","2025-11-29 14:45:00",delivery,"789 Lê Văn Việt"
11,8,1,75000.00,pending,"2025-11-30 10:00:00","2025-11-30 10:00:00",takeaway,NULL
12,10,2,45000.00,cancelled,"2025-11-29 16:00:00","2025-11-29 16:30:00",takeaway,NULL
13,21,1,70000.00,pending,"2025-11-30 17:07:32","2025-11-30 17:07:32",NULL,NULL
14,21,4,45000.00,pending,"2025-11-30 17:18:50","2025-11-30 17:18:50",NULL,NULL
15,21,4,65000.00,pending,"2025-11-30 17:24:26","2025-11-30 17:24:26",NULL,NULL
16,21,4,50000.00,pending,"2025-11-30 17:59:24","2025-11-30 17:59:24",NULL,NULL
17,21,2,50000.00,pending,"2025-11-30 18:11:15","2025-11-30 18:11:15",NULL,NULL
18,21,2,50000.00,pending,"2025-11-30 18:11:16","2025-11-30 18:11:16",NULL,NULL
19,21,4,50000.00,pending,"2025-11-30 18:23:10","2025-11-30 18:23:10",NULL,NULL
20,21,2,49000.00,cancelled,"2025-11-30 19:13:01","2025-11-30 19:13:19",NULL,NULL
21,21,4,45000.00,pending,"2025-11-30 20:20:15","2025-11-30 20:20:15",takeaway,NULL
22,21,4,50000.00,pending,"2025-11-30 21:15:35","2025-11-30 21:15:35",takeaway,NULL
23,21,4,105000.00,cancelled,"2025-11-30 21:29:11","2025-11-30 22:36:11",takeaway,NULL
24,21,4,312000.00,cancelled,"2025-11-30 22:21:41","2025-11-30 22:38:05",takeaway,NULL
25,21,4,45000.00,cancelled,"2025-11-30 22:49:07","2025-11-30 22:50:18",takeaway,NULL
26,21,4,70000.00,cancelled,"2025-11-30 22:49:38","2025-11-30 23:20:13",takeaway,NULL
27,21,4,65000.00,pending,"2025-11-30 22:51:15","2025-11-30 22:51:15",takeaway,NULL
28,21,4,45000.00,pending,"2025-11-30 23:15:44","2025-11-30 23:15:44",takeaway,NULL
29,21,4,45000.00,pending,"2025-11-30 23:15:44","2025-11-30 23:15:44",takeaway,NULL
30,21,4,45000.00,pending,"2025-11-30 23:15:44","2025-11-30 23:15:44",takeaway,NULL
31,21,4,45000.00,pending,"2025-11-30 23:18:24","2025-11-30 23:18:24",takeaway,NULL
32,21,4,54000.00,pending,"2025-11-30 23:19:37","2025-11-30 23:19:37",takeaway,NULL
33,21,4,438000.00,cancelled,"2025-11-30 23:30:01","2025-11-30 23:31:06",takeaway,NULL
34,8,10,90000.00,cancelled,"2025-12-02 10:32:57","2025-12-02 10:33:30",takeaway,NULL
35,51,2,45000.00,completed,"2025-10-26 21:38:44","2025-10-26 21:54:44",delivery,NULL
36,167,11,99000.00,completed,"2025-08-20 03:44:44","2025-08-20 03:56:44",delivery,NULL
37,43,12,68000.00,completed,"2025-09-03 23:50:44","2025-09-03 23:55:44",dine-in,NULL
38,63,8,135000.00,completed,"2025-11-03 21:27:44","2025-11-03 21:40:44",dine-in,NULL
39,36,12,137000.00,completed,"2025-11-12 20:13:44","2025-11-12 20:27:44",takeaway,NULL
40,146,7,98000.00,completed,"2025-09-08 03:16:44","2025-09-08 03:32:44",dine-in,NULL
41,54,3,78000.00,completed,"2025-11-27 20:05:44","2025-11-27 20:27:44",delivery,NULL
42,10,9,118000.00,completed,"2025-06-11 08:44:44","2025-06-11 09:11:44",takeaway,NULL
43,145,14,110000.00,completed,"2025-08-15 19:16:44","2025-08-15 19:41:44",dine-in,NULL
44,39,13,78000.00,completed,"2025-10-01 03:52:44","2025-10-01 04:10:44",takeaway,NULL
45,88,10,49000.00,completed,"2025-09-23 18:55:44","2025-09-23 19:08:44",takeaway,NULL
46,131,10,55000.00,completed,"2025-07-01 21:41:44","2025-07-01 21:51:44",dine-in,NULL
47,160,3,49000.00,completed,"2025-06-23 18:58:44","2025-06-23 19:24:44",delivery,NULL
48,171,12,110000.00,completed,"2025-09-05 23:38:44","2025-09-05 23:59:44",delivery,NULL
49,40,7,98000.00,completed,"2025-09-10 08:21:44","2025-09-10 08:30:44",delivery,NULL
50,23,6,90000.00,completed,"2025-11-28 23:29:44","2025-11-28 23:55:44",takeaway,NULL
51,66,4,55000.00,completed,"2025-07-16 22:00:44","2025-07-16 22:14:44",takeaway,NULL
52,100,9,118000.00,completed,"2025-09-17 02:41:44","2025-09-17 03:07:44",takeaway,NULL
53,45,3,130000.00,pending,"2025-10-19 07:04:44","2025-10-19 07:21:44",takeaway,NULL
54,37,9,39000.00,completed,"2025-08-06 00:42:44","2025-08-06 01:06:44",takeaway,NULL
55,24,13,93000.00,completed,"2025-09-19 03:14:44","2025-09-19 03:26:44",takeaway,NULL
56,37,2,97000.00,completed,"2025-06-19 08:14:44","2025-06-19 08:19:44",takeaway,NULL
57,103,5,68000.00,completed,"2025-09-15 01:54:44","2025-09-15 02:04:44",dine-in,NULL
58,28,3,98000.00,completed,"2025-10-12 00:41:44","2025-10-12 00:47:44",takeaway,NULL
59,89,6,137000.00,completed,"2025-09-19 05:03:44","2025-09-19 05:23:44",dine-in,NULL
60,20,5,149000.00,completed,"2025-06-11 08:02:44","2025-06-11 08:15:44",delivery,NULL
61,26,8,149000.00,completed,"2025-10-29 21:22:44","2025-10-29 21:45:44",takeaway,NULL
62,64,7,110000.00,completed,"2025-11-28 07:08:44","2025-11-28 07:26:44",takeaway,NULL
63,20,13,137000.00,cancelled,"2025-08-26 20:28:44","2025-08-26 20:40:44",dine-in,NULL
64,129,7,110000.00,completed,"2025-08-02 09:02:44","2025-08-02 09:19:44",takeaway,NULL
65,59,13,149000.00,completed,"2025-09-06 02:35:44","2025-09-06 02:44:44",delivery,NULL
66,28,9,110000.00,completed,"2025-10-06 20:10:44","2025-10-06 20:39:44",takeaway,NULL
67,84,8,130000.00,completed,"2025-06-24 00:30:44","2025-06-24 00:42:44",dine-in,NULL
68,171,8,98000.00,pending,"2025-10-02 06:02:44","2025-10-02 06:21:44",takeaway,NULL
69,146,8,110000.00,completed,"2025-07-12 03:40:44","2025-07-12 03:52:44",delivery,NULL
70,69,8,90000.00,completed,"2025-11-08 23:16:44","2025-11-08 23:28:44",takeaway,NULL
71,37,1,45000.00,completed,"2025-12-02 05:07:44","2025-12-02 05:23:44",dine-in,NULL
72,87,10,118000.00,cancelled,"2025-08-06 01:35:44","2025-08-06 01:44:44",delivery,NULL
73,24,4,136000.00,completed,"2025-09-29 02:50:44","2025-09-29 02:55:44",dine-in,NULL
74,80,14,110000.00,completed,"2025-11-18 21:52:44","2025-11-18 22:11:44",takeaway,NULL
75,106,6,49000.00,completed,"2025-07-31 00:44:44","2025-07-31 00:59:44",dine-in,NULL
76,41,13,228000.00,cancelled,"2025-07-23 19:17:44","2025-07-23 19:30:44",takeaway,NULL
77,62,13,154000.00,completed,"2025-06-07 03:37:44","2025-06-07 03:49:44",takeaway,NULL
78,91,7,154000.00,completed,"2025-09-08 01:08:44","2025-09-08 01:26:44",takeaway,NULL
79,126,5,110000.00,completed,"2025-09-26 19:51:44","2025-09-26 20:00:44",takeaway,NULL
80,21,9,55000.00,completed,"2025-10-08 23:09:44","2025-10-08 23:24:44",dine-in,NULL
81,80,1,55000.00,completed,"2025-11-28 23:49:44","2025-11-29 00:17:44",takeaway,NULL
82,161,6,110000.00,cancelled,"2025-11-14 21:17:44","2025-11-14 21:34:44",dine-in,NULL
83,130,8,100000.00,completed,"2025-10-16 21:25:44","2025-10-16 21:50:44",dine-in,NULL
84,96,8,68000.00,completed,"2025-08-21 23:09:44","2025-08-21 23:36:44",takeaway,NULL
85,101,7,178000.00,cancelled,"2025-07-13 23:16:44","2025-07-13 23:44:44",takeaway,NULL
86,35,2,188000.00,cancelled,"2025-06-15 07:48:44","2025-06-15 08:08:44",takeaway,NULL
87,162,10,211000.00,completed,"2025-09-02 21:40:44","2025-09-02 21:53:44",takeaway,NULL
88,127,2,55000.00,completed,"2025-08-20 21:41:44","2025-08-20 22:05:44",takeaway,NULL
89,112,11,49000.00,completed,"2025-08-09 19:18:44","2025-08-09 19:38:44",delivery,NULL
90,129,5,59000.00,completed,"2025-11-13 23:49:44","2025-11-14 00:17:44",delivery,NULL
91,160,4,188000.00,cancelled,"2025-08-30 05:27:44","2025-08-30 05:36:44",delivery,NULL
92,82,13,78000.00,completed,"2025-11-19 08:24:44","2025-11-19 08:48:44",dine-in,NULL
93,63,2,98000.00,completed,"2025-10-17 05:38:44","2025-10-17 05:59:44",takeaway,NULL
94,84,11,103000.00,cancelled,"2025-09-12 03:10:44","2025-09-12 03:17:44",delivery,NULL
95,77,7,176000.00,completed,"2025-06-11 20:02:44","2025-06-11 20:20:44",takeaway,NULL
96,74,4,138000.00,completed,"2025-10-05 06:52:44","2025-10-05 06:59:44",delivery,NULL
97,63,1,156000.00,completed,"2025-08-19 06:23:44","2025-08-19 06:34:44",dine-in,NULL
98,41,7,134000.00,completed,"2025-08-02 07:04:44","2025-08-02 07:17:44",takeaway,NULL
99,152,7,177000.00,completed,"2025-08-07 23:04:44","2025-08-07 23:31:44",takeaway,NULL
100,47,8,49000.00,completed,"2025-10-26 01:17:44","2025-10-26 01:36:44",delivery,NULL
101,36,10,208000.00,completed,"2025-09-14 04:33:44","2025-09-14 04:41:44",takeaway,NULL
102,105,12,142000.00,completed,"2025-06-29 19:47:44","2025-06-29 20:17:44",takeaway,NULL
103,62,8,100000.00,completed,"2025-11-23 00:40:44","2025-11-23 01:02:44",delivery,NULL
104,131,1,39000.00,completed,"2025-09-13 01:01:44","2025-09-13 01:12:44",takeaway,NULL
105,168,11,90000.00,completed,"2025-10-16 19:45:44","2025-10-16 20:15:44",dine-in,NULL
106,12,12,55000.00,pending,"2025-09-30 21:21:44","2025-09-30 21:47:44",dine-in,NULL
107,113,3,110000.00,completed,"2025-06-05 21:21:44","2025-06-05 21:43:44",dine-in,NULL
108,46,4,45000.00,completed,"2025-09-01 06:13:44","2025-09-01 06:37:44",takeaway,NULL
109,108,9,49000.00,completed,"2025-08-22 18:35:44","2025-08-22 18:50:44",takeaway,NULL
110,68,2,136000.00,completed,"2025-11-02 03:48:44","2025-11-02 04:02:44",dine-in,NULL
111,39,8,55000.00,completed,"2025-08-05 06:35:44","2025-08-05 06:55:44",dine-in,NULL
112,41,6,69000.00,completed,"2025-08-28 04:49:44","2025-08-28 05:12:44",delivery,NULL
113,105,9,118000.00,completed,"2025-06-07 04:57:44","2025-06-07 05:25:44",takeaway,NULL
114,29,12,99000.00,pending,"2025-06-06 03:50:44","2025-06-06 04:15:44",takeaway,NULL
115,24,12,110000.00,cancelled,"2025-08-20 20:28:44","2025-08-20 20:53:44",dine-in,NULL
116,146,4,59000.00,completed,"2025-10-19 01:51:44","2025-10-19 01:57:44",dine-in,NULL
117,163,11,110000.00,completed,"2025-06-30 22:56:44","2025-06-30 23:02:44",takeaway,NULL
118,48,12,129000.00,completed,"2025-12-03 03:16:44","2025-12-03 03:39:44",takeaway,NULL
119,114,3,45000.00,pending,"2025-08-07 06:49:44","2025-08-07 07:11:44",takeaway,NULL
120,20,3,156000.00,completed,"2025-10-30 02:28:44","2025-10-30 02:39:44",takeaway,NULL
121,114,2,110000.00,cancelled,"2025-10-05 18:52:44","2025-10-05 19:10:44",dine-in,NULL
122,113,14,90000.00,cancelled,"2025-11-22 22:08:44","2025-11-22 22:22:44",dine-in,NULL
123,36,13,132000.00,completed,"2025-10-02 05:33:44","2025-10-02 05:49:44",dine-in,NULL
124,70,2,90000.00,completed,"2025-08-06 03:02:44","2025-08-06 03:25:44",dine-in,NULL
125,168,15,129000.00,completed,"2025-11-27 05:57:44","2025-11-27 06:27:44",dine-in,NULL
126,115,13,84000.00,completed,"2025-08-06 02:16:44","2025-08-06 02:35:44",dine-in,NULL
127,58,11,55000.00,completed,"2025-10-28 18:41:44","2025-10-28 19:06:44",dine-in,NULL
128,101,1,220000.00,completed,"2025-06-17 23:59:44","2025-06-18 00:20:44",takeaway,NULL
129,126,12,55000.00,completed,"2025-08-04 01:05:44","2025-08-04 01:27:44",takeaway,NULL
130,49,2,55000.00,completed,"2025-07-13 03:31:44","2025-07-13 04:00:44",takeaway,NULL
131,23,9,55000.00,completed,"2025-09-22 05:13:44","2025-09-22 05:19:44",takeaway,NULL
132,103,15,117000.00,completed,"2025-06-30 01:06:44","2025-06-30 01:16:44",delivery,NULL
133,75,10,153000.00,completed,"2025-07-23 18:28:44","2025-07-23 18:47:44",delivery,NULL
134,169,6,97000.00,pending,"2025-06-27 00:11:44","2025-06-27 00:37:44",dine-in,NULL
135,152,14,110000.00,completed,"2025-07-01 02:30:44","2025-07-01 02:35:44",dine-in,NULL
136,16,10,49000.00,completed,"2025-11-11 23:54:44","2025-11-11 23:59:44",takeaway,NULL
137,57,2,68000.00,completed,"2025-10-25 04:53:44","2025-10-25 05:17:44",dine-in,NULL
138,80,10,45000.00,completed,"2025-08-15 22:18:44","2025-08-15 22:47:44",dine-in,NULL
139,150,6,133000.00,completed,"2025-11-11 05:52:44","2025-11-11 06:01:44",dine-in,NULL
140,56,15,94000.00,completed,"2025-07-15 04:10:44","2025-07-15 04:28:44",takeaway,NULL
141,131,13,98000.00,completed,"2025-06-08 18:15:44","2025-06-08 18:45:44",takeaway,NULL
142,163,10,94000.00,completed,"2025-09-03 02:16:44","2025-09-03 02:36:44",dine-in,NULL
143,167,5,133000.00,completed,"2025-09-16 03:03:44","2025-09-16 03:30:44",delivery,NULL
144,75,6,153000.00,completed,"2025-08-26 04:36:44","2025-08-26 05:03:44",takeaway,NULL
145,166,3,118000.00,completed,"2025-11-29 00:50:44","2025-11-29 01:18:44",delivery,NULL
146,24,15,98000.00,pending,"2025-06-25 02:24:44","2025-06-25 02:41:44",dine-in,NULL
147,129,2,94000.00,completed,"2025-09-08 07:54:44","2025-09-08 08:01:44",takeaway,NULL
148,96,13,142000.00,completed,"2025-11-16 05:10:44","2025-11-16 05:35:44",dine-in,NULL
149,146,12,55000.00,completed,"2025-07-05 09:04:44","2025-07-05 09:13:44",takeaway,NULL
150,47,15,39000.00,completed,"2025-07-26 20:57:44","2025-07-26 21:13:44",takeaway,NULL
151,37,10,39000.00,completed,"2025-11-15 01:29:44","2025-11-15 01:48:44",takeaway,NULL
152,131,3,196000.00,completed,"2025-09-10 04:43:44","2025-09-10 05:09:44",takeaway,NULL
153,141,3,90000.00,cancelled,"2025-10-28 08:56:44","2025-10-28 09:03:44",takeaway,NULL
154,41,7,55000.00,completed,"2025-06-11 00:19:44","2025-06-11 00:24:44",takeaway,NULL
155,105,10,49000.00,completed,"2025-07-22 23:00:44","2025-07-22 23:20:44",takeaway,NULL
156,146,3,110000.00,completed,"2025-09-02 08:46:44","2025-09-02 08:56:44",takeaway,NULL
157,151,6,110000.00,completed,"2025-09-27 21:58:44","2025-09-27 22:09:44",takeaway,NULL
158,130,14,118000.00,pending,"2025-08-16 07:33:44","2025-08-16 07:53:44",dine-in,NULL
159,111,12,55000.00,completed,"2025-06-16 19:15:44","2025-06-16 19:25:44",dine-in,NULL
160,21,9,49000.00,completed,"2025-08-29 21:07:44","2025-08-29 21:20:44",delivery,NULL
161,135,6,55000.00,pending,"2025-08-06 03:24:44","2025-08-06 03:29:44",dine-in,NULL
162,51,5,67000.00,completed,"2025-07-31 02:15:44","2025-07-31 02:33:44",delivery,NULL
163,120,5,171000.00,completed,"2025-10-25 19:44:44","2025-10-25 20:13:44",takeaway,NULL
164,108,11,55000.00,completed,"2025-08-23 04:56:44","2025-08-23 05:23:44",delivery,NULL
165,97,15,78000.00,completed,"2025-10-28 23:20:44","2025-10-28 23:37:44",dine-in,NULL
166,91,4,55000.00,completed,"2025-11-01 01:28:44","2025-11-01 01:42:44",takeaway,NULL
167,121,15,98000.00,completed,"2025-06-12 04:46:44","2025-06-12 05:03:44",takeaway,NULL
168,36,4,45000.00,completed,"2025-06-13 20:27:44","2025-06-13 20:34:44",delivery,NULL
169,136,13,162000.00,completed,"2025-06-19 07:31:44","2025-06-19 07:46:44",takeaway,NULL
170,51,13,138000.00,completed,"2025-11-16 06:00:44","2025-11-16 06:12:44",delivery,NULL
171,47,6,110000.00,completed,"2025-11-05 04:14:44","2025-11-05 04:40:44",takeaway,NULL
172,60,4,49000.00,completed,"2025-11-30 04:30:44","2025-11-30 04:40:44",takeaway,NULL
173,139,12,78000.00,completed,"2025-07-05 04:17:44","2025-07-05 04:33:44",takeaway,NULL
174,135,14,136000.00,completed,"2025-09-24 22:33:44","2025-09-24 22:44:44",takeaway,NULL
175,10,3,110000.00,completed,"2025-06-13 06:48:44","2025-06-13 07:18:44",takeaway,NULL
176,151,15,61000.00,completed,"2025-09-22 20:53:44","2025-09-22 21:15:44",delivery,NULL
177,20,13,49000.00,completed,"2025-08-17 20:13:44","2025-08-17 20:32:44",takeaway,NULL
178,42,7,55000.00,pending,"2025-11-01 18:16:44","2025-11-01 18:30:44",takeaway,NULL
179,144,15,94000.00,completed,"2025-06-24 01:46:44","2025-06-24 02:00:44",takeaway,NULL
180,156,4,154000.00,completed,"2025-07-13 20:33:44","2025-07-13 20:59:44",delivery,NULL
181,27,3,78000.00,cancelled,"2025-11-21 07:07:44","2025-11-21 07:36:44",delivery,NULL
182,58,10,156000.00,completed,"2025-10-22 05:22:44","2025-10-22 05:48:44",takeaway,NULL
183,87,5,78000.00,completed,"2025-07-10 22:51:44","2025-07-10 23:05:44",dine-in,NULL
184,100,11,128000.00,completed,"2025-08-23 21:00:44","2025-08-23 21:27:44",takeaway,NULL
185,54,13,110000.00,completed,"2025-08-26 00:45:44","2025-08-26 01:12:44",dine-in,NULL
186,74,13,110000.00,completed,"2025-10-22 22:06:44","2025-10-22 22:12:44",delivery,NULL
187,93,9,109000.00,pending,"2025-07-29 01:47:44","2025-07-29 02:14:44",takeaway,NULL
188,86,9,127000.00,completed,"2025-07-22 07:16:44","2025-07-22 07:29:44",takeaway,NULL
189,11,6,90000.00,completed,"2025-09-14 06:52:44","2025-09-14 07:08:44",delivery,NULL
190,92,15,133000.00,cancelled,"2025-09-17 19:59:44","2025-09-17 20:14:44",takeaway,NULL
191,148,5,116000.00,completed,"2025-11-22 09:03:44","2025-11-22 09:23:44",dine-in,NULL
192,136,3,55000.00,completed,"2025-11-01 02:31:44","2025-11-01 02:42:44",takeaway,NULL
193,8,9,100000.00,pending,"2025-11-07 23:26:44","2025-11-07 23:36:44",takeaway,NULL
194,47,10,110000.00,completed,"2025-09-23 20:27:44","2025-09-23 20:44:44",takeaway,NULL
195,80,1,87000.00,completed,"2025-09-05 18:13:44","2025-09-05 18:38:44",dine-in,NULL
196,36,13,78000.00,completed,"2025-09-10 18:12:44","2025-09-10 18:34:44",takeaway,NULL
197,36,15,59000.00,completed,"2025-08-29 05:30:44","2025-08-29 05:54:44",takeaway,NULL
198,108,4,137000.00,completed,"2025-11-01 21:21:44","2025-11-01 21:29:44",takeaway,NULL
199,115,9,55000.00,completed,"2025-08-18 04:34:44","2025-08-18 04:57:44",takeaway,NULL
200,114,15,118000.00,completed,"2025-08-14 18:14:44","2025-08-14 18:43:44",dine-in,NULL
201,24,8,139000.00,completed,"2025-11-26 00:07:44","2025-11-26 00:25:44",delivery,NULL
202,130,3,125000.00,completed,"2025-11-23 18:45:44","2025-11-23 19:09:44",dine-in,NULL
203,83,3,179000.00,completed,"2025-09-23 07:40:44","2025-09-23 08:00:44",delivery,NULL
204,57,7,55000.00,completed,"2025-06-25 04:49:44","2025-06-25 05:00:44",dine-in,NULL
205,32,10,137000.00,pending,"2025-10-05 04:55:44","2025-10-05 05:12:44",delivery,NULL
206,69,10,49000.00,completed,"2025-07-08 23:20:44","2025-07-08 23:32:44",takeaway,NULL
207,97,10,69000.00,completed,"2025-09-08 18:20:44","2025-09-08 18:31:44",takeaway,NULL
208,129,8,39000.00,completed,"2025-10-03 04:02:44","2025-10-03 04:08:44",takeaway,NULL
209,40,6,110000.00,completed,"2025-07-25 00:09:44","2025-07-25 00:26:44",delivery,NULL
210,28,9,103000.00,completed,"2025-08-28 06:51:44","2025-08-28 06:57:44",dine-in,NULL
211,163,6,90000.00,completed,"2025-08-30 05:02:44","2025-08-30 05:24:44",delivery,NULL
212,153,7,94000.00,completed,"2025-10-28 01:46:44","2025-10-28 02:14:44",takeaway,NULL
213,154,15,130000.00,completed,"2025-07-20 04:24:44","2025-07-20 04:36:44",takeaway,NULL
214,74,4,136000.00,completed,"2025-11-08 23:33:44","2025-11-08 23:58:44",delivery,NULL
215,57,2,133000.00,pending,"2025-08-17 00:31:44","2025-08-17 00:57:44",dine-in,NULL
216,140,13,55000.00,completed,"2025-08-07 22:56:44","2025-08-07 23:01:44",takeaway,NULL
217,36,2,78000.00,completed,"2025-11-01 07:18:44","2025-11-01 07:31:44",delivery,NULL
218,115,1,55000.00,completed,"2025-08-03 08:39:44","2025-08-03 08:51:44",dine-in,NULL
219,30,12,98000.00,completed,"2025-11-03 06:14:44","2025-11-03 06:27:44",delivery,NULL
220,109,12,120000.00,completed,"2025-07-27 22:36:44","2025-07-27 22:51:44",takeaway,NULL
221,108,6,68000.00,completed,"2025-08-31 21:51:44","2025-08-31 22:21:44",takeaway,NULL
222,38,3,90000.00,pending,"2025-10-19 20:41:44","2025-10-19 20:47:44",takeaway,NULL
223,131,13,45000.00,completed,"2025-09-23 04:18:44","2025-09-23 04:34:44",delivery,NULL
224,32,14,64000.00,completed,"2025-09-25 19:16:44","2025-09-25 19:30:44",takeaway,NULL
225,105,4,78000.00,completed,"2025-09-06 03:31:44","2025-09-06 03:57:44",delivery,NULL
226,153,2,90000.00,completed,"2025-11-01 07:28:44","2025-11-01 07:54:44",takeaway,NULL
227,41,1,188000.00,completed,"2025-09-24 05:37:44","2025-09-24 05:46:44",takeaway,NULL
228,10,14,97000.00,completed,"2025-06-29 01:51:44","2025-06-29 02:01:44",takeaway,NULL
229,159,4,176000.00,completed,"2025-11-25 05:40:44","2025-11-25 06:08:44",delivery,NULL
230,150,7,98000.00,completed,"2025-07-22 19:37:44","2025-07-22 19:53:44",delivery,NULL
231,109,14,159000.00,pending,"2025-10-06 19:44:44","2025-10-06 20:02:44",takeaway,NULL
232,103,5,110000.00,completed,"2025-09-25 21:18:44","2025-09-25 21:35:44",takeaway,NULL
233,150,12,65000.00,completed,"2025-07-18 23:03:44","2025-07-18 23:32:44",dine-in,NULL
234,137,1,55000.00,completed,"2025-07-17 20:28:44","2025-07-17 20:55:44",takeaway,NULL
235,18,6,118000.00,pending,"2025-07-11 02:26:44","2025-07-11 02:44:44",dine-in,NULL
236,32,12,98000.00,completed,"2025-10-13 05:40:44","2025-10-13 05:59:44",dine-in,NULL
237,36,13,94000.00,completed,"2025-11-17 08:28:44","2025-11-17 08:51:44",delivery,NULL
238,140,7,78000.00,completed,"2025-11-24 19:09:44","2025-11-24 19:24:44",dine-in,NULL
239,153,13,45000.00,completed,"2025-11-18 06:54:44","2025-11-18 07:09:44",dine-in,NULL
240,44,11,136000.00,completed,"2025-06-19 21:33:44","2025-06-19 21:59:44",dine-in,NULL
241,51,5,129000.00,completed,"2025-07-18 19:59:44","2025-07-18 20:26:44",dine-in,NULL
242,39,5,59000.00,completed,"2025-10-08 02:26:44","2025-10-08 02:56:44",delivery,NULL
243,136,15,49000.00,pending,"2025-08-11 19:43:44","2025-08-11 20:01:44",delivery,NULL
244,131,9,130000.00,completed,"2025-09-07 01:45:44","2025-09-07 01:56:44",dine-in,NULL
245,97,15,55000.00,cancelled,"2025-10-20 08:45:44","2025-10-20 08:59:44",delivery,NULL
246,44,13,55000.00,completed,"2025-09-02 02:29:44","2025-09-02 02:57:44",takeaway,NULL
247,121,8,65000.00,completed,"2025-08-02 03:38:44","2025-08-02 03:51:44",takeaway,NULL
248,126,3,45000.00,completed,"2025-08-04 19:25:44","2025-08-04 19:30:44",takeaway,NULL
249,150,15,78000.00,completed,"2025-10-17 22:38:44","2025-10-17 22:51:44",delivery,NULL
250,136,1,90000.00,completed,"2025-08-26 07:04:44","2025-08-26 07:30:44",takeaway,NULL
251,82,8,147000.00,completed,"2025-09-22 02:05:44","2025-09-22 02:22:44",takeaway,NULL
252,91,9,90000.00,completed,"2025-07-29 02:18:44","2025-07-29 02:48:44",dine-in,NULL
253,57,6,89000.00,completed,"2025-07-15 00:05:44","2025-07-15 00:13:44",delivery,NULL
254,61,11,39000.00,cancelled,"2025-09-17 19:41:44","2025-09-17 19:54:44",takeaway,NULL
255,69,3,188000.00,completed,"2025-10-07 06:10:44","2025-10-07 06:36:44",takeaway,NULL
256,130,10,123000.00,completed,"2025-10-26 21:02:44","2025-10-26 21:11:44",delivery,NULL
257,139,12,188000.00,pending,"2025-07-10 03:38:44","2025-07-10 03:56:44",takeaway,NULL
258,139,7,118000.00,completed,"2025-10-05 04:38:44","2025-10-05 04:46:44",dine-in,NULL
259,41,14,78000.00,completed,"2025-11-20 00:57:44","2025-11-20 01:23:44",takeaway,NULL
260,140,14,45000.00,completed,"2025-11-19 06:39:44","2025-11-19 06:57:44",delivery,NULL
261,120,13,116000.00,completed,"2025-06-22 21:03:44","2025-06-22 21:11:44",delivery,NULL
262,30,11,69000.00,completed,"2025-07-26 18:37:44","2025-07-26 18:55:44",dine-in,NULL
263,37,7,110000.00,pending,"2025-07-05 02:54:44","2025-07-05 03:13:44",dine-in,NULL
264,47,1,68000.00,completed,"2025-10-27 04:16:44","2025-10-27 04:39:44",takeaway,NULL
265,163,15,196000.00,completed,"2025-08-08 22:37:44","2025-08-08 22:58:44",dine-in,NULL
266,110,3,127000.00,completed,"2025-09-16 18:18:44","2025-09-16 18:35:44",dine-in,NULL
267,74,5,90000.00,completed,"2025-09-04 00:54:44","2025-09-04 01:06:44",takeaway,NULL
268,51,12,98000.00,completed,"2025-11-16 07:30:44","2025-11-16 07:50:44",dine-in,NULL
269,114,5,55000.00,completed,"2025-10-02 02:46:44","2025-10-02 03:07:44",takeaway,NULL
270,136,7,49000.00,pending,"2025-06-14 23:46:44","2025-06-15 00:16:44",takeaway,NULL
271,145,9,98000.00,completed,"2025-07-29 05:11:44","2025-07-29 05:24:44",takeaway,NULL
272,80,9,168000.00,completed,"2025-09-11 19:44:44","2025-09-11 19:50:44",dine-in,NULL
273,149,10,55000.00,completed,"2025-11-16 18:52:44","2025-11-16 18:57:44",dine-in,NULL
274,51,3,122000.00,completed,"2025-10-24 06:35:44","2025-10-24 06:50:44",takeaway,NULL
275,37,2,78000.00,completed,"2025-10-23 01:07:44","2025-10-23 01:21:44",dine-in,NULL
276,69,8,99000.00,pending,"2025-10-23 05:33:44","2025-10-23 05:48:44",dine-in,NULL
277,43,9,55000.00,completed,"2025-10-05 07:51:44","2025-10-05 08:00:44",takeaway,NULL
278,80,13,175000.00,completed,"2025-09-26 21:43:44","2025-09-26 22:09:44",dine-in,NULL
279,68,9,78000.00,pending,"2025-08-05 23:02:44","2025-08-05 23:24:44",takeaway,NULL
280,151,12,39000.00,completed,"2025-11-26 00:48:44","2025-11-26 01:12:44",takeaway,NULL
281,20,9,84000.00,completed,"2025-10-22 08:51:44","2025-10-22 09:08:44",delivery,NULL
282,82,8,168000.00,completed,"2025-11-26 18:16:44","2025-11-26 18:29:44",dine-in,NULL
283,107,5,93000.00,completed,"2025-06-24 08:37:44","2025-06-24 09:01:44",delivery,NULL
284,153,2,49000.00,completed,"2025-08-15 08:54:44","2025-08-15 09:02:44",takeaway,NULL
285,91,15,208000.00,completed,"2025-11-06 20:51:44","2025-11-06 21:13:44",delivery,NULL
286,82,8,130000.00,completed,"2025-10-01 07:29:44","2025-10-01 07:37:44",takeaway,NULL
287,65,9,55000.00,completed,"2025-10-25 01:35:44","2025-10-25 01:45:44",delivery,NULL
288,126,5,45000.00,pending,"2025-07-15 00:20:44","2025-07-15 00:31:44",delivery,NULL
289,120,4,286000.00,completed,"2025-11-11 01:31:44","2025-11-11 01:57:44",dine-in,NULL
290,104,7,168000.00,completed,"2025-07-22 20:35:44","2025-07-22 20:41:44",delivery,NULL
291,33,7,156000.00,completed,"2025-08-29 07:00:44","2025-08-29 07:21:44",takeaway,NULL
292,10,12,55000.00,completed,"2025-07-30 22:07:44","2025-07-30 22:19:44",takeaway,NULL
293,106,1,220000.00,completed,"2025-09-20 03:15:44","2025-09-20 03:32:44",takeaway,NULL
294,17,15,45000.00,completed,"2025-06-13 22:35:44","2025-06-13 22:57:44",takeaway,NULL
295,20,5,188000.00,completed,"2025-09-23 05:45:44","2025-09-23 05:59:44",dine-in,NULL
296,27,11,39000.00,completed,"2025-06-30 19:59:44","2025-06-30 20:26:44",takeaway,NULL
297,52,4,97000.00,completed,"2025-07-12 01:54:44","2025-07-12 02:21:44",takeaway,NULL
298,100,3,65000.00,completed,"2025-09-16 22:51:44","2025-09-16 22:56:44",dine-in,NULL
299,155,10,78000.00,completed,"2025-06-25 05:05:44","2025-06-25 05:24:44",dine-in,NULL
300,43,12,117000.00,completed,"2025-11-06 22:02:44","2025-11-06 22:32:44",takeaway,NULL
301,84,11,122000.00,completed,"2025-07-15 19:38:44","2025-07-15 19:45:44",dine-in,NULL
302,91,13,55000.00,completed,"2025-08-04 06:39:44","2025-08-04 07:07:44",takeaway,NULL
303,107,13,235000.00,pending,"2025-09-28 07:03:44","2025-09-28 07:27:44",takeaway,NULL
304,69,6,100000.00,completed,"2025-11-01 01:29:44","2025-11-01 01:44:44",dine-in,NULL
305,86,6,39000.00,completed,"2025-10-04 04:04:44","2025-10-04 04:13:44",takeaway,NULL
306,106,2,78000.00,completed,"2025-07-02 00:21:44","2025-07-02 00:45:44",takeaway,NULL
307,28,7,59000.00,completed,"2025-08-17 04:18:44","2025-08-17 04:26:44",takeaway,NULL
308,84,1,49000.00,completed,"2025-08-10 00:20:44","2025-08-10 00:44:44",takeaway,NULL
309,91,9,74000.00,completed,"2025-07-30 05:24:44","2025-07-30 05:31:44",delivery,NULL
310,131,6,78000.00,completed,"2025-06-08 04:30:44","2025-06-08 04:55:44",takeaway,NULL
311,133,12,168000.00,pending,"2025-07-23 18:57:44","2025-07-23 19:25:44",delivery,NULL
312,51,12,55000.00,completed,"2025-09-16 20:12:44","2025-09-16 20:25:44",takeaway,NULL
313,44,8,118000.00,completed,"2025-09-15 20:51:44","2025-09-15 21:13:44",dine-in,NULL
314,31,6,188000.00,completed,"2025-07-06 22:52:44","2025-07-06 23:04:44",dine-in,NULL
315,143,7,110000.00,completed,"2025-10-28 01:16:44","2025-10-28 01:21:44",takeaway,NULL
316,115,5,39000.00,completed,"2025-07-02 19:42:44","2025-07-02 20:11:44",takeaway,NULL
317,44,12,49000.00,completed,"2025-07-10 18:22:44","2025-07-10 18:35:44",takeaway,NULL
318,63,15,98000.00,completed,"2025-10-27 20:19:44","2025-10-27 20:27:44",takeaway,NULL
319,29,5,98000.00,pending,"2025-10-09 21:37:44","2025-10-09 21:47:44",takeaway,NULL
320,50,3,45000.00,completed,"2025-09-11 00:03:44","2025-09-11 00:24:44",dine-in,NULL
321,100,15,55000.00,completed,"2025-08-04 06:35:44","2025-08-04 06:45:44",delivery,NULL
322,54,10,110000.00,completed,"2025-11-29 23:07:44","2025-11-29 23:21:44",takeaway,NULL
323,82,11,133000.00,completed,"2025-08-19 08:46:44","2025-08-19 09:04:44",takeaway,NULL
324,149,4,118000.00,completed,"2025-10-28 04:16:44","2025-10-28 04:43:44",dine-in,NULL
325,156,14,39000.00,completed,"2025-08-13 01:08:44","2025-08-13 01:26:44",dine-in,NULL
326,99,7,98000.00,completed,"2025-10-11 23:12:44","2025-10-11 23:28:44",dine-in,NULL
327,167,10,45000.00,completed,"2025-06-08 02:18:44","2025-06-08 02:34:44",delivery,NULL
328,28,2,220000.00,pending,"2025-11-20 19:53:44","2025-11-20 20:15:44",takeaway,NULL
329,76,3,147000.00,completed,"2025-09-27 02:01:44","2025-09-27 02:06:44",takeaway,NULL
330,27,7,49000.00,completed,"2025-08-19 08:00:44","2025-08-19 08:22:44",delivery,NULL
331,65,7,110000.00,completed,"2025-10-07 21:33:44","2025-10-07 21:40:44",dine-in,NULL
332,37,8,49000.00,completed,"2025-06-24 07:22:44","2025-06-24 07:46:44",dine-in,NULL
333,118,15,117000.00,completed,"2025-06-19 03:18:44","2025-06-19 03:41:44",takeaway,NULL
334,43,2,110000.00,pending,"2025-11-11 23:15:44","2025-11-11 23:24:44",dine-in,NULL
335,60,12,45000.00,completed,"2025-09-27 05:32:44","2025-09-27 05:56:44",takeaway,NULL
336,150,2,138000.00,completed,"2025-07-17 04:45:44","2025-07-17 05:03:44",takeaway,NULL
337,127,4,69000.00,pending,"2025-09-24 22:01:44","2025-09-24 22:11:44",takeaway,NULL
338,86,6,118000.00,completed,"2025-06-06 20:17:44","2025-06-06 20:43:44",delivery,NULL
339,149,1,218000.00,completed,"2025-07-27 03:14:44","2025-07-27 03:31:44",dine-in,NULL
340,50,7,90000.00,completed,"2025-07-09 02:07:44","2025-07-09 02:22:44",dine-in,NULL
341,86,1,200000.00,completed,"2025-10-31 18:43:44","2025-10-31 19:07:44",dine-in,NULL
342,88,3,39000.00,completed,"2025-09-24 06:22:44","2025-09-24 06:51:44",dine-in,NULL
343,43,4,98000.00,completed,"2025-11-29 19:51:44","2025-11-29 20:20:44",dine-in,NULL
344,113,9,78000.00,completed,"2025-09-14 07:08:44","2025-09-14 07:24:44",dine-in,NULL
345,54,13,45000.00,completed,"2025-11-01 04:43:44","2025-11-01 04:49:44",dine-in,NULL
346,131,6,78000.00,completed,"2025-10-13 02:09:44","2025-10-13 02:14:44",takeaway,NULL
347,124,1,59000.00,completed,"2025-09-08 23:25:44","2025-09-08 23:37:44",dine-in,NULL
348,170,6,118000.00,completed,"2025-07-15 21:19:44","2025-07-15 21:38:44",takeaway,NULL
349,99,13,110000.00,completed,"2025-07-16 23:56:44","2025-07-17 00:12:44",takeaway,NULL
350,37,3,99000.00,completed,"2025-09-10 01:01:44","2025-09-10 01:07:44",dine-in,NULL
351,138,9,110000.00,completed,"2025-07-29 01:03:44","2025-07-29 01:15:44",takeaway,NULL
352,152,5,69000.00,completed,"2025-10-18 07:35:44","2025-10-18 07:48:44",takeaway,NULL
353,97,12,74000.00,completed,"2025-07-13 04:37:44","2025-07-13 04:43:44",takeaway,NULL
354,30,11,78000.00,completed,"2025-10-01 02:12:44","2025-10-01 02:38:44",takeaway,NULL
355,81,11,118000.00,completed,"2025-10-13 06:44:44","2025-10-13 06:52:44",dine-in,NULL
356,23,14,159000.00,completed,"2025-09-17 00:08:44","2025-09-17 00:23:44",takeaway,NULL
357,121,9,78000.00,completed,"2025-11-08 21:34:44","2025-11-08 21:56:44",delivery,NULL
358,24,11,49000.00,pending,"2025-06-08 04:57:44","2025-06-08 05:18:44",delivery,NULL
359,10,15,39000.00,completed,"2025-08-19 06:42:44","2025-08-19 07:09:44",delivery,NULL
360,41,12,55000.00,completed,"2025-11-07 06:18:44","2025-11-07 06:23:44",delivery,NULL
361,29,10,149000.00,completed,"2025-10-04 04:57:44","2025-10-04 05:06:44",takeaway,NULL
362,86,3,129000.00,completed,"2025-10-13 08:49:44","2025-10-13 09:14:44",dine-in,NULL
363,46,13,45000.00,completed,"2025-10-17 19:23:44","2025-10-17 19:40:44",takeaway,NULL
364,27,13,49000.00,cancelled,"2025-06-17 03:33:44","2025-06-17 04:00:44",dine-in,NULL
365,98,13,69000.00,completed,"2025-11-03 20:52:44","2025-11-03 21:16:44",dine-in,NULL
366,41,13,55000.00,completed,"2025-11-01 20:57:44","2025-11-01 21:16:44",takeaway,NULL
367,163,7,91000.00,completed,"2025-08-29 18:30:44","2025-08-29 18:47:44",dine-in,NULL
368,13,8,127000.00,completed,"2025-06-17 21:42:44","2025-06-17 21:53:44",delivery,NULL
369,44,9,246000.00,completed,"2025-07-27 01:59:44","2025-07-27 02:26:44",dine-in,NULL
370,23,10,110000.00,completed,"2025-07-16 06:04:44","2025-07-16 06:34:44",takeaway,NULL
371,145,12,138000.00,completed,"2025-08-18 06:38:44","2025-08-18 06:47:44",takeaway,NULL
372,43,15,110000.00,completed,"2025-11-08 07:55:44","2025-11-08 08:08:44",takeaway,NULL
373,63,4,168000.00,pending,"2025-10-21 20:00:44","2025-10-21 20:17:44",takeaway,NULL
374,70,3,39000.00,completed,"2025-09-19 18:10:44","2025-09-19 18:22:44",dine-in,NULL
375,114,10,39000.00,completed,"2025-07-31 06:40:44","2025-07-31 06:51:44",takeaway,NULL
376,28,11,98000.00,completed,"2025-07-12 18:59:44","2025-07-12 19:18:44",takeaway,NULL
377,111,13,55000.00,completed,"2025-11-19 04:33:44","2025-11-19 04:48:44",delivery,NULL
378,30,5,137000.00,completed,"2025-06-20 21:55:44","2025-06-20 22:02:44",takeaway,NULL
379,115,14,78000.00,completed,"2025-07-10 18:48:44","2025-07-10 19:09:44",takeaway,NULL
380,22,15,97000.00,completed,"2025-11-10 04:45:44","2025-11-10 05:07:44",takeaway,NULL
381,132,1,94000.00,completed,"2025-11-30 03:07:44","2025-11-30 03:28:44",delivery,NULL
382,50,4,49000.00,completed,"2025-10-02 18:30:44","2025-10-02 18:39:44",takeaway,NULL
383,20,14,55000.00,completed,"2025-11-08 23:02:44","2025-11-08 23:18:44",takeaway,NULL
384,36,8,165000.00,completed,"2025-11-02 20:13:44","2025-11-02 20:34:44",delivery,NULL
385,36,2,103000.00,completed,"2025-09-29 23:53:44","2025-09-30 00:19:44",delivery,NULL
386,28,4,148000.00,completed,"2025-10-13 20:41:44","2025-10-13 21:09:44",takeaway,NULL
387,93,12,118000.00,completed,"2025-09-30 04:05:44","2025-09-30 04:22:44",takeaway,NULL
388,95,7,59000.00,pending,"2025-08-01 07:32:44","2025-08-01 07:42:44",delivery,NULL
389,25,8,55000.00,completed,"2025-09-24 21:24:44","2025-09-24 21:52:44",dine-in,NULL
390,40,13,188000.00,completed,"2025-11-14 23:09:44","2025-11-14 23:28:44",dine-in,NULL
391,80,7,49000.00,completed,"2025-11-02 21:07:44","2025-11-02 21:23:44",takeaway,NULL
392,132,13,128000.00,completed,"2025-06-14 22:54:44","2025-06-14 23:12:44",takeaway,NULL
393,51,1,45000.00,pending,"2025-06-20 07:23:44","2025-06-20 07:50:44",takeaway,NULL
394,37,2,196000.00,completed,"2025-07-20 07:07:44","2025-07-20 07:20:44",delivery,NULL
395,30,4,39000.00,completed,"2025-09-03 05:09:44","2025-09-03 05:31:44",dine-in,NULL
396,74,4,90000.00,completed,"2025-07-04 00:28:44","2025-07-04 00:33:44",takeaway,NULL
397,150,15,69000.00,completed,"2025-11-03 20:24:44","2025-11-03 20:33:44",takeaway,NULL
398,24,8,78000.00,completed,"2025-10-28 19:05:44","2025-10-28 19:10:44",delivery,NULL
399,133,8,90000.00,completed,"2025-06-28 00:02:44","2025-06-28 00:07:44",takeaway,NULL
400,43,13,98000.00,completed,"2025-09-20 18:53:44","2025-09-20 19:03:44",takeaway,NULL
401,36,7,138000.00,completed,"2025-07-30 04:00:44","2025-07-30 04:28:44",dine-in,NULL
402,105,13,99000.00,completed,"2025-11-09 01:14:44","2025-11-09 01:25:44",delivery,NULL
403,80,12,65000.00,pending,"2025-10-28 05:08:44","2025-10-28 05:35:44",takeaway,NULL
404,10,12,133000.00,completed,"2025-07-22 06:17:44","2025-07-22 06:23:44",takeaway,NULL
405,125,11,128000.00,completed,"2025-11-15 02:55:44","2025-11-15 03:24:44",takeaway,NULL
406,94,14,77000.00,cancelled,"2025-08-29 08:29:44","2025-08-29 08:49:44",takeaway,NULL
407,159,6,118000.00,pending,"2025-10-19 19:03:44","2025-10-19 19:11:44",dine-in,NULL
408,82,4,110000.00,completed,"2025-06-06 04:57:44","2025-06-06 05:15:44",dine-in,NULL
409,10,1,156000.00,completed,"2025-10-08 19:59:44","2025-10-08 20:20:44",takeaway,NULL
410,131,2,90000.00,cancelled,"2025-06-29 21:05:44","2025-06-29 21:12:44",takeaway,NULL
411,38,13,94000.00,completed,"2025-11-12 04:46:44","2025-11-12 04:52:44",delivery,NULL
412,150,8,39000.00,completed,"2025-08-28 08:29:44","2025-08-28 08:38:44",delivery,NULL
413,102,11,59000.00,completed,"2025-11-25 23:37:44","2025-11-26 00:01:44",takeaway,NULL
414,139,1,130000.00,cancelled,"2025-08-26 03:08:44","2025-08-26 03:37:44",takeaway,NULL
415,71,10,39000.00,completed,"2025-09-22 23:24:44","2025-09-22 23:32:44",takeaway,NULL
416,99,13,110000.00,completed,"2025-09-04 22:28:44","2025-09-04 22:34:44",dine-in,NULL
417,32,2,110000.00,completed,"2025-11-17 06:36:44","2025-11-17 07:00:44",takeaway,NULL
418,85,13,49000.00,completed,"2025-09-22 03:35:44","2025-09-22 03:49:44",dine-in,NULL
419,146,11,109000.00,completed,"2025-07-27 20:39:44","2025-07-27 20:57:44",takeaway,NULL
420,41,4,98000.00,completed,"2025-06-30 20:03:44","2025-06-30 20:23:44",delivery,NULL
421,147,9,68000.00,completed,"2025-10-06 20:04:44","2025-10-06 20:09:44",dine-in,NULL
422,96,3,118000.00,completed,"2025-09-03 20:56:44","2025-09-03 21:14:44",takeaway,NULL
423,137,7,180000.00,completed,"2025-07-23 06:24:44","2025-07-23 06:41:44",dine-in,NULL
424,149,15,55000.00,completed,"2025-10-02 01:45:44","2025-10-02 02:05:44",dine-in,NULL
425,136,6,49000.00,completed,"2025-07-12 18:42:44","2025-07-12 19:09:44",delivery,NULL
426,69,14,110000.00,completed,"2025-08-06 01:16:44","2025-08-06 01:35:44",dine-in,NULL
427,95,13,157000.00,completed,"2025-06-06 18:46:44","2025-06-06 18:52:44",delivery,NULL
428,153,3,98000.00,completed,"2025-07-18 08:50:44","2025-07-18 09:08:44",takeaway,NULL
429,81,2,134000.00,completed,"2025-07-23 07:17:44","2025-07-23 07:40:44",takeaway,NULL
430,32,7,137000.00,pending,"2025-06-12 05:07:44","2025-06-12 05:30:44",dine-in,NULL
431,51,1,55000.00,completed,"2025-08-22 18:08:44","2025-08-22 18:26:44",takeaway,NULL
432,28,10,110000.00,pending,"2025-10-27 18:20:44","2025-10-27 18:35:44",takeaway,NULL
433,116,15,98000.00,completed,"2025-08-06 03:47:44","2025-08-06 04:02:44",dine-in,NULL
434,42,4,110000.00,completed,"2025-09-10 22:13:44","2025-09-10 22:36:44",takeaway,NULL
435,82,10,117000.00,pending,"2025-09-09 18:51:44","2025-09-09 19:17:44",takeaway,NULL
436,124,1,98000.00,completed,"2025-10-24 19:41:44","2025-10-24 20:08:44",takeaway,NULL
437,62,5,45000.00,completed,"2025-08-29 08:57:44","2025-08-29 09:23:44",dine-in,NULL
438,158,15,94000.00,completed,"2025-10-03 19:19:44","2025-10-03 19:29:44",delivery,NULL
439,56,12,90000.00,completed,"2025-06-16 21:24:44","2025-06-16 21:38:44",takeaway,NULL
440,57,2,139000.00,completed,"2025-11-18 02:33:44","2025-11-18 02:54:44",dine-in,NULL
441,103,8,123000.00,cancelled,"2025-10-21 02:15:44","2025-10-21 02:21:44",takeaway,NULL
442,144,10,176000.00,completed,"2025-06-24 18:28:44","2025-06-24 18:55:44",takeaway,NULL
443,163,6,132000.00,completed,"2025-11-26 21:03:44","2025-11-26 21:30:44",delivery,NULL
444,30,9,156000.00,completed,"2025-10-18 06:52:44","2025-10-18 07:22:44",takeaway,NULL
445,103,13,78000.00,completed,"2025-06-17 01:22:44","2025-06-17 01:45:44",takeaway,NULL
446,10,1,78000.00,pending,"2025-07-21 20:10:44","2025-07-21 20:26:44",dine-in,NULL
447,25,4,98000.00,completed,"2025-08-14 22:10:44","2025-08-14 22:18:44",delivery,NULL
448,78,9,116000.00,completed,"2025-09-07 07:48:44","2025-09-07 08:13:44",takeaway,NULL
449,155,5,133000.00,cancelled,"2025-08-22 19:54:44","2025-08-22 20:14:44",delivery,NULL
450,42,2,110000.00,pending,"2025-10-28 07:41:44","2025-10-28 08:09:44",takeaway,NULL
451,17,3,49000.00,completed,"2025-08-29 20:01:44","2025-08-29 20:11:44",takeaway,NULL
452,86,1,117000.00,completed,"2025-10-10 06:18:44","2025-10-10 06:48:44",dine-in,NULL
453,106,15,117000.00,completed,"2025-06-14 19:55:44","2025-06-14 20:12:44",dine-in,NULL
454,17,13,65000.00,completed,"2025-10-30 21:26:44","2025-10-30 21:56:44",takeaway,NULL
455,37,14,98000.00,completed,"2025-07-19 21:25:44","2025-07-19 21:31:44",takeaway,NULL
456,24,14,55000.00,completed,"2025-10-21 18:51:44","2025-10-21 19:19:44",takeaway,NULL
457,152,6,69000.00,pending,"2025-11-08 04:21:44","2025-11-08 04:36:44",takeaway,NULL
458,140,1,45000.00,completed,"2025-07-12 00:46:44","2025-07-12 01:15:44",dine-in,NULL
459,105,11,118000.00,completed,"2025-11-21 02:41:44","2025-11-21 02:47:44",dine-in,NULL
460,115,2,97000.00,completed,"2025-08-24 05:34:44","2025-08-24 05:39:44",takeaway,NULL
461,80,2,55000.00,pending,"2025-07-29 23:21:44","2025-07-29 23:36:44",dine-in,NULL
462,32,1,118000.00,completed,"2025-10-02 19:10:44","2025-10-02 19:28:44",dine-in,NULL
463,84,12,98000.00,completed,"2025-08-06 04:20:44","2025-08-06 04:36:44",delivery,NULL
464,145,6,59000.00,completed,"2025-08-20 20:34:44","2025-08-20 20:47:44",dine-in,NULL
465,155,7,90000.00,completed,"2025-06-15 07:05:44","2025-06-15 07:35:44",takeaway,NULL
466,80,12,55000.00,completed,"2025-06-14 00:11:44","2025-06-14 00:20:44",takeaway,NULL
467,150,1,88000.00,completed,"2025-06-24 19:54:44","2025-06-24 20:07:44",takeaway,NULL
468,71,5,90000.00,cancelled,"2025-09-16 05:34:44","2025-09-16 05:55:44",takeaway,NULL
469,157,1,69000.00,completed,"2025-08-25 22:26:44","2025-08-25 22:52:44",dine-in,NULL
470,149,3,110000.00,completed,"2025-10-01 20:51:44","2025-10-01 21:03:44",takeaway,NULL
471,46,1,59000.00,completed,"2025-08-22 05:57:44","2025-08-22 06:14:44",takeaway,NULL
472,33,3,55000.00,completed,"2025-11-04 04:56:44","2025-11-04 05:09:44",takeaway,NULL
473,151,14,114000.00,completed,"2025-09-07 07:35:44","2025-09-07 07:54:44",delivery,NULL
474,116,8,55000.00,completed,"2025-08-29 05:01:44","2025-08-29 05:17:44",takeaway,NULL
475,10,11,78000.00,completed,"2025-06-10 18:54:44","2025-06-10 19:09:44",delivery,NULL
476,85,7,90000.00,completed,"2025-10-09 23:37:44","2025-10-09 23:45:44",takeaway,NULL
477,36,9,98000.00,completed,"2025-11-19 05:03:44","2025-11-19 05:28:44",dine-in,NULL
478,164,11,133000.00,pending,"2025-06-17 19:40:44","2025-06-17 20:05:44",takeaway,NULL
479,77,7,100000.00,completed,"2025-11-01 18:30:44","2025-11-01 18:48:44",takeaway,NULL
480,109,3,130000.00,completed,"2025-06-23 21:26:44","2025-06-23 21:39:44",takeaway,NULL
481,24,4,65000.00,completed,"2025-07-02 07:02:44","2025-07-02 07:18:44",delivery,NULL
482,165,15,110000.00,pending,"2025-09-06 20:23:44","2025-09-06 20:50:44",dine-in,NULL
483,94,10,90000.00,completed,"2025-10-09 19:39:44","2025-10-09 19:58:44",takeaway,NULL
484,83,5,90000.00,completed,"2025-07-31 05:55:44","2025-07-31 06:07:44",dine-in,NULL
485,86,14,142000.00,completed,"2025-08-24 02:37:44","2025-08-24 02:56:44",takeaway,NULL
486,91,10,137000.00,completed,"2025-10-05 08:03:44","2025-10-05 08:28:44",takeaway,NULL
487,10,1,55000.00,completed,"2025-11-22 05:57:44","2025-11-22 06:11:44",delivery,NULL
488,115,6,112000.00,completed,"2025-11-03 03:14:44","2025-11-03 03:24:44",delivery,NULL
489,22,3,39000.00,completed,"2025-11-07 07:50:44","2025-11-07 08:09:44",takeaway,NULL
490,20,6,49000.00,completed,"2025-06-13 07:10:44","2025-06-13 07:30:44",takeaway,NULL
491,167,4,59000.00,completed,"2025-09-25 08:31:44","2025-09-25 08:39:44",delivery,NULL
492,48,4,71000.00,completed,"2025-06-25 02:38:44","2025-06-25 02:46:44",takeaway,NULL
493,16,9,78000.00,completed,"2025-11-29 02:20:44","2025-11-29 02:36:44",takeaway,NULL
494,90,11,55000.00,completed,"2025-08-25 21:54:44","2025-08-25 22:10:44",delivery,NULL
495,114,10,88000.00,completed,"2025-08-30 02:54:44","2025-08-30 03:24:44",takeaway,NULL
496,90,7,98000.00,completed,"2025-08-10 06:37:44","2025-08-10 06:59:44",dine-in,NULL
497,23,1,49000.00,completed,"2025-07-14 19:37:44","2025-07-14 19:54:44",dine-in,NULL
498,46,6,39000.00,pending,"2025-11-21 01:48:44","2025-11-21 02:14:44",dine-in,NULL
499,125,10,39000.00,completed,"2025-08-07 05:13:44","2025-08-07 05:32:44",dine-in,NULL
500,135,2,45000.00,completed,"2025-09-27 20:37:44","2025-09-27 20:45:44",dine-in,NULL
501,83,6,69000.00,completed,"2025-06-18 00:50:44","2025-06-18 01:15:44",dine-in,NULL
502,170,5,65000.00,completed,"2025-10-02 05:22:44","2025-10-02 05:51:44",delivery,NULL
503,37,9,177000.00,pending,"2025-07-04 02:01:44","2025-07-04 02:21:44",delivery,NULL
504,18,3,45000.00,completed,"2025-06-25 07:23:44","2025-06-25 07:40:44",takeaway,NULL
505,169,7,154000.00,completed,"2025-06-09 08:06:44","2025-06-09 08:11:44",takeaway,NULL
506,129,3,149000.00,completed,"2025-06-22 05:15:44","2025-06-22 05:22:44",dine-in,NULL
507,68,11,110000.00,completed,"2025-10-12 21:02:44","2025-10-12 21:23:44",delivery,NULL
508,164,1,116000.00,completed,"2025-11-26 19:33:44","2025-11-26 19:45:44",delivery,NULL
509,133,6,98000.00,pending,"2025-08-14 19:46:44","2025-08-14 19:54:44",takeaway,NULL
510,30,2,180000.00,completed,"2025-09-01 01:36:44","2025-09-01 01:54:44",takeaway,NULL
511,150,4,149000.00,completed,"2025-10-15 05:56:44","2025-10-15 06:23:44",delivery,NULL
512,163,7,116000.00,completed,"2025-10-15 21:50:44","2025-10-15 22:11:44",delivery,NULL
513,37,3,90000.00,completed,"2025-07-17 19:46:44","2025-07-17 20:03:44",takeaway,NULL
514,116,14,39000.00,completed,"2025-11-05 01:19:44","2025-11-05 01:24:44",delivery,NULL
515,120,12,45000.00,completed,"2025-10-02 19:02:44","2025-10-02 19:11:44",takeaway,NULL
516,68,14,55000.00,pending,"2025-07-03 21:25:44","2025-07-03 21:41:44",takeaway,NULL
517,44,9,65000.00,completed,"2025-10-27 01:39:44","2025-10-27 01:58:44",takeaway,NULL
518,106,10,232000.00,completed,"2025-11-18 04:35:44","2025-11-18 04:55:44",takeaway,NULL
519,150,13,109000.00,completed,"2025-07-16 04:34:44","2025-07-16 05:04:44",takeaway,NULL
520,115,5,128000.00,completed,"2025-06-21 00:54:44","2025-06-21 01:00:44",takeaway,NULL
521,51,12,107000.00,completed,"2025-11-24 02:30:44","2025-11-24 02:45:44",dine-in,NULL
522,80,13,78000.00,completed,"2025-10-18 23:07:44","2025-10-18 23:14:44",dine-in,NULL
523,42,7,130000.00,completed,"2025-11-11 19:14:44","2025-11-11 19:26:44",dine-in,NULL
524,151,15,110000.00,completed,"2025-07-01 23:51:44","2025-07-02 00:05:44",dine-in,NULL
525,37,14,148000.00,pending,"2025-07-01 04:01:44","2025-07-01 04:26:44",delivery,NULL
526,12,10,110000.00,completed,"2025-08-12 07:14:44","2025-08-12 07:39:44",takeaway,NULL
527,152,14,83000.00,completed,"2025-10-03 20:24:44","2025-10-03 20:41:44",takeaway,NULL
528,11,11,113000.00,completed,"2025-11-12 19:12:44","2025-11-12 19:32:44",dine-in,NULL
529,30,3,90000.00,completed,"2025-09-19 18:34:44","2025-09-19 18:52:44",delivery,NULL
530,124,11,110000.00,cancelled,"2025-10-28 18:44:44","2025-10-28 18:59:44",delivery,NULL
531,55,1,49000.00,completed,"2025-08-10 04:44:44","2025-08-10 05:09:44",takeaway,NULL
532,150,2,119000.00,completed,"2025-09-04 09:05:44","2025-09-04 09:28:44",delivery,NULL
533,99,1,55000.00,completed,"2025-06-22 18:37:44","2025-06-22 18:48:44",takeaway,NULL
534,116,10,153000.00,completed,"2025-06-12 03:04:44","2025-06-12 03:11:44",takeaway,NULL
535,100,14,49000.00,cancelled,"2025-11-15 06:48:44","2025-11-15 07:14:44",takeaway,NULL
536,18,5,45000.00,completed,"2025-08-07 06:38:44","2025-08-07 06:59:44",delivery,NULL
537,17,2,251000.00,completed,"2025-09-22 06:23:44","2025-09-22 06:31:44",takeaway,NULL
538,145,2,59000.00,completed,"2025-07-04 23:14:44","2025-07-04 23:41:44",takeaway,NULL
539,105,11,55000.00,completed,"2025-10-31 19:48:44","2025-10-31 19:59:44",takeaway,NULL
540,161,14,98000.00,completed,"2025-11-15 19:08:44","2025-11-15 19:20:44",takeaway,NULL
541,80,6,230000.00,completed,"2025-07-24 00:14:44","2025-07-24 00:38:44",dine-in,NULL
542,130,10,117000.00,completed,"2025-08-20 22:24:44","2025-08-20 22:50:44",dine-in,NULL
543,172,1,89000.00,completed,"2025-06-18 00:00:44","2025-06-18 00:30:44",takeaway,NULL
544,31,1,188000.00,completed,"2025-06-19 01:39:44","2025-06-19 01:56:44",takeaway,NULL
545,40,12,55000.00,completed,"2025-09-07 23:46:44","2025-09-07 23:52:44",takeaway,NULL
546,139,2,55000.00,completed,"2025-06-28 18:23:44","2025-06-28 18:37:44",takeaway,NULL
547,117,10,118000.00,completed,"2025-06-21 20:57:44","2025-06-21 21:27:44",takeaway,NULL
548,117,13,110000.00,pending,"2025-08-25 18:30:44","2025-08-25 18:40:44",dine-in,NULL
549,75,2,97000.00,completed,"2025-11-27 19:34:44","2025-11-27 19:57:44",delivery,NULL
550,35,10,88000.00,pending,"2025-10-02 18:24:44","2025-10-02 18:46:44",takeaway,NULL
551,137,10,116000.00,completed,"2025-08-17 05:54:44","2025-08-17 06:21:44",takeaway,NULL
552,44,10,100000.00,completed,"2025-09-12 05:14:44","2025-09-12 05:27:44",delivery,NULL
553,82,11,78000.00,completed,"2025-10-29 08:33:44","2025-10-29 08:45:44",dine-in,NULL
554,60,7,39000.00,completed,"2025-06-18 22:08:44","2025-06-18 22:34:44",delivery,NULL
555,29,4,68000.00,pending,"2025-11-27 21:54:44","2025-11-27 22:20:44",delivery,NULL
556,92,11,58000.00,completed,"2025-09-30 18:25:44","2025-09-30 18:40:44",takeaway,NULL
557,98,1,110000.00,completed,"2025-09-03 19:42:44","2025-09-03 20:12:44",dine-in,NULL
558,152,11,208000.00,completed,"2025-09-26 03:21:44","2025-09-26 03:39:44",delivery,NULL
559,101,15,55000.00,pending,"2025-10-12 00:06:44","2025-10-12 00:22:44",dine-in,NULL
560,8,4,83000.00,completed,"2025-06-10 22:01:44","2025-06-10 22:11:44",dine-in,NULL
561,150,11,90000.00,completed,"2025-06-09 07:17:44","2025-06-09 07:44:44",takeaway,NULL
562,164,11,55000.00,completed,"2025-07-04 00:04:44","2025-07-04 00:16:44",takeaway,NULL
563,152,3,98000.00,completed,"2025-10-04 02:53:44","2025-10-04 02:58:44",dine-in,NULL
564,43,10,68000.00,completed,"2025-09-23 08:23:44","2025-09-23 08:48:44",takeaway,NULL
565,103,12,90000.00,completed,"2025-08-11 02:35:44","2025-08-11 02:44:44",delivery,NULL
566,108,9,39000.00,completed,"2025-08-15 23:17:44","2025-08-15 23:30:44",dine-in,NULL
567,37,9,90000.00,completed,"2025-10-08 03:16:44","2025-10-08 03:42:44",takeaway,NULL
568,100,14,98000.00,completed,"2025-11-21 07:32:44","2025-11-21 07:49:44",dine-in,NULL
569,140,3,55000.00,completed,"2025-07-13 03:14:44","2025-07-13 03:44:44",dine-in,NULL
570,103,15,59000.00,pending,"2025-07-15 18:10:44","2025-07-15 18:33:44",takeaway,NULL
571,68,8,68000.00,completed,"2025-09-20 06:50:44","2025-09-20 06:58:44",dine-in,NULL
572,10,3,246000.00,completed,"2025-09-22 19:50:44","2025-09-22 20:15:44",dine-in,NULL
573,32,12,118000.00,completed,"2025-09-27 00:41:44","2025-09-27 00:57:44",dine-in,NULL
574,95,12,45000.00,completed,"2025-09-09 18:49:44","2025-09-09 19:00:44",takeaway,NULL
575,40,10,90000.00,completed,"2025-11-15 19:04:44","2025-11-15 19:15:44",takeaway,NULL
576,37,13,45000.00,completed,"2025-08-12 19:31:44","2025-08-12 20:01:44",dine-in,NULL
577,69,2,39000.00,pending,"2025-07-12 18:28:44","2025-07-12 18:35:44",dine-in,NULL
578,111,8,117000.00,pending,"2025-11-10 22:27:44","2025-11-10 22:51:44",takeaway,NULL
579,70,1,153000.00,completed,"2025-08-24 02:23:44","2025-08-24 02:49:44",takeaway,NULL
580,36,2,110000.00,pending,"2025-08-13 19:06:44","2025-08-13 19:36:44",takeaway,NULL
581,152,7,98000.00,completed,"2025-09-18 23:52:44","2025-09-19 00:21:44",takeaway,NULL
582,30,8,78000.00,pending,"2025-07-14 06:44:44","2025-07-14 07:12:44",delivery,NULL
583,100,15,59000.00,completed,"2025-09-29 18:33:44","2025-09-29 18:52:44",dine-in,NULL
584,60,9,49000.00,completed,"2025-08-23 04:03:44","2025-08-23 04:24:44",takeaway,NULL
585,91,9,55000.00,pending,"2025-12-01 00:21:44","2025-12-01 00:29:44",takeaway,NULL
586,101,6,110000.00,completed,"2025-10-29 22:36:44","2025-10-29 22:49:44",takeaway,NULL
587,35,8,55000.00,completed,"2025-06-07 01:19:44","2025-06-07 01:46:44",takeaway,NULL
588,146,9,100000.00,pending,"2025-06-28 02:24:44","2025-06-28 02:52:44",takeaway,NULL
589,136,8,84000.00,completed,"2025-10-13 19:15:44","2025-10-13 19:43:44",dine-in,NULL
590,109,2,116000.00,cancelled,"2025-11-16 04:58:44","2025-11-16 05:20:44",takeaway,NULL
591,157,7,120000.00,pending,"2025-06-14 18:41:44","2025-06-14 19:09:44",delivery,NULL
592,20,11,157000.00,pending,"2025-07-01 23:57:44","2025-07-02 00:06:44",takeaway,NULL
593,44,8,39000.00,completed,"2025-06-17 05:57:44","2025-06-17 06:08:44",delivery,NULL
594,24,9,104000.00,completed,"2025-09-14 21:59:44","2025-09-14 22:10:44",takeaway,NULL
595,131,13,71000.00,completed,"2025-08-17 04:34:44","2025-08-17 04:49:44",takeaway,NULL
596,142,7,88000.00,cancelled,"2025-08-31 21:01:44","2025-08-31 21:14:44",dine-in,NULL
597,103,14,55000.00,completed,"2025-06-29 06:01:44","2025-06-29 06:19:44",delivery,NULL
598,158,10,110000.00,completed,"2025-06-09 19:59:44","2025-06-09 20:10:44",takeaway,NULL
599,22,9,65000.00,completed,"2025-11-01 00:51:44","2025-11-01 00:58:44",delivery,NULL
600,23,5,167000.00,completed,"2025-09-18 23:51:44","2025-09-19 00:06:44",delivery,NULL
601,17,13,110000.00,completed,"2025-06-27 20:23:44","2025-06-27 20:53:44",takeaway,NULL
602,37,11,178000.00,completed,"2025-08-17 20:58:44","2025-08-17 21:27:44",takeaway,NULL
603,121,2,78000.00,completed,"2025-07-17 19:54:44","2025-07-17 20:01:44",delivery,NULL
604,70,9,117000.00,completed,"2025-12-01 00:50:44","2025-12-01 01:04:44",dine-in,NULL
605,32,11,39000.00,completed,"2025-08-30 18:54:44","2025-08-30 19:24:44",delivery,NULL
606,151,6,129000.00,completed,"2025-10-12 03:05:44","2025-10-12 03:33:44",takeaway,NULL
607,112,10,39000.00,completed,"2025-06-30 01:04:44","2025-06-30 01:27:44",dine-in,NULL
608,152,3,59000.00,completed,"2025-10-02 04:19:44","2025-10-02 04:48:44",dine-in,NULL
609,121,5,74000.00,completed,"2025-07-13 00:55:44","2025-07-13 01:11:44",dine-in,NULL
610,67,9,94000.00,completed,"2025-08-24 08:30:44","2025-08-24 09:00:44",dine-in,NULL
611,145,10,160000.00,completed,"2025-06-25 20:58:44","2025-06-25 21:22:44",takeaway,NULL
612,47,2,49000.00,completed,"2025-10-12 07:39:44","2025-10-12 08:01:44",dine-in,NULL
613,106,11,39000.00,completed,"2025-09-18 02:46:44","2025-09-18 02:51:44",dine-in,NULL
614,119,4,78000.00,completed,"2025-10-19 03:16:44","2025-10-19 03:28:44",takeaway,NULL
615,41,4,104000.00,completed,"2025-11-16 05:14:44","2025-11-16 05:21:44",delivery,NULL
616,146,6,55000.00,completed,"2025-12-01 08:13:44","2025-12-01 08:18:44",takeaway,NULL
617,143,15,55000.00,cancelled,"2025-08-17 22:16:44","2025-08-17 22:25:44",takeaway,NULL
618,150,11,91000.00,completed,"2025-11-28 06:30:44","2025-11-28 06:54:44",dine-in,NULL
619,130,10,122000.00,pending,"2025-10-12 04:21:44","2025-10-12 04:37:44",takeaway,NULL
620,148,11,49000.00,completed,"2025-11-05 22:48:44","2025-11-05 23:06:44",takeaway,NULL
621,146,8,39000.00,completed,"2025-07-04 04:33:44","2025-07-04 04:39:44",dine-in,NULL
622,23,15,74000.00,completed,"2025-06-10 23:00:44","2025-06-10 23:25:44",delivery,NULL
623,27,11,78000.00,completed,"2025-08-31 18:22:44","2025-08-31 18:44:44",takeaway,NULL
624,123,8,65000.00,completed,"2025-10-30 01:04:44","2025-10-30 01:13:44",takeaway,NULL
625,33,15,153000.00,completed,"2025-10-03 01:36:44","2025-10-03 01:55:44",takeaway,NULL
626,42,14,98000.00,completed,"2025-11-22 23:30:44","2025-11-22 23:45:44",dine-in,NULL
627,80,14,49000.00,completed,"2025-10-27 07:37:44","2025-10-27 07:59:44",dine-in,NULL
628,98,1,69000.00,completed,"2025-07-31 05:29:44","2025-07-31 05:51:44",takeaway,NULL
629,152,1,110000.00,completed,"2025-10-15 19:26:44","2025-10-15 19:49:44",dine-in,NULL
630,12,9,90000.00,completed,"2025-09-06 19:52:44","2025-09-06 20:01:44",takeaway,NULL
631,43,10,110000.00,completed,"2025-11-04 00:30:44","2025-11-04 00:54:44",dine-in,NULL
632,36,7,64000.00,completed,"2025-07-27 19:18:44","2025-07-27 19:46:44",takeaway,NULL
633,160,13,98000.00,pending,"2025-11-07 03:26:44","2025-11-07 03:56:44",takeaway,NULL
634,158,7,45000.00,pending,"2025-08-20 07:54:44","2025-08-20 08:13:44",dine-in,NULL
635,156,11,55000.00,completed,"2025-08-29 19:39:44","2025-08-29 19:51:44",delivery,NULL
636,171,15,98000.00,completed,"2025-06-14 08:49:44","2025-06-14 08:59:44",dine-in,NULL
637,139,4,49000.00,completed,"2025-11-23 00:35:44","2025-11-23 00:42:44",takeaway,NULL
638,56,5,84000.00,completed,"2025-07-01 21:25:44","2025-07-01 21:30:44",delivery,NULL
639,150,14,78000.00,completed,"2025-11-17 21:31:44","2025-11-17 21:52:44",takeaway,NULL
640,46,12,98000.00,completed,"2025-10-21 02:02:44","2025-10-21 02:14:44",takeaway,NULL
641,115,8,78000.00,completed,"2025-08-01 05:29:44","2025-08-01 05:56:44",dine-in,NULL
642,139,15,168000.00,completed,"2025-07-28 03:13:44","2025-07-28 03:32:44",dine-in,NULL
643,118,10,118000.00,completed,"2025-09-14 19:20:44","2025-09-14 19:46:44",takeaway,NULL
644,110,9,88000.00,completed,"2025-06-21 19:40:44","2025-06-21 19:46:44",takeaway,NULL
645,144,5,98000.00,completed,"2025-07-10 20:41:44","2025-07-10 21:05:44",takeaway,NULL
646,148,1,118000.00,completed,"2025-09-10 01:41:44","2025-09-10 02:00:44",delivery,NULL
647,43,1,159000.00,cancelled,"2025-09-30 04:15:44","2025-09-30 04:28:44",takeaway,NULL
648,149,14,55000.00,completed,"2025-11-16 07:12:44","2025-11-16 07:26:44",takeaway,NULL
649,29,13,55000.00,completed,"2025-11-30 02:21:44","2025-11-30 02:39:44",takeaway,NULL
650,158,14,233000.00,completed,"2025-09-02 05:16:44","2025-09-02 05:27:44",takeaway,NULL
651,116,8,165000.00,completed,"2025-06-09 04:59:44","2025-06-09 05:20:44",takeaway,NULL
652,10,13,90000.00,completed,"2025-10-02 06:01:44","2025-10-02 06:10:44",takeaway,NULL
653,149,12,49000.00,completed,"2025-08-08 06:15:44","2025-08-08 06:27:44",dine-in,NULL
654,23,12,138000.00,completed,"2025-06-18 20:02:44","2025-06-18 20:08:44",dine-in,NULL
655,151,2,49000.00,completed,"2025-10-19 20:28:44","2025-10-19 20:39:44",takeaway,NULL
656,100,4,55000.00,completed,"2025-11-09 18:09:44","2025-11-09 18:27:44",dine-in,NULL
657,163,14,59000.00,completed,"2025-08-12 05:46:44","2025-08-12 06:04:44",dine-in,NULL
658,143,4,145000.00,completed,"2025-09-23 19:02:44","2025-09-23 19:08:44",takeaway,NULL
659,129,9,98000.00,completed,"2025-10-18 02:00:44","2025-10-18 02:15:44",takeaway,NULL
660,61,1,136000.00,completed,"2025-06-27 00:17:44","2025-06-27 00:44:44",takeaway,NULL
661,109,4,45000.00,completed,"2025-06-06 04:46:44","2025-06-06 04:55:44",takeaway,NULL
662,109,3,69000.00,completed,"2025-09-05 23:09:44","2025-09-05 23:32:44",takeaway,NULL
663,169,2,110000.00,completed,"2025-07-24 01:44:44","2025-07-24 01:55:44",delivery,NULL
664,126,1,74000.00,completed,"2025-10-15 23:26:44","2025-10-15 23:38:44",dine-in,NULL
665,54,10,110000.00,completed,"2025-08-24 02:44:44","2025-08-24 03:09:44",dine-in,NULL
666,84,11,49000.00,completed,"2025-11-12 03:16:44","2025-11-12 03:36:44",dine-in,NULL
667,19,14,114000.00,completed,"2025-11-28 03:22:44","2025-11-28 03:29:44",takeaway,NULL
668,139,9,55000.00,completed,"2025-07-28 23:46:44","2025-07-29 00:12:44",takeaway,NULL
669,82,13,59000.00,completed,"2025-10-10 23:18:44","2025-10-10 23:31:44",dine-in,NULL
670,139,1,78000.00,completed,"2025-07-06 02:27:44","2025-07-06 02:36:44",takeaway,NULL
671,100,1,110000.00,completed,"2025-10-30 18:33:44","2025-10-30 18:45:44",takeaway,NULL
672,33,8,110000.00,completed,"2025-11-09 04:03:44","2025-11-09 04:18:44",takeaway,NULL
673,38,9,110000.00,completed,"2025-10-13 06:57:44","2025-10-13 07:11:44",dine-in,NULL
674,130,13,110000.00,completed,"2025-06-12 20:30:44","2025-06-12 20:35:44",takeaway,NULL
675,75,11,110000.00,completed,"2025-09-03 01:32:44","2025-09-03 01:37:44",takeaway,NULL
676,144,9,89000.00,completed,"2025-11-26 07:39:44","2025-11-26 07:57:44",dine-in,NULL
677,154,12,149000.00,completed,"2025-10-25 01:01:44","2025-10-25 01:21:44",dine-in,NULL
678,42,1,39000.00,completed,"2025-08-20 02:55:44","2025-08-20 03:17:44",dine-in,NULL
679,10,7,55000.00,completed,"2025-10-18 22:21:44","2025-10-18 22:31:44",takeaway,NULL
680,45,1,45000.00,completed,"2025-11-28 03:20:44","2025-11-28 03:31:44",delivery,NULL
681,57,15,55000.00,completed,"2025-06-21 23:31:44","2025-06-21 23:47:44",takeaway,NULL
682,24,3,39000.00,completed,"2025-11-28 22:24:44","2025-11-28 22:36:44",delivery,NULL
683,23,5,176000.00,completed,"2025-10-28 20:53:44","2025-10-28 21:14:44",takeaway,NULL
684,101,11,110000.00,pending,"2025-09-11 02:45:44","2025-09-11 02:57:44",dine-in,NULL
685,20,15,110000.00,completed,"2025-09-27 02:34:44","2025-09-27 02:54:44",dine-in,NULL
686,86,14,118000.00,completed,"2025-10-25 06:24:44","2025-10-25 06:47:44",takeaway,NULL
687,136,3,39000.00,pending,"2025-06-30 18:27:44","2025-06-30 18:54:44",takeaway,NULL
688,166,13,78000.00,completed,"2025-08-04 00:20:44","2025-08-04 00:25:44",takeaway,NULL
689,145,10,59000.00,completed,"2025-11-02 20:08:44","2025-11-02 20:25:44",takeaway,NULL
690,163,6,118000.00,completed,"2025-09-18 03:42:44","2025-09-18 04:11:44",delivery,NULL
691,88,15,55000.00,cancelled,"2025-06-16 23:45:44","2025-06-17 00:15:44",delivery,NULL
692,42,10,55000.00,completed,"2025-09-27 08:03:44","2025-09-27 08:30:44",takeaway,NULL
693,140,1,94000.00,completed,"2025-10-29 05:21:44","2025-10-29 05:41:44",takeaway,NULL
694,71,1,45000.00,cancelled,"2025-07-24 21:03:44","2025-07-24 21:15:44",takeaway,NULL
695,21,10,153000.00,completed,"2025-11-23 07:29:44","2025-11-23 07:45:44",delivery,NULL
696,36,8,78000.00,completed,"2025-08-08 04:40:44","2025-08-08 05:07:44",delivery,NULL
697,54,2,208000.00,completed,"2025-07-18 19:33:44","2025-07-18 20:03:44",delivery,NULL
698,24,2,148000.00,completed,"2025-09-03 06:35:44","2025-09-03 07:04:44",takeaway,NULL
699,42,9,113000.00,completed,"2025-08-30 02:30:44","2025-08-30 03:00:44",takeaway,NULL
700,76,3,98000.00,completed,"2025-08-01 07:52:44","2025-08-01 08:03:44",takeaway,NULL
701,41,10,49000.00,completed,"2025-09-30 23:25:44","2025-09-30 23:49:44",takeaway,NULL
702,32,10,81000.00,completed,"2025-06-30 05:09:44","2025-06-30 05:38:44",dine-in,NULL
703,82,4,55000.00,completed,"2025-06-17 22:15:44","2025-06-17 22:41:44",takeaway,NULL
704,138,5,116000.00,completed,"2025-07-03 22:54:44","2025-07-03 23:00:44",takeaway,NULL
705,25,15,110000.00,completed,"2025-10-30 22:38:44","2025-10-30 23:08:44",dine-in,NULL
706,52,7,110000.00,cancelled,"2025-07-20 06:10:44","2025-07-20 06:16:44",dine-in,NULL
707,123,14,78000.00,completed,"2025-10-12 18:57:44","2025-10-12 19:10:44",dine-in,NULL
708,86,5,78000.00,completed,"2025-06-18 20:23:44","2025-06-18 20:45:44",takeaway,NULL
709,80,10,116000.00,completed,"2025-08-14 09:01:44","2025-08-14 09:19:44",dine-in,NULL
710,121,3,204000.00,completed,"2025-07-28 02:06:44","2025-07-28 02:13:44",takeaway,NULL
711,131,12,110000.00,cancelled,"2025-06-10 08:14:44","2025-06-10 08:34:44",takeaway,NULL
712,76,8,113000.00,pending,"2025-12-01 02:44:44","2025-12-01 02:56:44",takeaway,NULL
713,103,8,55000.00,completed,"2025-10-18 08:29:44","2025-10-18 08:56:44",delivery,NULL
714,75,8,110000.00,completed,"2025-11-25 18:55:44","2025-11-25 19:03:44",takeaway,NULL
715,125,1,129000.00,completed,"2025-07-30 08:34:44","2025-07-30 08:40:44",takeaway,NULL
716,76,4,49000.00,completed,"2025-11-16 04:21:44","2025-11-16 04:50:44",delivery,NULL
717,153,10,145000.00,completed,"2025-10-04 06:43:44","2025-10-04 06:56:44",takeaway,NULL
718,121,6,69000.00,completed,"2025-07-27 00:45:44","2025-07-27 00:58:44",dine-in,NULL
719,169,5,49000.00,completed,"2025-06-13 02:03:44","2025-06-13 02:26:44",delivery,NULL
720,36,14,107000.00,completed,"2025-11-09 20:26:44","2025-11-09 20:44:44",dine-in,NULL
721,53,12,137000.00,completed,"2025-10-21 02:01:44","2025-10-21 02:18:44",dine-in,NULL
722,148,15,69000.00,completed,"2025-10-24 07:21:44","2025-10-24 07:27:44",takeaway,NULL
723,109,9,103000.00,completed,"2025-07-27 18:49:44","2025-07-27 19:12:44",dine-in,NULL
724,41,2,137000.00,pending,"2025-07-28 06:54:44","2025-07-28 07:19:44",dine-in,NULL
725,109,2,140000.00,completed,"2025-10-10 20:08:44","2025-10-10 20:14:44",delivery,NULL
726,115,6,119000.00,completed,"2025-09-20 02:50:44","2025-09-20 03:11:44",dine-in,NULL
727,126,14,39000.00,completed,"2025-08-17 00:46:44","2025-08-17 01:08:44",delivery,NULL
728,92,14,49000.00,completed,"2025-08-09 08:54:44","2025-08-09 09:13:44",dine-in,NULL
729,115,13,45000.00,completed,"2025-11-25 00:06:44","2025-11-25 00:32:44",dine-in,NULL
730,55,4,110000.00,completed,"2025-06-25 04:13:44","2025-06-25 04:25:44",delivery,NULL
731,26,13,113000.00,completed,"2025-12-02 08:33:44","2025-12-02 08:55:44",takeaway,NULL
732,68,13,55000.00,completed,"2025-10-17 22:38:44","2025-10-17 22:45:44",takeaway,NULL
733,64,1,55000.00,completed,"2025-10-16 05:46:44","2025-10-16 06:02:44",dine-in,NULL
734,47,8,55000.00,completed,"2025-08-25 07:22:44","2025-08-25 07:47:44",delivery,NULL
735,120,5,59000.00,completed,"2025-08-24 05:51:44","2025-08-24 06:15:44",takeaway,NULL
736,168,9,55000.00,completed,"2025-09-01 23:45:44","2025-09-02 00:08:44",takeaway,NULL
737,126,1,39000.00,completed,"2025-11-07 20:45:44","2025-11-07 21:06:44",takeaway,NULL
738,145,14,97000.00,completed,"2025-07-04 06:35:44","2025-07-04 07:01:44",dine-in,NULL
739,36,11,172000.00,completed,"2025-08-02 00:04:44","2025-08-02 00:34:44",delivery,NULL
740,100,12,78000.00,completed,"2025-08-23 03:37:44","2025-08-23 03:49:44",dine-in,NULL
741,50,14,78000.00,completed,"2025-09-21 07:26:44","2025-09-21 07:41:44",dine-in,NULL
742,152,1,55000.00,completed,"2025-11-21 23:23:44","2025-11-21 23:46:44",takeaway,NULL
743,13,4,45000.00,completed,"2025-09-02 05:25:44","2025-09-02 05:55:44",takeaway,NULL
744,87,12,49000.00,completed,"2025-08-01 18:27:44","2025-08-01 18:45:44",delivery,NULL
745,44,8,176000.00,completed,"2025-11-13 01:13:44","2025-11-13 01:27:44",takeaway,NULL
746,23,7,78000.00,completed,"2025-08-17 18:18:44","2025-08-17 18:33:44",delivery,NULL
747,135,12,39000.00,cancelled,"2025-08-27 21:53:44","2025-08-27 22:08:44",delivery,NULL
748,128,1,159000.00,completed,"2025-09-21 06:12:44","2025-09-21 06:40:44",delivery,NULL
749,108,3,55000.00,completed,"2025-10-25 01:07:44","2025-10-25 01:36:44",takeaway,NULL
750,95,12,49000.00,completed,"2025-07-24 08:34:44","2025-07-24 08:46:44",dine-in,NULL
751,46,12,45000.00,completed,"2025-10-12 02:44:44","2025-10-12 03:06:44",takeaway,NULL
752,166,3,55000.00,completed,"2025-08-03 04:45:44","2025-08-03 04:59:44",takeaway,NULL
753,29,2,133000.00,completed,"2025-09-01 21:45:44","2025-09-01 21:52:44",takeaway,NULL
754,86,11,94000.00,pending,"2025-09-18 01:43:44","2025-09-18 01:49:44",dine-in,NULL
755,139,4,55000.00,completed,"2025-10-17 20:26:44","2025-10-17 20:42:44",takeaway,NULL
756,152,7,55000.00,pending,"2025-08-11 21:16:44","2025-08-11 21:22:44",takeaway,NULL
757,76,15,157000.00,completed,"2025-11-06 05:34:44","2025-11-06 06:00:44",dine-in,NULL
758,168,14,39000.00,pending,"2025-10-30 06:53:44","2025-10-30 07:19:44",takeaway,NULL
759,91,3,39000.00,completed,"2025-11-15 00:29:44","2025-11-15 00:39:44",takeaway,NULL
760,107,10,116000.00,cancelled,"2025-08-14 07:52:44","2025-08-14 08:08:44",takeaway,NULL
761,146,10,55000.00,completed,"2025-10-14 05:42:44","2025-10-14 05:58:44",dine-in,NULL
762,167,8,45000.00,completed,"2025-09-28 09:03:44","2025-09-28 09:11:44",takeaway,NULL
763,106,3,236000.00,completed,"2025-08-29 23:48:44","2025-08-30 00:00:44",dine-in,NULL
764,46,12,175000.00,completed,"2025-10-26 19:13:44","2025-10-26 19:28:44",takeaway,NULL
765,19,14,145000.00,completed,"2025-08-06 00:34:44","2025-08-06 00:42:44",takeaway,NULL
766,37,8,90000.00,completed,"2025-07-13 06:39:44","2025-07-13 07:01:44",dine-in,NULL
767,36,7,98000.00,completed,"2025-10-31 04:35:44","2025-10-31 04:42:44",takeaway,NULL
768,103,7,49000.00,completed,"2025-11-01 05:31:44","2025-11-01 05:45:44",dine-in,NULL
769,103,8,39000.00,completed,"2025-08-31 03:14:44","2025-08-31 03:43:44",takeaway,NULL
770,158,4,138000.00,completed,"2025-07-23 00:27:44","2025-07-23 00:45:44",takeaway,NULL
771,45,15,78000.00,cancelled,"2025-10-11 22:59:44","2025-10-11 23:17:44",dine-in,NULL
772,32,5,129000.00,completed,"2025-06-06 01:13:44","2025-06-06 01:28:44",takeaway,NULL
773,90,13,49000.00,completed,"2025-10-07 18:18:44","2025-10-07 18:33:44",takeaway,NULL
774,52,10,45000.00,completed,"2025-07-26 02:38:44","2025-07-26 02:43:44",delivery,NULL
775,126,4,90000.00,completed,"2025-07-10 05:34:44","2025-07-10 05:53:44",takeaway,NULL
776,28,14,98000.00,completed,"2025-07-10 04:07:44","2025-07-10 04:14:44",takeaway,NULL
777,131,8,90000.00,completed,"2025-12-02 07:58:44","2025-12-02 08:05:44",takeaway,NULL
778,80,5,65000.00,completed,"2025-06-24 03:29:44","2025-06-24 03:58:44",takeaway,NULL
779,54,3,98000.00,completed,"2025-11-18 00:28:44","2025-11-18 00:38:44",takeaway,NULL
780,60,4,90000.00,completed,"2025-07-30 22:10:44","2025-07-30 22:37:44",takeaway,NULL
781,101,15,55000.00,completed,"2025-09-20 02:43:44","2025-09-20 03:04:44",takeaway,NULL
782,54,11,78000.00,completed,"2025-11-22 05:37:44","2025-11-22 06:00:44",takeaway,NULL
783,151,9,93000.00,completed,"2025-06-10 02:23:44","2025-06-10 02:39:44",dine-in,NULL
784,42,3,183000.00,completed,"2025-11-13 20:26:44","2025-11-13 20:36:44",takeaway,NULL
785,100,6,49000.00,completed,"2025-08-03 08:27:44","2025-08-03 08:53:44",dine-in,NULL
786,26,4,45000.00,pending,"2025-07-07 08:01:44","2025-07-07 08:08:44",takeaway,NULL
787,84,13,69000.00,pending,"2025-10-31 06:15:44","2025-10-31 06:28:44",delivery,NULL
788,150,3,55000.00,completed,"2025-10-25 18:40:44","2025-10-25 18:50:44",dine-in,NULL
789,130,11,78000.00,completed,"2025-09-28 06:18:44","2025-09-28 06:34:44",takeaway,NULL
790,69,6,110000.00,completed,"2025-08-19 19:26:44","2025-08-19 19:35:44",takeaway,NULL
791,51,1,67000.00,completed,"2025-07-21 08:05:44","2025-07-21 08:21:44",takeaway,NULL
792,41,7,39000.00,pending,"2025-10-14 20:02:44","2025-10-14 20:26:44",takeaway,NULL
793,46,5,67000.00,completed,"2025-07-10 19:02:44","2025-07-10 19:16:44",takeaway,NULL
794,125,5,148000.00,completed,"2025-11-05 18:50:44","2025-11-05 19:07:44",dine-in,NULL
795,42,15,107000.00,completed,"2025-06-07 07:59:44","2025-06-07 08:15:44",takeaway,NULL
796,167,4,90000.00,completed,"2025-08-11 18:32:44","2025-08-11 18:45:44",dine-in,NULL
797,152,13,180000.00,cancelled,"2025-11-10 23:26:44","2025-11-10 23:47:44",takeaway,NULL
798,163,3,39000.00,pending,"2025-08-29 00:23:44","2025-08-29 00:35:44",delivery,NULL
799,42,13,148000.00,completed,"2025-08-29 02:23:44","2025-08-29 02:52:44",delivery,NULL
800,118,13,127000.00,completed,"2025-06-20 07:59:44","2025-06-20 08:17:44",dine-in,NULL
801,36,15,110000.00,completed,"2025-11-18 20:25:44","2025-11-18 20:41:44",delivery,NULL
802,138,13,78000.00,completed,"2025-06-29 08:11:44","2025-06-29 08:39:44",delivery,NULL
803,28,15,149000.00,completed,"2025-06-06 21:21:44","2025-06-06 21:36:44",takeaway,NULL
804,120,4,231000.00,completed,"2025-11-16 20:22:44","2025-11-16 20:38:44",dine-in,NULL
805,170,15,117000.00,completed,"2025-11-16 23:09:44","2025-11-16 23:21:44",takeaway,NULL
806,31,7,168000.00,completed,"2025-10-31 08:24:44","2025-10-31 08:54:44",dine-in,NULL
807,57,13,110000.00,completed,"2025-11-22 06:23:44","2025-11-22 06:39:44",dine-in,NULL
808,41,6,118000.00,completed,"2025-07-31 21:04:44","2025-07-31 21:21:44",takeaway,NULL
809,19,6,39000.00,completed,"2025-09-09 18:15:44","2025-09-09 18:26:44",takeaway,NULL
810,43,11,149000.00,completed,"2025-07-31 08:02:44","2025-07-31 08:10:44",takeaway,NULL
811,133,7,55000.00,cancelled,"2025-09-12 06:37:44","2025-09-12 06:44:44",dine-in,NULL
812,119,7,81000.00,completed,"2025-12-02 23:21:44","2025-12-02 23:44:44",dine-in,NULL
813,80,14,123000.00,pending,"2025-07-14 20:04:44","2025-07-14 20:25:44",dine-in,NULL
814,115,12,182000.00,completed,"2025-10-16 02:56:44","2025-10-16 03:15:44",takeaway,NULL
815,82,6,55000.00,completed,"2025-07-06 18:26:44","2025-07-06 18:41:44",takeaway,NULL
816,19,1,59000.00,completed,"2025-10-21 22:05:44","2025-10-21 22:27:44",delivery,NULL
817,160,7,84000.00,completed,"2025-09-01 05:39:44","2025-09-01 05:52:44",delivery,NULL
818,8,11,55000.00,completed,"2025-10-17 06:32:44","2025-10-17 06:44:44",takeaway,NULL
819,100,6,110000.00,completed,"2025-11-08 19:56:44","2025-11-08 20:17:44",takeaway,NULL
820,86,4,55000.00,completed,"2025-08-26 19:42:44","2025-08-26 19:59:44",takeaway,NULL
821,67,6,78000.00,completed,"2025-06-29 00:39:44","2025-06-29 01:01:44",takeaway,NULL
822,156,12,118000.00,cancelled,"2025-08-12 02:20:44","2025-08-12 02:33:44",takeaway,NULL
823,89,13,65000.00,completed,"2025-11-16 07:39:44","2025-11-16 07:55:44",dine-in,NULL
824,143,10,90000.00,completed,"2025-07-02 18:55:44","2025-07-02 19:04:44",takeaway,NULL
825,23,15,110000.00,completed,"2025-08-18 18:35:44","2025-08-18 18:55:44",dine-in,NULL
826,11,13,110000.00,completed,"2025-10-17 01:36:44","2025-10-17 01:54:44",delivery,NULL
827,39,12,154000.00,pending,"2025-06-28 23:23:44","2025-06-28 23:39:44",dine-in,NULL
828,110,2,39000.00,completed,"2025-08-18 06:15:44","2025-08-18 06:25:44",dine-in,NULL
829,23,11,137000.00,completed,"2025-11-03 21:00:44","2025-11-03 21:07:44",takeaway,NULL
830,32,1,78000.00,completed,"2025-10-18 22:49:44","2025-10-18 23:18:44",takeaway,NULL
831,69,7,55000.00,completed,"2025-08-05 08:07:44","2025-08-05 08:25:44",delivery,NULL
832,84,13,55000.00,completed,"2025-12-02 18:13:44","2025-12-02 18:28:44",takeaway,NULL
833,41,11,177000.00,completed,"2025-09-08 03:03:44","2025-09-08 03:12:44",takeaway,NULL
834,40,14,90000.00,completed,"2025-07-18 02:15:44","2025-07-18 02:37:44",takeaway,NULL
835,96,15,98000.00,completed,"2025-10-25 20:18:44","2025-10-25 20:36:44",delivery,NULL
836,93,5,168000.00,completed,"2025-07-14 21:53:44","2025-07-14 22:13:44",dine-in,NULL
837,48,9,95000.00,completed,"2025-09-29 00:08:44","2025-09-29 00:25:44",dine-in,NULL
838,60,4,216000.00,completed,"2025-06-19 05:17:44","2025-06-19 05:25:44",dine-in,NULL
839,26,6,90000.00,completed,"2025-07-15 06:27:44","2025-07-15 06:38:44",takeaway,NULL
840,156,5,78000.00,completed,"2025-07-14 18:41:44","2025-07-14 18:56:44",takeaway,NULL
841,65,3,90000.00,completed,"2025-06-23 08:58:44","2025-06-23 09:12:44",dine-in,NULL
842,26,2,55000.00,completed,"2025-06-07 07:39:44","2025-06-07 07:45:44",delivery,NULL
843,75,4,93000.00,completed,"2025-07-08 04:45:44","2025-07-08 05:11:44",takeaway,NULL
844,25,15,39000.00,completed,"2025-08-14 21:15:44","2025-08-14 21:41:44",delivery,NULL
845,57,12,55000.00,completed,"2025-10-12 05:52:44","2025-10-12 06:21:44",dine-in,NULL
846,17,8,49000.00,completed,"2025-11-11 01:40:44","2025-11-11 01:49:44",takeaway,NULL
847,44,7,289000.00,completed,"2025-08-21 08:04:44","2025-08-21 08:25:44",delivery,NULL
848,33,5,110000.00,completed,"2025-06-29 06:55:44","2025-06-29 07:13:44",takeaway,NULL
849,54,1,118000.00,completed,"2025-10-04 19:15:44","2025-10-04 19:33:44",takeaway,NULL
850,42,3,137000.00,completed,"2025-09-25 04:10:44","2025-09-25 04:31:44",delivery,NULL
851,91,5,132000.00,completed,"2025-08-26 06:09:44","2025-08-26 06:15:44",takeaway,NULL
852,37,11,78000.00,completed,"2025-11-25 00:56:44","2025-11-25 01:12:44",dine-in,NULL
853,11,5,136000.00,completed,"2025-07-11 09:07:44","2025-07-11 09:21:44",dine-in,NULL
854,56,8,39000.00,pending,"2025-09-14 03:50:44","2025-09-14 04:00:44",takeaway,NULL
855,86,9,98000.00,cancelled,"2025-08-24 22:03:44","2025-08-24 22:33:44",delivery,NULL
856,22,10,220000.00,completed,"2025-06-27 06:34:44","2025-06-27 07:02:44",dine-in,NULL
857,57,3,45000.00,completed,"2025-09-19 23:15:44","2025-09-19 23:34:44",dine-in,NULL
858,146,12,77000.00,completed,"2025-06-18 00:13:44","2025-06-18 00:30:44",dine-in,NULL
859,96,10,99000.00,completed,"2025-11-19 19:11:44","2025-11-19 19:23:44",delivery,NULL
860,101,15,59000.00,cancelled,"2025-07-12 04:32:44","2025-07-12 05:02:44",takeaway,NULL
861,136,9,55000.00,pending,"2025-06-25 06:44:44","2025-06-25 06:59:44",takeaway,NULL
862,119,2,94000.00,completed,"2025-08-22 18:58:44","2025-08-22 19:09:44",takeaway,NULL
863,163,10,156000.00,completed,"2025-08-24 08:22:44","2025-08-24 08:46:44",takeaway,NULL
864,25,8,55000.00,completed,"2025-11-12 02:04:44","2025-11-12 02:15:44",delivery,NULL
865,162,5,93000.00,completed,"2025-10-04 07:16:44","2025-10-04 07:28:44",dine-in,NULL
866,105,10,59000.00,completed,"2025-09-13 20:00:44","2025-09-13 20:14:44",takeaway,NULL
867,79,3,64000.00,completed,"2025-07-21 08:02:44","2025-07-21 08:23:44",delivery,NULL
868,144,10,98000.00,completed,"2025-06-21 07:12:44","2025-06-21 07:31:44",dine-in,NULL
869,80,14,98000.00,completed,"2025-10-07 21:49:44","2025-10-07 21:54:44",dine-in,NULL
870,140,8,98000.00,completed,"2025-09-24 07:45:44","2025-09-24 07:53:44",dine-in,NULL
871,38,15,81000.00,completed,"2025-10-04 07:15:44","2025-10-04 07:44:44",takeaway,NULL
872,153,3,49000.00,completed,"2025-07-29 22:42:44","2025-07-29 23:12:44",takeaway,NULL
873,23,4,78000.00,completed,"2025-11-22 18:19:44","2025-11-22 18:45:44",delivery,NULL
874,111,10,39000.00,completed,"2025-11-04 18:10:44","2025-11-04 18:27:44",delivery,NULL
875,85,7,78000.00,completed,"2025-11-28 03:55:44","2025-11-28 04:06:44",delivery,NULL
876,41,14,45000.00,completed,"2025-09-20 22:57:44","2025-09-20 23:10:44",takeaway,NULL
877,86,2,78000.00,completed,"2025-07-31 05:20:44","2025-07-31 05:39:44",takeaway,NULL
878,42,2,49000.00,completed,"2025-09-18 21:19:44","2025-09-18 21:40:44",dine-in,NULL
879,53,15,65000.00,completed,"2025-11-14 23:46:44","2025-11-14 23:57:44",takeaway,NULL
880,128,14,78000.00,completed,"2025-11-08 22:02:44","2025-11-08 22:19:44",takeaway,NULL
881,101,11,55000.00,completed,"2025-09-18 03:35:44","2025-09-18 03:43:44",dine-in,NULL
882,41,11,125000.00,completed,"2025-11-08 05:38:44","2025-11-08 05:56:44",dine-in,NULL
883,61,8,67000.00,pending,"2025-07-02 00:01:44","2025-07-02 00:11:44",dine-in,NULL
884,156,9,199000.00,completed,"2025-07-16 19:21:44","2025-07-16 19:47:44",delivery,NULL
885,28,5,167000.00,completed,"2025-11-09 08:24:44","2025-11-09 08:39:44",takeaway,NULL
886,106,9,49000.00,completed,"2025-08-16 04:17:44","2025-08-16 04:44:44",takeaway,NULL
887,59,12,45000.00,completed,"2025-12-01 05:01:44","2025-12-01 05:08:44",delivery,NULL
888,62,7,78000.00,cancelled,"2025-08-23 02:35:44","2025-08-23 02:41:44",takeaway,NULL
889,113,3,110000.00,completed,"2025-10-10 20:17:44","2025-10-10 20:22:44",dine-in,NULL
890,44,14,45000.00,completed,"2025-11-27 20:57:44","2025-11-27 21:05:44",takeaway,NULL
891,158,9,130000.00,cancelled,"2025-06-23 20:44:44","2025-06-23 20:51:44",dine-in,NULL
892,69,5,39000.00,completed,"2025-06-30 06:28:44","2025-06-30 06:42:44",takeaway,NULL
893,42,9,65000.00,completed,"2025-09-22 07:32:44","2025-09-22 07:52:44",dine-in,NULL
894,151,14,74000.00,completed,"2025-10-05 04:14:44","2025-10-05 04:21:44",dine-in,NULL
895,70,12,130000.00,completed,"2025-06-20 03:43:44","2025-06-20 03:54:44",dine-in,NULL
896,115,11,65000.00,completed,"2025-06-06 07:57:44","2025-06-06 08:04:44",takeaway,NULL
897,28,12,160000.00,completed,"2025-09-10 22:38:44","2025-09-10 22:59:44",takeaway,NULL
898,20,3,113000.00,completed,"2025-08-10 21:29:44","2025-08-10 21:55:44",takeaway,NULL
899,16,10,69000.00,completed,"2025-06-06 07:25:44","2025-06-06 07:44:44",takeaway,NULL
900,168,2,138000.00,completed,"2025-11-04 03:05:44","2025-11-04 03:32:44",takeaway,NULL
901,25,14,109000.00,completed,"2025-07-28 19:44:44","2025-07-28 20:01:44",delivery,NULL
902,52,7,118000.00,pending,"2025-06-14 18:15:44","2025-06-14 18:43:44",dine-in,NULL
903,41,5,99000.00,completed,"2025-10-25 03:49:44","2025-10-25 03:56:44",takeaway,NULL
904,133,4,110000.00,completed,"2025-07-11 21:07:44","2025-07-11 21:36:44",takeaway,NULL
905,75,11,83000.00,completed,"2025-09-07 08:22:44","2025-09-07 08:35:44",dine-in,NULL
906,18,10,90000.00,completed,"2025-06-22 18:10:44","2025-06-22 18:17:44",dine-in,NULL
907,158,14,188000.00,completed,"2025-08-18 01:39:44","2025-08-18 02:09:44",dine-in,NULL
908,172,9,90000.00,completed,"2025-11-21 06:57:44","2025-11-21 07:13:44",delivery,NULL
909,96,4,64000.00,completed,"2025-10-21 06:20:44","2025-10-21 06:46:44",takeaway,NULL
910,124,15,110000.00,pending,"2025-08-12 22:23:44","2025-08-12 22:47:44",dine-in,NULL
911,77,3,93000.00,completed,"2025-07-20 19:21:44","2025-07-20 19:42:44",takeaway,NULL
912,125,1,115000.00,pending,"2025-08-05 19:34:44","2025-08-05 19:40:44",takeaway,NULL
913,89,10,55000.00,pending,"2025-11-30 04:24:44","2025-11-30 04:32:44",delivery,NULL
914,67,3,98000.00,completed,"2025-07-10 23:38:44","2025-07-11 00:08:44",takeaway,NULL
915,94,6,134000.00,completed,"2025-06-28 03:00:44","2025-06-28 03:10:44",dine-in,NULL
916,65,9,55000.00,completed,"2025-07-17 19:13:44","2025-07-17 19:34:44",dine-in,NULL
917,28,6,45000.00,completed,"2025-09-10 04:13:44","2025-09-10 04:29:44",dine-in,NULL
918,136,1,110000.00,completed,"2025-09-18 02:41:44","2025-09-18 03:10:44",delivery,NULL
919,77,1,55000.00,completed,"2025-10-04 01:55:44","2025-10-04 02:02:44",dine-in,NULL
920,55,9,88000.00,completed,"2025-11-30 07:44:44","2025-11-30 08:06:44",takeaway,NULL
921,77,1,98000.00,cancelled,"2025-11-12 18:16:44","2025-11-12 18:38:44",takeaway,NULL
922,155,6,49000.00,pending,"2025-06-07 00:14:44","2025-06-07 00:20:44",takeaway,NULL
923,159,5,39000.00,completed,"2025-11-11 18:33:44","2025-11-11 18:56:44",takeaway,NULL
924,169,2,49000.00,completed,"2025-10-13 08:18:44","2025-10-13 08:45:44",takeaway,NULL
925,167,13,120000.00,completed,"2025-07-27 07:38:44","2025-07-27 07:45:44",delivery,NULL
926,39,12,55000.00,completed,"2025-08-01 00:46:44","2025-08-01 01:12:44",dine-in,NULL
927,114,15,118000.00,completed,"2025-09-18 19:51:44","2025-09-18 20:07:44",delivery,NULL
928,10,14,67000.00,completed,"2025-06-18 01:09:44","2025-06-18 01:39:44",dine-in,NULL
929,132,15,59000.00,completed,"2025-11-05 06:20:44","2025-11-05 06:27:44",dine-in,NULL
930,168,15,187000.00,cancelled,"2025-08-16 00:45:44","2025-08-16 01:15:44",dine-in,NULL
931,71,9,49000.00,completed,"2025-08-11 19:37:44","2025-08-11 19:42:44",takeaway,NULL
932,128,7,89000.00,completed,"2025-09-26 21:06:44","2025-09-26 21:17:44",takeaway,NULL
933,109,8,118000.00,completed,"2025-06-25 20:29:44","2025-06-25 20:37:44",dine-in,NULL
934,143,5,64000.00,completed,"2025-07-21 22:13:44","2025-07-21 22:21:44",takeaway,NULL
935,167,5,188000.00,completed,"2025-08-05 21:35:44","2025-08-05 21:41:44",dine-in,NULL
936,105,11,134000.00,completed,"2025-06-26 20:58:44","2025-06-26 21:09:44",dine-in,NULL
937,115,3,39000.00,completed,"2025-11-10 18:45:44","2025-11-10 19:02:44",delivery,NULL
938,91,6,130000.00,completed,"2025-10-26 19:50:44","2025-10-26 20:02:44",takeaway,NULL
939,147,7,107000.00,completed,"2025-11-30 08:54:44","2025-11-30 09:05:44",takeaway,NULL
940,10,1,122000.00,completed,"2025-09-27 23:52:44","2025-09-28 00:19:44",takeaway,NULL
941,41,5,98000.00,completed,"2025-09-24 03:56:44","2025-09-24 04:05:44",delivery,NULL
942,81,15,78000.00,completed,"2025-09-27 05:21:44","2025-09-27 05:41:44",dine-in,NULL
943,139,6,137000.00,completed,"2025-11-01 02:24:44","2025-11-01 02:34:44",dine-in,NULL
944,153,12,98000.00,completed,"2025-11-09 03:53:44","2025-11-09 04:04:44",dine-in,NULL
945,16,4,55000.00,completed,"2025-10-12 20:52:44","2025-10-12 21:04:44",dine-in,NULL
946,135,5,130000.00,completed,"2025-10-25 03:27:44","2025-10-25 03:50:44",dine-in,NULL
947,28,9,118000.00,completed,"2025-08-19 05:13:44","2025-08-19 05:21:44",dine-in,NULL
948,105,13,110000.00,completed,"2025-09-21 04:56:44","2025-09-21 05:15:44",delivery,NULL
949,24,4,45000.00,completed,"2025-07-31 02:50:44","2025-07-31 03:11:44",dine-in,NULL
950,75,10,240000.00,completed,"2025-06-28 23:58:44","2025-06-29 00:26:44",takeaway,NULL
951,153,15,55000.00,pending,"2025-10-15 23:28:44","2025-10-15 23:42:44",dine-in,NULL
952,90,6,78000.00,cancelled,"2025-11-30 21:51:44","2025-11-30 21:56:44",delivery,NULL
953,167,11,98000.00,completed,"2025-10-29 23:18:44","2025-10-29 23:30:44",takeaway,NULL
954,29,14,118000.00,pending,"2025-11-26 02:45:44","2025-11-26 03:10:44",takeaway,NULL
955,130,3,152000.00,pending,"2025-06-08 00:30:44","2025-06-08 00:46:44",delivery,NULL
956,91,5,49000.00,completed,"2025-10-13 18:52:44","2025-10-13 19:20:44",takeaway,NULL
957,156,15,118000.00,cancelled,"2025-11-23 03:30:44","2025-11-23 03:44:44",takeaway,NULL
958,28,11,118000.00,completed,"2025-09-07 07:24:44","2025-09-07 07:33:44",takeaway,NULL
959,74,6,49000.00,completed,"2025-06-24 07:54:44","2025-06-24 08:16:44",dine-in,NULL
960,154,12,243000.00,completed,"2025-10-29 03:19:44","2025-10-29 03:37:44",delivery,NULL
961,165,3,78000.00,completed,"2025-10-22 22:16:44","2025-10-22 22:38:44",takeaway,NULL
962,82,15,156000.00,completed,"2025-10-21 22:15:44","2025-10-21 22:39:44",dine-in,NULL
963,37,15,55000.00,pending,"2025-07-17 05:28:44","2025-07-17 05:51:44",dine-in,NULL
964,131,11,78000.00,completed,"2025-09-10 02:49:44","2025-09-10 03:16:44",takeaway,NULL
965,10,12,39000.00,completed,"2025-09-30 06:59:44","2025-09-30 07:23:44",delivery,NULL
966,103,5,39000.00,completed,"2025-09-24 03:01:44","2025-09-24 03:20:44",takeaway,NULL
967,140,10,39000.00,pending,"2025-11-01 21:48:44","2025-11-01 22:09:44",delivery,NULL
968,130,12,175000.00,completed,"2025-09-18 06:58:44","2025-09-18 07:11:44",delivery,NULL
969,20,9,59000.00,completed,"2025-07-22 22:54:44","2025-07-22 23:10:44",delivery,NULL
970,32,11,110000.00,completed,"2025-10-31 04:05:44","2025-10-31 04:23:44",delivery,NULL
971,155,8,49000.00,completed,"2025-10-04 18:52:44","2025-10-04 19:19:44",delivery,NULL
972,169,13,39000.00,completed,"2025-09-21 01:56:44","2025-09-21 02:16:44",dine-in,NULL
973,51,13,137000.00,completed,"2025-11-29 02:49:44","2025-11-29 03:12:44",takeaway,NULL
974,169,11,78000.00,cancelled,"2025-08-19 06:34:44","2025-08-19 06:55:44",takeaway,NULL
975,122,12,55000.00,completed,"2025-12-02 19:10:44","2025-12-02 19:35:44",dine-in,NULL
976,28,8,45000.00,completed,"2025-09-01 05:01:44","2025-09-01 05:18:44",delivery,NULL
977,131,14,233000.00,pending,"2025-09-23 23:18:44","2025-09-23 23:40:44",dine-in,NULL
978,44,3,55000.00,completed,"2025-08-06 21:25:44","2025-08-06 21:31:44",delivery,NULL
979,103,9,45000.00,completed,"2025-09-24 08:51:44","2025-09-24 09:09:44",delivery,NULL
980,11,12,148000.00,completed,"2025-11-28 07:33:44","2025-11-28 07:45:44",takeaway,NULL
981,149,1,235000.00,completed,"2025-07-12 00:05:44","2025-07-12 00:14:44",dine-in,NULL
982,57,3,110000.00,completed,"2025-11-19 23:11:44","2025-11-19 23:35:44",takeaway,NULL
983,154,10,49000.00,completed,"2025-07-26 19:58:44","2025-07-26 20:26:44",takeaway,NULL
984,41,11,39000.00,completed,"2025-07-11 04:01:44","2025-07-11 04:13:44",dine-in,NULL
985,164,6,240000.00,completed,"2025-11-18 22:55:44","2025-11-18 23:08:44",takeaway,NULL
986,46,14,129000.00,completed,"2025-09-10 21:08:44","2025-09-10 21:32:44",takeaway,NULL
987,151,14,55000.00,pending,"2025-10-11 03:30:44","2025-10-11 03:48:44",takeaway,NULL
988,136,6,118000.00,completed,"2025-11-12 00:44:44","2025-11-12 01:07:44",dine-in,NULL
989,95,7,110000.00,pending,"2025-09-01 02:19:44","2025-09-01 02:47:44",dine-in,NULL
990,32,11,208000.00,completed,"2025-09-09 18:25:44","2025-09-09 18:37:44",takeaway,NULL
991,113,2,153000.00,cancelled,"2025-11-18 07:08:44","2025-11-18 07:25:44",takeaway,NULL
992,119,8,103000.00,completed,"2025-07-23 00:29:44","2025-07-23 00:44:44",delivery,NULL
993,111,10,130000.00,completed,"2025-07-25 08:40:44","2025-07-25 09:06:44",delivery,NULL
994,45,13,55000.00,cancelled,"2025-07-26 19:41:44","2025-07-26 20:04:44",takeaway,NULL
995,162,2,49000.00,completed,"2025-11-21 02:57:44","2025-11-21 03:16:44",dine-in,NULL
996,28,7,110000.00,completed,"2025-07-21 03:53:44","2025-07-21 04:09:44",takeaway,NULL
997,82,9,77000.00,completed,"2025-07-24 05:27:44","2025-07-24 05:56:44",delivery,NULL
998,23,8,110000.00,completed,"2025-06-13 07:40:44","2025-06-13 08:07:44",dine-in,NULL
999,90,4,148000.00,completed,"2025-11-14 02:13:44","2025-11-14 02:41:44",delivery,NULL
1000,140,8,97000.00,completed,"2025-07-13 02:06:44","2025-07-13 02:24:44",dine-in,NULL
1001,117,5,83000.00,completed,"2025-10-22 00:50:44","2025-10-22 00:59:44",takeaway,NULL
1002,23,4,154000.00,completed,"2025-11-26 06:17:44","2025-11-26 06:24:44",dine-in,NULL
1003,109,12,109000.00,completed,"2025-12-01 23:13:44","2025-12-01 23:18:44",takeaway,NULL
1004,30,2,45000.00,completed,"2025-11-11 04:27:44","2025-11-11 04:50:44",dine-in,NULL
1005,67,6,97000.00,completed,"2025-09-03 01:15:44","2025-09-03 01:22:44",takeaway,NULL
1006,51,11,110000.00,completed,"2025-10-22 07:38:44","2025-10-22 08:08:44",takeaway,NULL
1007,149,10,78000.00,completed,"2025-07-15 05:00:44","2025-07-15 05:07:44",delivery,NULL
1008,67,15,100000.00,completed,"2025-09-08 01:33:44","2025-09-08 01:38:44",dine-in,NULL
1009,166,13,88000.00,completed,"2025-06-15 07:47:44","2025-06-15 07:57:44",dine-in,NULL
1010,149,12,49000.00,completed,"2025-09-15 19:45:44","2025-09-15 20:10:44",takeaway,NULL
1011,69,5,45000.00,completed,"2025-11-21 03:38:44","2025-11-21 03:55:44",dine-in,NULL
1012,43,14,97000.00,pending,"2025-06-30 02:53:44","2025-06-30 03:19:44",dine-in,NULL
1013,108,15,110000.00,completed,"2025-09-18 01:33:44","2025-09-18 01:52:44",takeaway,NULL
1014,167,13,90000.00,completed,"2025-06-21 03:39:44","2025-06-21 04:04:44",dine-in,NULL
1015,44,13,149000.00,completed,"2025-11-27 05:12:44","2025-11-27 05:37:44",dine-in,NULL
1016,130,13,90000.00,completed,"2025-06-07 03:16:44","2025-06-07 03:29:44",dine-in,NULL
1017,56,9,78000.00,completed,"2025-09-15 07:18:44","2025-09-15 07:39:44",takeaway,NULL
1018,123,8,129000.00,completed,"2025-11-07 04:08:44","2025-11-07 04:15:44",dine-in,NULL
1019,37,1,110000.00,completed,"2025-11-18 08:55:44","2025-11-18 09:11:44",takeaway,NULL
1020,84,11,45000.00,completed,"2025-10-29 19:30:44","2025-10-29 19:52:44",takeaway,NULL
1021,106,3,55000.00,completed,"2025-10-25 01:54:44","2025-10-25 02:21:44",takeaway,NULL
1022,169,8,78000.00,cancelled,"2025-08-17 23:27:44","2025-08-17 23:44:44",takeaway,NULL
1023,59,1,110000.00,cancelled,"2025-10-12 03:45:44","2025-10-12 04:03:44",delivery,NULL
1024,32,10,133000.00,completed,"2025-07-26 02:14:44","2025-07-26 02:19:44",dine-in,NULL
1025,58,13,113000.00,completed,"2025-06-19 02:09:44","2025-06-19 02:39:44",takeaway,NULL
1026,24,3,55000.00,completed,"2025-09-13 20:55:44","2025-09-13 21:14:44",takeaway,NULL
1027,49,8,110000.00,completed,"2025-11-02 21:14:44","2025-11-02 21:31:44",takeaway,NULL
1028,109,15,95000.00,completed,"2025-08-29 02:14:44","2025-08-29 02:40:44",delivery,NULL
1029,103,13,168000.00,completed,"2025-06-10 22:23:44","2025-06-10 22:51:44",dine-in,NULL
1030,138,14,65000.00,completed,"2025-08-18 00:11:44","2025-08-18 00:20:44",takeaway,NULL
1031,151,5,208000.00,completed,"2025-10-24 01:01:44","2025-10-24 01:31:44",takeaway,NULL
1032,42,1,109000.00,completed,"2025-12-02 07:55:44","2025-12-02 08:08:44",takeaway,NULL
1033,152,4,188000.00,completed,"2025-07-17 00:24:44","2025-07-17 00:30:44",dine-in,NULL
1034,36,7,119000.00,completed,"2025-06-10 23:35:44","2025-06-10 23:43:44",delivery,NULL
1035,163,3,45000.00,completed,"2025-06-12 22:34:44","2025-06-12 22:40:44",takeaway,NULL
1036,72,8,117000.00,completed,"2025-11-28 02:00:44","2025-11-28 02:25:44",dine-in,NULL
1037,150,11,98000.00,completed,"2025-10-24 07:04:44","2025-10-24 07:27:44",dine-in,NULL
1038,108,10,65000.00,completed,"2025-07-01 08:10:44","2025-07-01 08:26:44",takeaway,NULL
1039,51,11,84000.00,completed,"2025-07-31 22:57:44","2025-07-31 23:21:44",takeaway,NULL
1040,13,4,110000.00,completed,"2025-07-09 19:32:44","2025-07-09 19:42:44",takeaway,NULL
1041,130,7,55000.00,completed,"2025-10-30 05:09:44","2025-10-30 05:39:44",takeaway,NULL
1042,157,10,39000.00,completed,"2025-09-10 03:18:44","2025-09-10 03:46:44",delivery,NULL
1043,158,14,49000.00,completed,"2025-06-29 00:36:44","2025-06-29 00:46:44",delivery,NULL
1044,102,3,133000.00,completed,"2025-11-14 20:59:44","2025-11-14 21:06:44",takeaway,NULL
1045,136,11,49000.00,completed,"2025-08-12 22:50:44","2025-08-12 23:14:44",takeaway,NULL
1046,146,7,208000.00,completed,"2025-08-10 08:35:44","2025-08-10 08:57:44",dine-in,NULL
1047,50,4,100000.00,completed,"2025-06-26 05:40:44","2025-06-26 06:03:44",delivery,NULL
1048,77,10,39000.00,completed,"2025-11-27 04:58:44","2025-11-27 05:15:44",delivery,NULL
1049,76,10,98000.00,completed,"2025-10-05 18:43:44","2025-10-05 19:05:44",takeaway,NULL
1050,125,8,78000.00,completed,"2025-11-09 07:24:44","2025-11-09 07:51:44",delivery,NULL
1051,169,10,149000.00,completed,"2025-06-18 18:16:44","2025-06-18 18:46:44",dine-in,NULL
1052,46,15,74000.00,completed,"2025-10-14 23:40:44","2025-10-14 23:58:44",takeaway,NULL
1053,149,3,78000.00,cancelled,"2025-12-03 00:27:44","2025-12-03 00:44:44",takeaway,NULL
1054,130,3,69000.00,completed,"2025-10-12 23:06:44","2025-10-12 23:16:44",takeaway,NULL
1055,28,5,110000.00,pending,"2025-06-16 00:48:44","2025-06-16 00:59:44",delivery,NULL
1056,141,13,78000.00,completed,"2025-11-24 08:41:44","2025-11-24 09:01:44",dine-in,NULL
1057,94,15,55000.00,completed,"2025-07-27 03:13:44","2025-07-27 03:43:44",takeaway,NULL
1058,11,14,98000.00,completed,"2025-07-03 02:39:44","2025-07-03 02:58:44",delivery,NULL
1059,152,2,39000.00,pending,"2025-10-21 06:11:44","2025-10-21 06:29:44",delivery,NULL
1060,49,5,140000.00,completed,"2025-11-25 03:44:44","2025-11-25 04:09:44",takeaway,NULL
1061,69,8,93000.00,completed,"2025-07-02 04:48:44","2025-07-02 04:58:44",delivery,NULL
1062,158,3,109000.00,completed,"2025-08-10 21:21:44","2025-08-10 21:36:44",dine-in,NULL
1063,126,14,110000.00,completed,"2025-07-30 05:41:44","2025-07-30 05:58:44",takeaway,NULL
1064,66,12,98000.00,completed,"2025-07-23 01:18:44","2025-07-23 01:29:44",dine-in,NULL
1065,131,4,137000.00,completed,"2025-08-24 02:23:44","2025-08-24 02:47:44",takeaway,NULL
1066,32,6,98000.00,completed,"2025-11-27 00:00:44","2025-11-27 00:18:44",dine-in,NULL
1067,158,12,116000.00,completed,"2025-10-16 07:33:44","2025-10-16 07:59:44",dine-in,NULL
1068,151,15,78000.00,completed,"2025-07-31 01:14:44","2025-07-31 01:25:44",dine-in,NULL
1069,28,14,118000.00,pending,"2025-10-08 20:38:44","2025-10-08 21:01:44",delivery,NULL
1070,57,2,196000.00,completed,"2025-11-13 06:35:44","2025-11-13 06:52:44",dine-in,NULL
1071,21,11,118000.00,completed,"2025-07-12 22:19:44","2025-07-12 22:47:44",dine-in,NULL
1072,167,10,55000.00,completed,"2025-06-06 22:01:44","2025-06-06 22:30:44",takeaway,NULL
1073,57,6,39000.00,completed,"2025-07-06 08:39:44","2025-07-06 08:44:44",dine-in,NULL
1074,134,2,100000.00,completed,"2025-10-12 19:15:44","2025-10-12 19:33:44",delivery,NULL
1075,78,15,55000.00,completed,"2025-09-05 05:13:44","2025-09-05 05:26:44",delivery,NULL
1076,151,9,199000.00,completed,"2025-10-18 18:09:44","2025-10-18 18:23:44",takeaway,NULL
1077,133,12,59000.00,completed,"2025-06-18 06:41:44","2025-06-18 06:57:44",takeaway,NULL
1078,149,7,236000.00,pending,"2025-08-13 20:36:44","2025-08-13 20:56:44",delivery,NULL
1079,20,5,39000.00,completed,"2025-08-16 08:51:44","2025-08-16 09:16:44",takeaway,NULL
1080,77,11,110000.00,completed,"2025-07-31 06:46:44","2025-07-31 06:59:44",dine-in,NULL
1081,43,12,39000.00,completed,"2025-06-28 07:34:44","2025-06-28 07:58:44",dine-in,NULL
1082,99,14,110000.00,completed,"2025-06-17 21:50:44","2025-06-17 22:10:44",takeaway,NULL
1083,116,12,97000.00,cancelled,"2025-11-24 06:20:44","2025-11-24 06:50:44",dine-in,NULL
1084,115,15,117000.00,completed,"2025-07-29 07:48:44","2025-07-29 08:12:44",delivery,NULL
1085,69,7,98000.00,completed,"2025-07-06 03:34:44","2025-07-06 04:02:44",takeaway,NULL
1086,105,7,78000.00,completed,"2025-08-16 20:38:44","2025-08-16 21:07:44",dine-in,NULL
1087,57,14,110000.00,completed,"2025-11-16 00:11:44","2025-11-16 00:18:44",dine-in,NULL
1088,96,14,118000.00,completed,"2025-08-10 22:09:44","2025-08-10 22:37:44",delivery,NULL
1089,30,8,196000.00,completed,"2025-07-09 21:31:44","2025-07-09 21:37:44",delivery,NULL
1090,145,15,149000.00,completed,"2025-11-24 21:42:44","2025-11-24 22:03:44",takeaway,NULL
1091,42,8,110000.00,completed,"2025-07-26 18:52:44","2025-07-26 19:16:44",takeaway,NULL
1092,104,8,39000.00,completed,"2025-11-28 04:17:44","2025-11-28 04:29:44",delivery,NULL
1093,124,8,118000.00,completed,"2025-09-19 03:27:44","2025-09-19 03:37:44",dine-in,NULL
1094,126,5,138000.00,completed,"2025-06-05 20:09:44","2025-06-05 20:36:44",delivery,NULL
1095,149,3,145000.00,completed,"2025-10-28 03:56:44","2025-10-28 04:20:44",dine-in,NULL
1096,90,1,78000.00,completed,"2025-06-28 08:23:44","2025-06-28 08:51:44",dine-in,NULL
1097,105,10,157000.00,completed,"2025-07-23 22:54:44","2025-07-23 23:08:44",takeaway,NULL
1098,146,1,129000.00,completed,"2025-06-08 01:43:44","2025-06-08 02:08:44",takeaway,NULL
1099,131,15,59000.00,completed,"2025-11-08 19:33:44","2025-11-08 19:59:44",takeaway,NULL
1100,119,6,94000.00,completed,"2025-08-04 07:49:44","2025-08-04 08:18:44",takeaway,NULL
1101,57,6,98000.00,completed,"2025-07-04 22:37:44","2025-07-04 23:04:44",takeaway,NULL
1102,108,9,90000.00,completed,"2025-07-07 21:58:44","2025-07-07 22:21:44",takeaway,NULL
1103,62,7,39000.00,completed,"2025-11-13 21:01:44","2025-11-13 21:07:44",delivery,NULL
1104,119,8,156000.00,completed,"2025-07-31 03:14:44","2025-07-31 03:32:44",takeaway,NULL
1105,19,13,90000.00,cancelled,"2025-07-18 01:04:44","2025-07-18 01:12:44",takeaway,NULL
1106,163,1,98000.00,completed,"2025-06-07 08:48:44","2025-06-07 09:12:44",takeaway,NULL
1107,140,12,78000.00,completed,"2025-11-19 22:36:44","2025-11-19 22:52:44",dine-in,NULL
1108,24,10,59000.00,completed,"2025-08-08 01:38:44","2025-08-08 01:56:44",dine-in,NULL
1109,130,14,78000.00,completed,"2025-12-03 01:18:44","2025-12-03 01:36:44",delivery,NULL
1110,126,7,208000.00,completed,"2025-10-12 03:20:44","2025-10-12 03:32:44",takeaway,NULL
1111,46,4,78000.00,completed,"2025-11-04 19:00:44","2025-11-04 19:13:44",delivery,NULL
1112,104,7,49000.00,completed,"2025-07-01 19:59:44","2025-07-01 20:29:44",delivery,NULL
1113,20,8,45000.00,completed,"2025-06-21 19:43:44","2025-06-21 20:05:44",delivery,NULL
1114,49,6,55000.00,completed,"2025-07-04 06:51:44","2025-07-04 06:56:44",takeaway,NULL
1115,65,13,168000.00,completed,"2025-06-06 06:10:44","2025-06-06 06:38:44",dine-in,NULL
1116,130,5,154000.00,completed,"2025-09-01 21:41:44","2025-09-01 21:59:44",delivery,NULL
1117,142,15,128000.00,completed,"2025-07-12 03:30:44","2025-07-12 03:46:44",takeaway,NULL
1118,41,15,78000.00,pending,"2025-11-24 01:30:44","2025-11-24 01:46:44",dine-in,NULL
1119,102,3,93000.00,completed,"2025-12-01 23:30:44","2025-12-01 23:55:44",takeaway,NULL
1120,106,12,45000.00,completed,"2025-07-18 08:44:44","2025-07-18 09:01:44",takeaway,NULL
1121,59,9,174000.00,completed,"2025-10-20 08:53:44","2025-10-20 09:03:44",dine-in,NULL
1122,57,15,90000.00,pending,"2025-08-22 09:03:44","2025-08-22 09:31:44",delivery,NULL
1123,23,15,55000.00,completed,"2025-07-31 23:38:44","2025-08-01 00:04:44",dine-in,NULL
1124,135,7,98000.00,completed,"2025-08-08 08:57:44","2025-08-08 09:03:44",delivery,NULL
1125,145,11,49000.00,completed,"2025-08-24 06:27:44","2025-08-24 06:54:44",dine-in,NULL
1126,115,11,130000.00,completed,"2025-06-21 18:45:44","2025-06-21 18:51:44",takeaway,NULL
1127,100,13,49000.00,completed,"2025-08-01 04:38:44","2025-08-01 05:06:44",takeaway,NULL
1128,151,7,129000.00,completed,"2025-10-29 18:34:44","2025-10-29 19:02:44",delivery,NULL
1129,128,14,104000.00,completed,"2025-06-19 06:44:44","2025-06-19 07:04:44",dine-in,NULL
1130,100,3,39000.00,completed,"2025-11-12 02:55:44","2025-11-12 03:08:44",takeaway,NULL
1131,94,1,202000.00,completed,"2025-07-28 03:29:44","2025-07-28 03:55:44",takeaway,NULL
1132,127,13,118000.00,completed,"2025-07-27 01:13:44","2025-07-27 01:43:44",takeaway,NULL
1133,24,3,55000.00,pending,"2025-07-05 20:13:44","2025-07-05 20:24:44",takeaway,NULL
1134,124,5,90000.00,pending,"2025-10-27 18:44:44","2025-10-27 19:03:44",delivery,NULL
1135,140,4,98000.00,completed,"2025-10-14 21:22:44","2025-10-14 21:36:44",dine-in,NULL
1136,123,4,39000.00,cancelled,"2025-07-22 04:49:44","2025-07-22 05:02:44",takeaway,NULL
1137,168,7,98000.00,completed,"2025-08-06 00:18:44","2025-08-06 00:43:44",dine-in,NULL
1138,164,13,65000.00,completed,"2025-10-13 22:03:44","2025-10-13 22:32:44",dine-in,NULL
1139,113,3,98000.00,completed,"2025-11-16 04:58:44","2025-11-16 05:03:44",delivery,NULL
1140,45,10,110000.00,pending,"2025-07-23 23:20:44","2025-07-23 23:43:44",delivery,NULL
1141,111,3,217000.00,completed,"2025-08-20 22:09:44","2025-08-20 22:37:44",takeaway,NULL
1142,38,8,110000.00,completed,"2025-06-06 07:17:44","2025-06-06 07:24:44",takeaway,NULL
1143,73,13,110000.00,cancelled,"2025-09-01 22:45:44","2025-09-01 22:55:44",dine-in,NULL
1144,149,15,110000.00,completed,"2025-11-04 19:09:44","2025-11-04 19:38:44",delivery,NULL
1145,109,14,136000.00,completed,"2025-11-26 03:43:44","2025-11-26 04:03:44",delivery,NULL
1146,42,8,98000.00,completed,"2025-11-26 03:07:44","2025-11-26 03:17:44",takeaway,NULL
1147,105,4,55000.00,cancelled,"2025-09-02 04:23:44","2025-09-02 04:46:44",takeaway,NULL
1148,126,8,55000.00,completed,"2025-06-24 04:09:44","2025-06-24 04:32:44",delivery,NULL
1149,168,1,117000.00,completed,"2025-06-07 00:02:44","2025-06-07 00:12:44",takeaway,NULL
1150,93,10,81000.00,completed,"2025-10-14 19:59:44","2025-10-14 20:26:44",dine-in,NULL
1151,46,1,127000.00,completed,"2025-07-31 05:05:44","2025-07-31 05:29:44",dine-in,NULL
1152,82,1,74000.00,completed,"2025-11-06 04:13:44","2025-11-06 04:20:44",delivery,NULL
1153,46,8,78000.00,completed,"2025-07-23 04:53:44","2025-07-23 05:13:44",dine-in,NULL
1154,145,9,49000.00,completed,"2025-07-25 06:47:44","2025-07-25 07:00:44",delivery,NULL
1155,42,12,64000.00,completed,"2025-06-30 20:08:44","2025-06-30 20:20:44",takeaway,NULL
1156,115,13,90000.00,completed,"2025-11-23 23:40:44","2025-11-24 00:02:44",dine-in,NULL
1157,147,5,90000.00,completed,"2025-11-01 06:55:44","2025-11-01 07:19:44",takeaway,NULL
1158,128,14,59000.00,completed,"2025-10-13 22:31:44","2025-10-13 22:56:44",dine-in,NULL
1159,67,7,61000.00,pending,"2025-09-15 03:44:44","2025-09-15 04:14:44",takeaway,NULL
1160,41,9,148000.00,cancelled,"2025-09-02 04:04:44","2025-09-02 04:21:44",takeaway,NULL
1161,158,7,143000.00,completed,"2025-09-19 20:50:44","2025-09-19 20:56:44",takeaway,NULL
1162,105,15,78000.00,completed,"2025-07-21 22:44:44","2025-07-21 22:56:44",dine-in,NULL
1163,130,4,116000.00,completed,"2025-08-29 19:19:44","2025-08-29 19:37:44",takeaway,NULL
1164,105,3,45000.00,pending,"2025-06-30 07:05:44","2025-06-30 07:15:44",takeaway,NULL
1165,97,8,97000.00,completed,"2025-07-23 21:29:44","2025-07-23 21:35:44",delivery,NULL
1166,106,12,123000.00,completed,"2025-11-30 22:27:44","2025-11-30 22:41:44",takeaway,NULL
1167,82,4,78000.00,completed,"2025-11-01 19:37:44","2025-11-01 20:00:44",delivery,NULL
1168,134,12,59000.00,completed,"2025-11-02 00:51:44","2025-11-02 01:16:44",dine-in,NULL
1169,50,11,225000.00,completed,"2025-11-05 00:58:44","2025-11-05 01:08:44",delivery,NULL
1170,42,9,98000.00,completed,"2025-07-21 01:30:44","2025-07-21 01:43:44",delivery,NULL
1171,112,10,157000.00,pending,"2025-08-14 06:05:44","2025-08-14 06:27:44",takeaway,NULL
1172,130,15,220000.00,completed,"2025-09-12 23:23:44","2025-09-12 23:39:44",takeaway,NULL
1173,126,13,59000.00,completed,"2025-10-17 20:50:44","2025-10-17 21:13:44",takeaway,NULL
1174,146,12,45000.00,completed,"2025-08-20 03:52:44","2025-08-20 04:22:44",takeaway,NULL
1175,43,15,61000.00,completed,"2025-09-23 08:06:44","2025-09-23 08:12:44",delivery,NULL
1176,167,15,45000.00,completed,"2025-10-20 21:35:44","2025-10-20 21:58:44",dine-in,NULL
1177,150,4,138000.00,completed,"2025-08-21 06:57:44","2025-08-21 07:06:44",takeaway,NULL
1178,115,4,110000.00,completed,"2025-11-02 02:26:44","2025-11-02 02:42:44",delivery,NULL
1179,16,15,177000.00,completed,"2025-06-28 08:28:44","2025-06-28 08:52:44",takeaway,NULL
1180,134,1,98000.00,completed,"2025-07-22 09:07:44","2025-07-22 09:12:44",takeaway,NULL
1181,166,8,175000.00,completed,"2025-08-18 06:09:44","2025-08-18 06:33:44",dine-in,NULL
1182,115,7,39000.00,completed,"2025-09-10 05:47:44","2025-09-10 06:12:44",dine-in,NULL
1183,125,4,110000.00,completed,"2025-06-27 21:31:44","2025-06-27 21:52:44",takeaway,NULL
1184,86,12,110000.00,pending,"2025-11-16 02:54:44","2025-11-16 03:04:44",delivery,NULL
1185,108,5,118000.00,cancelled,"2025-10-13 19:32:44","2025-10-13 19:56:44",dine-in,NULL
1186,39,4,110000.00,completed,"2025-10-25 19:03:44","2025-10-25 19:23:44",takeaway,NULL
1187,172,9,208000.00,completed,"2025-07-25 04:14:44","2025-07-25 04:37:44",takeaway,NULL
1188,12,5,55000.00,completed,"2025-07-04 18:11:44","2025-07-04 18:19:44",takeaway,NULL
1189,119,7,59000.00,completed,"2025-11-15 05:12:44","2025-11-15 05:26:44",takeaway,NULL
1190,165,15,74000.00,completed,"2025-06-18 03:15:44","2025-06-18 03:37:44",delivery,NULL
1191,32,3,84000.00,completed,"2025-08-29 23:46:44","2025-08-30 00:12:44",dine-in,NULL
1192,111,2,55000.00,cancelled,"2025-09-03 19:01:44","2025-09-03 19:16:44",dine-in,NULL
1193,83,14,49000.00,completed,"2025-10-27 22:05:44","2025-10-27 22:22:44",takeaway,NULL
1194,118,3,78000.00,completed,"2025-11-27 19:34:44","2025-11-27 19:56:44",takeaway,NULL
1195,170,9,110000.00,completed,"2025-09-03 05:20:44","2025-09-03 05:40:44",dine-in,NULL
1196,158,15,55000.00,pending,"2025-06-10 18:45:44","2025-06-10 18:56:44",delivery,NULL
1197,34,11,78000.00,completed,"2025-07-14 02:24:44","2025-07-14 02:40:44",takeaway,NULL
1198,41,6,117000.00,completed,"2025-07-31 05:05:44","2025-07-31 05:28:44",delivery,NULL
1199,151,2,65000.00,completed,"2025-06-12 18:39:44","2025-06-12 19:00:44",takeaway,NULL
1200,82,8,138000.00,completed,"2025-09-27 01:44:44","2025-09-27 01:55:44",dine-in,NULL
1201,152,6,236000.00,pending,"2025-08-05 04:25:44","2025-08-05 04:42:44",takeaway,NULL
1202,11,14,136000.00,completed,"2025-07-17 06:07:44","2025-07-17 06:21:44",dine-in,NULL
1203,139,11,110000.00,completed,"2025-12-01 00:11:44","2025-12-01 00:23:44",takeaway,NULL
1204,36,2,118000.00,completed,"2025-06-13 02:26:44","2025-06-13 02:34:44",dine-in,NULL
1205,106,12,39000.00,completed,"2025-11-11 20:38:44","2025-11-11 21:05:44",dine-in,NULL
1206,43,12,65000.00,pending,"2025-10-17 18:38:44","2025-10-17 18:54:44",delivery,NULL
1207,82,13,130000.00,completed,"2025-08-03 03:02:44","2025-08-03 03:09:44",takeaway,NULL
1208,118,7,78000.00,completed,"2025-12-01 07:10:44","2025-12-01 07:36:44",dine-in,NULL
1209,20,9,39000.00,completed,"2025-08-11 04:44:44","2025-08-11 05:07:44",delivery,NULL
1210,149,2,69000.00,completed,"2025-10-05 07:18:44","2025-10-05 07:27:44",takeaway,NULL
1211,153,14,147000.00,completed,"2025-11-25 05:25:44","2025-11-25 05:44:44",dine-in,NULL
1212,105,3,55000.00,completed,"2025-07-11 20:52:44","2025-07-11 21:11:44",dine-in,NULL
1213,128,3,49000.00,completed,"2025-11-03 20:31:44","2025-11-03 20:53:44",dine-in,NULL
1214,78,14,93000.00,completed,"2025-08-19 07:06:44","2025-08-19 07:34:44",takeaway,NULL
1215,103,2,138000.00,completed,"2025-09-15 01:09:44","2025-09-15 01:23:44",takeaway,NULL
1216,84,9,45000.00,completed,"2025-06-28 08:56:44","2025-06-28 09:21:44",takeaway,NULL
1217,136,12,49000.00,cancelled,"2025-09-08 04:33:44","2025-09-08 04:38:44",dine-in,NULL
1218,10,7,45000.00,completed,"2025-07-06 04:23:44","2025-07-06 04:44:44",takeaway,NULL
1219,51,11,98000.00,completed,"2025-06-15 05:10:44","2025-06-15 05:39:44",dine-in,NULL
1220,88,13,136000.00,completed,"2025-08-24 03:12:44","2025-08-24 03:37:44",delivery,NULL
1221,51,1,129000.00,completed,"2025-10-11 01:19:44","2025-10-11 01:29:44",dine-in,NULL
1222,163,7,84000.00,completed,"2025-11-08 19:10:44","2025-11-08 19:35:44",takeaway,NULL
1223,32,9,49000.00,completed,"2025-09-10 19:10:44","2025-09-10 19:39:44",takeaway,NULL
1224,20,12,49000.00,completed,"2025-06-14 00:27:44","2025-06-14 00:40:44",takeaway,NULL
1225,150,7,90000.00,completed,"2025-06-14 08:54:44","2025-06-14 09:12:44",takeaway,NULL
1226,94,1,78000.00,completed,"2025-10-06 06:57:44","2025-10-06 07:22:44",takeaway,NULL
1227,95,5,110000.00,completed,"2025-08-15 18:35:44","2025-08-15 18:57:44",takeaway,NULL
1228,57,4,55000.00,completed,"2025-09-29 23:58:44","2025-09-30 00:05:44",dine-in,NULL
1229,145,7,49000.00,completed,"2025-10-07 20:08:44","2025-10-07 20:31:44",takeaway,NULL
1230,21,1,45000.00,completed,"2025-11-01 06:10:44","2025-11-01 06:25:44",takeaway,NULL
1231,111,15,165000.00,completed,"2025-11-26 04:44:44","2025-11-26 05:00:44",delivery,NULL
1232,49,7,140000.00,completed,"2025-10-07 22:05:44","2025-10-07 22:34:44",dine-in,NULL
1233,131,15,45000.00,completed,"2025-11-22 18:46:44","2025-11-22 19:03:44",dine-in,NULL
1234,120,3,55000.00,completed,"2025-10-30 23:45:44","2025-10-31 00:03:44",takeaway,NULL
1235,152,2,55000.00,pending,"2025-07-16 23:51:44","2025-07-17 00:02:44",dine-in,NULL
1236,139,4,90000.00,completed,"2025-10-06 07:39:44","2025-10-06 08:03:44",takeaway,NULL
1237,41,2,65000.00,completed,"2025-08-01 07:54:44","2025-08-01 08:13:44",dine-in,NULL
1238,166,9,45000.00,completed,"2025-08-05 06:59:44","2025-08-05 07:25:44",delivery,NULL
1239,163,5,78000.00,completed,"2025-07-07 23:55:44","2025-07-08 00:02:44",dine-in,NULL
1240,130,1,78000.00,completed,"2025-06-19 00:44:44","2025-06-19 01:13:44",dine-in,NULL
1241,41,8,110000.00,completed,"2025-09-01 18:22:44","2025-09-01 18:39:44",takeaway,NULL
1242,55,4,61000.00,completed,"2025-09-06 06:22:44","2025-09-06 06:29:44",takeaway,NULL
1243,166,11,45000.00,completed,"2025-07-22 06:18:44","2025-07-22 06:33:44",dine-in,NULL
1244,37,13,176000.00,completed,"2025-10-22 02:57:44","2025-10-22 03:04:44",takeaway,NULL
1245,111,12,90000.00,completed,"2025-09-11 23:54:44","2025-09-12 00:10:44",takeaway,NULL
1246,150,5,55000.00,completed,"2025-11-26 07:38:44","2025-11-26 07:43:44",takeaway,NULL
1247,159,7,78000.00,completed,"2025-09-21 03:06:44","2025-09-21 03:15:44",takeaway,NULL
1248,84,9,78000.00,pending,"2025-06-10 23:17:44","2025-06-10 23:36:44",takeaway,NULL
1249,120,3,117000.00,completed,"2025-10-29 02:51:44","2025-10-29 03:19:44",delivery,NULL
1250,104,15,110000.00,completed,"2025-08-28 19:07:44","2025-08-28 19:35:44",takeaway,NULL
1251,153,14,240000.00,completed,"2025-06-27 07:13:44","2025-06-27 07:22:44",takeaway,NULL
1252,75,13,77000.00,completed,"2025-11-01 01:41:44","2025-11-01 01:46:44",dine-in,NULL
1253,25,9,215000.00,completed,"2025-11-21 19:45:44","2025-11-21 20:13:44",takeaway,NULL
1254,103,11,148000.00,completed,"2025-11-02 19:53:44","2025-11-02 20:11:44",takeaway,NULL
1255,148,8,179000.00,completed,"2025-10-10 07:34:44","2025-10-10 07:58:44",takeaway,NULL
1256,105,11,39000.00,completed,"2025-08-21 07:36:44","2025-08-21 07:45:44",dine-in,NULL
1257,168,6,59000.00,completed,"2025-11-08 04:52:44","2025-11-08 05:18:44",dine-in,NULL
1258,157,8,154000.00,completed,"2025-10-09 00:45:44","2025-10-09 00:50:44",delivery,NULL
1259,100,1,138000.00,completed,"2025-08-10 05:09:44","2025-08-10 05:36:44",delivery,NULL
1260,127,10,139000.00,completed,"2025-07-23 00:33:44","2025-07-23 00:50:44",takeaway,NULL
1261,40,2,129000.00,completed,"2025-10-31 07:55:44","2025-10-31 08:18:44",takeaway,NULL
1262,108,6,188000.00,completed,"2025-11-07 23:05:44","2025-11-07 23:12:44",takeaway,NULL
1263,130,9,116000.00,completed,"2025-09-23 19:03:44","2025-09-23 19:31:44",delivery,NULL
1264,80,9,55000.00,completed,"2025-06-27 00:36:44","2025-06-27 00:42:44",takeaway,NULL
1265,168,12,94000.00,completed,"2025-08-28 03:48:44","2025-08-28 03:54:44",dine-in,NULL
1266,80,13,138000.00,completed,"2025-06-08 01:54:44","2025-06-08 02:09:44",dine-in,NULL
1267,126,3,55000.00,completed,"2025-07-25 03:16:44","2025-07-25 03:22:44",takeaway,NULL
1268,127,1,55000.00,completed,"2025-10-02 01:53:44","2025-10-02 01:59:44",dine-in,NULL
1269,45,13,168000.00,completed,"2025-10-13 02:07:44","2025-10-13 02:15:44",takeaway,NULL
1270,57,2,130000.00,completed,"2025-07-19 02:30:44","2025-07-19 02:52:44",takeaway,NULL
1271,21,4,110000.00,pending,"2025-08-29 07:00:44","2025-08-29 07:21:44",takeaway,NULL
1272,110,2,110000.00,completed,"2025-10-26 07:47:44","2025-10-26 08:12:44",takeaway,NULL
1273,43,9,98000.00,completed,"2025-08-16 07:14:44","2025-08-16 07:35:44",takeaway,NULL
1274,82,1,110000.00,completed,"2025-09-18 05:32:44","2025-09-18 05:49:44",takeaway,NULL
1275,151,8,39000.00,completed,"2025-10-04 01:27:44","2025-10-04 01:56:44",dine-in,NULL
1276,91,3,110000.00,completed,"2025-07-16 06:55:44","2025-07-16 07:15:44",takeaway,NULL
1277,101,1,129000.00,completed,"2025-07-25 03:35:44","2025-07-25 03:49:44",delivery,NULL
1278,31,2,110000.00,completed,"2025-09-10 03:24:44","2025-09-10 03:33:44",takeaway,NULL
1279,59,14,78000.00,completed,"2025-09-07 00:20:44","2025-09-07 00:45:44",dine-in,NULL
1280,158,4,97000.00,pending,"2025-06-15 04:33:44","2025-06-15 04:55:44",takeaway,NULL
1281,22,10,78000.00,completed,"2025-10-08 00:57:44","2025-10-08 01:09:44",dine-in,NULL
1282,153,9,127000.00,completed,"2025-08-12 22:20:44","2025-08-12 22:35:44",takeaway,NULL
1283,21,9,39000.00,completed,"2025-06-27 03:20:44","2025-06-27 03:48:44",takeaway,NULL
1284,171,5,188000.00,completed,"2025-11-24 08:16:44","2025-11-24 08:25:44",takeaway,NULL
1285,77,3,90000.00,completed,"2025-07-14 03:38:44","2025-07-14 03:55:44",delivery,NULL
1286,91,11,110000.00,completed,"2025-10-02 06:05:44","2025-10-02 06:32:44",dine-in,NULL
1287,56,11,97000.00,cancelled,"2025-11-26 22:53:44","2025-11-26 23:16:44",dine-in,NULL
1288,150,13,104000.00,completed,"2025-09-22 05:56:44","2025-09-22 06:26:44",takeaway,NULL
1289,87,3,94000.00,completed,"2025-07-26 00:32:44","2025-07-26 00:39:44",takeaway,NULL
1290,51,2,157000.00,completed,"2025-09-30 08:45:44","2025-09-30 09:03:44",delivery,NULL
1291,95,14,127000.00,completed,"2025-11-18 20:02:44","2025-11-18 20:22:44",takeaway,NULL
1292,57,11,129000.00,completed,"2025-07-25 06:38:44","2025-07-25 06:55:44",takeaway,NULL
1293,25,4,69000.00,completed,"2025-10-11 03:29:44","2025-10-11 03:45:44",dine-in,NULL
1294,140,3,55000.00,cancelled,"2025-10-09 06:55:44","2025-10-09 07:24:44",takeaway,NULL
1295,124,12,98000.00,completed,"2025-09-08 20:41:44","2025-09-08 21:05:44",dine-in,NULL
1296,145,10,90000.00,completed,"2025-09-06 23:39:44","2025-09-06 23:47:44",delivery,NULL
1297,73,8,88000.00,completed,"2025-11-22 07:26:44","2025-11-22 07:49:44",dine-in,NULL
1298,137,13,49000.00,completed,"2025-11-15 02:28:44","2025-11-15 02:46:44",delivery,NULL
1299,100,12,78000.00,pending,"2025-08-24 07:17:44","2025-08-24 07:47:44",dine-in,NULL
1300,153,14,45000.00,completed,"2025-08-26 19:56:44","2025-08-26 20:20:44",dine-in,NULL
1301,44,11,78000.00,completed,"2025-10-06 06:15:44","2025-10-06 06:41:44",delivery,NULL
1302,77,13,98000.00,completed,"2025-07-10 06:23:44","2025-07-10 06:37:44",dine-in,NULL
1303,105,9,110000.00,completed,"2025-08-16 03:55:44","2025-08-16 04:09:44",takeaway,NULL
1304,121,11,77000.00,completed,"2025-11-15 20:09:44","2025-11-15 20:30:44",dine-in,NULL
1305,42,13,98000.00,pending,"2025-10-30 18:29:44","2025-10-30 18:37:44",takeaway,NULL
1306,129,10,110000.00,completed,"2025-09-07 22:35:44","2025-09-07 22:45:44",dine-in,NULL
1307,92,8,116000.00,completed,"2025-06-17 23:18:44","2025-06-17 23:36:44",delivery,NULL
1308,32,11,78000.00,cancelled,"2025-10-09 19:45:44","2025-10-09 19:54:44",takeaway,NULL
1309,168,2,98000.00,completed,"2025-07-05 20:52:44","2025-07-05 21:04:44",takeaway,NULL
1310,124,2,118000.00,completed,"2025-11-15 19:17:44","2025-11-15 19:22:44",dine-in,NULL
1311,32,14,165000.00,completed,"2025-07-29 18:11:44","2025-07-29 18:40:44",dine-in,NULL
1312,51,1,45000.00,completed,"2025-07-08 19:44:44","2025-07-08 20:13:44",takeaway,NULL
1313,143,12,138000.00,completed,"2025-08-07 21:16:44","2025-08-07 21:40:44",delivery,NULL
1314,53,3,55000.00,completed,"2025-07-07 04:19:44","2025-07-07 04:27:44",delivery,NULL
1315,115,15,145000.00,completed,"2025-08-09 07:36:44","2025-08-09 08:04:44",delivery,NULL
1316,56,3,39000.00,completed,"2025-08-19 00:43:44","2025-08-19 01:03:44",takeaway,NULL
1317,23,5,223000.00,completed,"2025-09-18 01:21:44","2025-09-18 01:29:44",takeaway,NULL
1318,131,3,110000.00,completed,"2025-09-21 21:01:44","2025-09-21 21:22:44",takeaway,NULL
1319,50,11,94000.00,completed,"2025-08-09 18:53:44","2025-08-09 19:03:44",delivery,NULL
1320,51,7,90000.00,completed,"2025-12-02 18:29:44","2025-12-02 18:48:44",takeaway,NULL
1321,140,10,173000.00,completed,"2025-11-05 20:59:44","2025-11-05 21:29:44",dine-in,NULL
1322,23,13,145000.00,completed,"2025-06-10 23:32:44","2025-06-10 23:52:44",takeaway,NULL
1323,153,11,110000.00,pending,"2025-10-20 00:52:44","2025-10-20 01:20:44",takeaway,NULL
1324,100,11,78000.00,completed,"2025-06-18 02:42:44","2025-06-18 03:03:44",takeaway,NULL
1325,141,11,49000.00,completed,"2025-08-23 01:22:44","2025-08-23 01:37:44",takeaway,NULL
1326,136,5,138000.00,completed,"2025-06-29 07:53:44","2025-06-29 08:18:44",takeaway,NULL
1327,78,10,148000.00,completed,"2025-12-03 06:25:44","2025-12-03 06:52:44",delivery,NULL
1328,101,7,98000.00,completed,"2025-11-18 04:36:44","2025-11-18 04:59:44",takeaway,NULL
1329,101,14,59000.00,cancelled,"2025-06-15 19:22:44","2025-06-15 19:33:44",takeaway,NULL
1330,158,2,100000.00,completed,"2025-08-25 23:18:44","2025-08-25 23:35:44",takeaway,NULL
1331,100,11,39000.00,completed,"2025-07-16 22:49:44","2025-07-16 23:15:44",takeaway,NULL
1332,60,5,69000.00,completed,"2025-11-01 02:39:44","2025-11-01 02:59:44",dine-in,NULL
1333,82,10,67000.00,completed,"2025-10-14 19:05:44","2025-10-14 19:30:44",delivery,NULL
1334,162,1,55000.00,completed,"2025-11-24 23:54:44","2025-11-25 00:15:44",dine-in,NULL
1335,10,3,118000.00,completed,"2025-07-13 20:07:44","2025-07-13 20:24:44",takeaway,NULL
1336,17,14,45000.00,completed,"2025-11-24 21:51:44","2025-11-24 22:05:44",takeaway,NULL
1337,41,10,98000.00,completed,"2025-08-01 21:32:44","2025-08-01 21:43:44",dine-in,NULL
1338,89,11,130000.00,completed,"2025-09-14 19:19:44","2025-09-14 19:49:44",takeaway,NULL
1339,153,2,152000.00,completed,"2025-11-27 08:36:44","2025-11-27 09:02:44",takeaway,NULL
1340,106,5,137000.00,completed,"2025-10-10 19:31:44","2025-10-10 19:55:44",takeaway,NULL
1341,45,1,45000.00,completed,"2025-09-10 06:16:44","2025-09-10 06:35:44",takeaway,NULL
1342,59,15,165000.00,completed,"2025-07-19 06:15:44","2025-07-19 06:39:44",takeaway,NULL
1343,60,10,138000.00,completed,"2025-06-09 08:58:44","2025-06-09 09:15:44",dine-in,NULL
1344,41,3,98000.00,completed,"2025-08-27 19:19:44","2025-08-27 19:49:44",dine-in,NULL
1345,12,3,64000.00,completed,"2025-10-30 18:58:44","2025-10-30 19:14:44",takeaway,NULL
1346,153,6,55000.00,completed,"2025-09-14 02:19:44","2025-09-14 02:36:44",dine-in,NULL
1347,42,15,110000.00,completed,"2025-06-24 21:47:44","2025-06-24 22:02:44",takeaway,NULL
1348,44,8,138000.00,completed,"2025-12-02 07:36:44","2025-12-02 07:55:44",delivery,NULL
1349,33,12,98000.00,completed,"2025-10-02 08:34:44","2025-10-02 08:53:44",takeaway,NULL
1350,163,1,169000.00,completed,"2025-10-30 22:53:44","2025-10-30 23:13:44",takeaway,NULL
1351,162,7,74000.00,completed,"2025-11-23 20:59:44","2025-11-23 21:16:44",dine-in,NULL
1352,74,14,78000.00,completed,"2025-11-12 21:02:44","2025-11-12 21:14:44",takeaway,NULL
1353,100,12,45000.00,completed,"2025-07-31 04:53:44","2025-07-31 05:02:44",takeaway,NULL
1354,43,13,45000.00,completed,"2025-06-21 01:35:44","2025-06-21 02:04:44",dine-in,NULL
1355,160,12,148000.00,completed,"2025-09-11 02:31:44","2025-09-11 03:00:44",takeaway,NULL
1356,105,4,154000.00,completed,"2025-08-20 08:38:44","2025-08-20 08:44:44",dine-in,NULL
1357,16,10,55000.00,pending,"2025-09-29 06:45:44","2025-09-29 07:06:44",takeaway,NULL
1358,114,4,98000.00,pending,"2025-08-07 19:27:44","2025-08-07 19:44:44",takeaway,NULL
1359,86,9,98000.00,completed,"2025-07-14 08:58:44","2025-07-14 09:14:44",takeaway,NULL
1360,23,12,90000.00,completed,"2025-11-06 22:42:44","2025-11-06 22:59:44",takeaway,NULL
1361,10,1,55000.00,completed,"2025-06-16 05:13:44","2025-06-16 05:37:44",takeaway,NULL
1362,139,15,148000.00,completed,"2025-09-20 06:09:44","2025-09-20 06:19:44",takeaway,NULL
1363,158,1,55000.00,completed,"2025-08-18 06:22:44","2025-08-18 06:29:44",takeaway,NULL
1364,77,12,98000.00,completed,"2025-11-07 04:17:44","2025-11-07 04:29:44",delivery,NULL
1365,80,9,168000.00,completed,"2025-07-07 01:13:44","2025-07-07 01:43:44",takeaway,NULL
1366,145,14,112000.00,completed,"2025-06-07 04:29:44","2025-06-07 04:59:44",takeaway,NULL
1367,42,13,148000.00,completed,"2025-08-08 03:41:44","2025-08-08 03:47:44",delivery,NULL
1368,122,2,119000.00,completed,"2025-11-20 23:40:44","2025-11-21 00:04:44",delivery,NULL
1369,86,2,90000.00,pending,"2025-10-14 05:03:44","2025-10-14 05:13:44",delivery,NULL
1370,12,11,49000.00,completed,"2025-06-18 00:42:44","2025-06-18 00:48:44",dine-in,NULL
1371,41,5,68000.00,completed,"2025-11-02 01:58:44","2025-11-02 02:23:44",dine-in,NULL
1372,144,6,90000.00,completed,"2025-07-01 01:28:44","2025-07-01 01:46:44",takeaway,NULL
1373,150,5,65000.00,completed,"2025-11-13 23:33:44","2025-11-13 23:56:44",dine-in,NULL
1374,42,8,165000.00,completed,"2025-09-17 18:15:44","2025-09-17 18:34:44",dine-in,NULL
1375,86,10,39000.00,completed,"2025-06-28 03:45:44","2025-06-28 04:05:44",takeaway,NULL
1376,129,11,45000.00,completed,"2025-08-23 04:32:44","2025-08-23 04:53:44",takeaway,NULL
1377,65,14,110000.00,completed,"2025-06-16 21:45:44","2025-06-16 22:08:44",delivery,NULL
1378,22,4,90000.00,completed,"2025-09-28 23:02:44","2025-09-28 23:18:44",delivery,NULL
1379,115,4,65000.00,completed,"2025-09-21 20:53:44","2025-09-21 21:13:44",delivery,NULL
1380,168,14,110000.00,completed,"2025-07-10 23:51:44","2025-07-11 00:00:44",takeaway,NULL
1381,115,12,130000.00,cancelled,"2025-08-23 18:18:44","2025-08-23 18:36:44",delivery,NULL
1382,151,7,78000.00,completed,"2025-08-05 01:11:44","2025-08-05 01:36:44",dine-in,NULL
1383,168,3,156000.00,completed,"2025-11-02 00:35:44","2025-11-02 00:53:44",takeaway,NULL
1384,106,15,39000.00,completed,"2025-08-09 00:05:44","2025-08-09 00:10:44",delivery,NULL
1385,96,14,117000.00,completed,"2025-06-12 04:59:44","2025-06-12 05:22:44",dine-in,NULL
1386,10,13,78000.00,completed,"2025-11-08 18:16:44","2025-11-08 18:30:44",dine-in,NULL
1387,151,11,104000.00,completed,"2025-06-23 21:57:44","2025-06-23 22:16:44",takeaway,NULL
1388,140,4,78000.00,completed,"2025-12-02 06:32:44","2025-12-02 06:43:44",dine-in,NULL
1389,171,13,120000.00,completed,"2025-09-05 20:33:44","2025-09-05 20:45:44",takeaway,NULL
1390,129,2,98000.00,completed,"2025-07-17 20:09:44","2025-07-17 20:38:44",takeaway,NULL
1391,121,3,49000.00,completed,"2025-09-24 01:47:44","2025-09-24 02:10:44",takeaway,NULL
1392,133,11,129000.00,completed,"2025-09-26 18:34:44","2025-09-26 19:04:44",dine-in,NULL
1393,20,13,69000.00,pending,"2025-11-07 18:15:44","2025-11-07 18:22:44",delivery,NULL
1394,58,6,84000.00,completed,"2025-11-29 08:08:44","2025-11-29 08:17:44",dine-in,NULL
1395,88,9,153000.00,completed,"2025-07-16 00:58:44","2025-07-16 01:09:44",takeaway,NULL
1396,121,15,119000.00,completed,"2025-07-31 19:20:44","2025-07-31 19:30:44",dine-in,NULL
1397,56,2,98000.00,completed,"2025-10-12 00:03:44","2025-10-12 00:33:44",takeaway,NULL
1398,63,8,110000.00,completed,"2025-10-23 22:15:44","2025-10-23 22:26:44",takeaway,NULL
1399,105,13,181000.00,completed,"2025-08-04 05:30:44","2025-08-04 05:40:44",dine-in,NULL
1400,143,2,138000.00,completed,"2025-06-08 06:24:44","2025-06-08 06:43:44",takeaway,NULL
1401,103,4,125000.00,completed,"2025-09-25 04:41:44","2025-09-25 04:52:44",dine-in,NULL
1402,153,11,59000.00,cancelled,"2025-07-14 07:11:44","2025-07-14 07:21:44",takeaway,NULL
1403,140,15,110000.00,completed,"2025-09-09 03:23:44","2025-09-09 03:33:44",delivery,NULL
1404,156,12,45000.00,completed,"2025-11-19 23:40:44","2025-11-19 23:52:44",takeaway,NULL
1405,111,1,90000.00,completed,"2025-11-02 21:42:44","2025-11-02 22:08:44",takeaway,NULL
1406,165,13,228000.00,completed,"2025-12-02 00:58:44","2025-12-02 01:25:44",takeaway,NULL
1407,168,12,78000.00,cancelled,"2025-12-01 06:07:44","2025-12-01 06:28:44",dine-in,NULL
1408,43,7,94000.00,cancelled,"2025-07-13 04:34:44","2025-07-13 04:56:44",dine-in,NULL
1409,21,7,109000.00,pending,"2025-06-22 19:15:44","2025-06-22 19:43:44",dine-in,NULL
1410,88,6,128000.00,completed,"2025-07-06 19:15:44","2025-07-06 19:25:44",takeaway,NULL
1411,24,4,118000.00,pending,"2025-11-26 08:03:44","2025-11-26 08:29:44",delivery,NULL
1412,20,9,55000.00,pending,"2025-10-14 20:16:44","2025-10-14 20:35:44",dine-in,NULL
1413,168,7,78000.00,completed,"2025-08-17 21:37:44","2025-08-17 21:52:44",takeaway,NULL
1414,105,1,216000.00,completed,"2025-08-06 06:58:44","2025-08-06 07:28:44",delivery,NULL
1415,163,2,118000.00,completed,"2025-07-02 18:29:44","2025-07-02 18:40:44",dine-in,NULL
1416,29,9,59000.00,completed,"2025-10-16 08:27:44","2025-10-16 08:42:44",takeaway,NULL
1417,65,2,90000.00,completed,"2025-10-20 18:14:44","2025-10-20 18:41:44",takeaway,NULL
1418,31,9,127000.00,pending,"2025-11-24 03:35:44","2025-11-24 03:51:44",dine-in,NULL
1419,39,5,112000.00,pending,"2025-06-15 01:29:44","2025-06-15 01:59:44",dine-in,NULL
1420,130,11,130000.00,completed,"2025-10-05 21:58:44","2025-10-05 22:24:44",takeaway,NULL
1421,24,15,118000.00,completed,"2025-09-30 21:37:44","2025-09-30 22:07:44",dine-in,NULL
1422,17,8,84000.00,completed,"2025-07-21 19:17:44","2025-07-21 19:29:44",dine-in,NULL
1423,107,10,100000.00,completed,"2025-08-27 00:13:44","2025-08-27 00:22:44",dine-in,NULL
1424,11,6,180000.00,completed,"2025-08-01 05:57:44","2025-08-01 06:19:44",dine-in,NULL
1425,28,10,110000.00,cancelled,"2025-08-18 01:01:44","2025-08-18 01:30:44",takeaway,NULL
1426,102,8,128000.00,completed,"2025-06-09 03:48:44","2025-06-09 03:56:44",takeaway,NULL
1427,90,10,98000.00,completed,"2025-06-11 06:34:44","2025-06-11 06:42:44",takeaway,NULL
1428,91,2,49000.00,completed,"2025-06-13 21:01:44","2025-06-13 21:26:44",takeaway,NULL
1429,125,3,118000.00,completed,"2025-08-27 02:39:44","2025-08-27 02:45:44",delivery,NULL
1430,46,9,118000.00,completed,"2025-07-15 00:02:44","2025-07-15 00:29:44",dine-in,NULL
1431,43,3,45000.00,completed,"2025-07-07 23:25:44","2025-07-07 23:43:44",takeaway,NULL
1432,152,4,97000.00,pending,"2025-09-07 04:02:44","2025-09-07 04:23:44",dine-in,NULL
1433,139,1,98000.00,completed,"2025-06-20 01:21:44","2025-06-20 01:32:44",dine-in,NULL
1434,23,4,98000.00,completed,"2025-07-31 00:14:44","2025-07-31 00:36:44",delivery,NULL
1435,168,12,98000.00,completed,"2025-06-21 06:50:44","2025-06-21 07:11:44",delivery,NULL
1436,89,3,110000.00,completed,"2025-07-29 01:43:44","2025-07-29 01:51:44",takeaway,NULL
1437,146,13,45000.00,pending,"2025-11-13 03:12:44","2025-11-13 03:39:44",takeaway,NULL
1438,43,5,149000.00,completed,"2025-11-25 01:22:44","2025-11-25 01:27:44",delivery,NULL
1439,119,6,74000.00,pending,"2025-07-30 07:05:44","2025-07-30 07:22:44",takeaway,NULL
1440,154,1,39000.00,completed,"2025-06-26 02:17:44","2025-06-26 02:29:44",delivery,NULL
1441,114,4,45000.00,completed,"2025-10-09 19:08:44","2025-10-09 19:14:44",takeaway,NULL
1442,85,10,98000.00,completed,"2025-08-15 05:46:44","2025-08-15 05:56:44",dine-in,NULL
1443,70,1,116000.00,pending,"2025-08-06 00:51:44","2025-08-06 01:13:44",takeaway,NULL
1444,57,15,94000.00,completed,"2025-09-10 01:42:44","2025-09-10 02:03:44",takeaway,NULL
1445,33,15,65000.00,completed,"2025-11-26 20:42:44","2025-11-26 21:04:44",dine-in,NULL
1446,48,3,45000.00,completed,"2025-07-08 07:53:44","2025-07-08 08:09:44",dine-in,NULL
1447,130,6,168000.00,completed,"2025-06-07 06:38:44","2025-06-07 06:51:44",takeaway,NULL
1448,50,12,78000.00,completed,"2025-07-08 06:42:44","2025-07-08 06:48:44",delivery,NULL
1449,36,2,59000.00,completed,"2025-09-27 20:59:44","2025-09-27 21:20:44",takeaway,NULL
1450,13,9,49000.00,completed,"2025-09-17 07:16:44","2025-09-17 07:33:44",takeaway,NULL
1451,118,4,118000.00,completed,"2025-07-22 21:32:44","2025-07-22 22:01:44",dine-in,NULL
1452,85,2,55000.00,completed,"2025-11-28 04:59:44","2025-11-28 05:04:44",takeaway,NULL
1453,140,4,55000.00,completed,"2025-10-18 23:07:44","2025-10-18 23:20:44",takeaway,NULL
1454,37,3,110000.00,completed,"2025-07-24 02:19:44","2025-07-24 02:29:44",takeaway,NULL
1455,40,11,39000.00,completed,"2025-11-12 22:55:44","2025-11-12 23:00:44",delivery,NULL
1456,94,4,59000.00,completed,"2025-10-20 07:41:44","2025-10-20 07:48:44",takeaway,NULL
1457,115,5,109000.00,completed,"2025-07-19 22:57:44","2025-07-19 23:11:44",takeaway,NULL
1458,54,11,69000.00,completed,"2025-09-12 22:08:44","2025-09-12 22:14:44",takeaway,NULL
1459,153,5,69000.00,completed,"2025-06-06 22:19:44","2025-06-06 22:26:44",takeaway,NULL
1460,29,4,110000.00,completed,"2025-10-30 08:17:44","2025-10-30 08:38:44",takeaway,NULL
1461,163,13,188000.00,completed,"2025-09-15 23:16:44","2025-09-15 23:37:44",takeaway,NULL
1462,33,1,168000.00,completed,"2025-10-23 08:32:44","2025-10-23 09:00:44",takeaway,NULL
1463,156,5,188000.00,completed,"2025-06-22 01:32:44","2025-06-22 01:42:44",takeaway,NULL
1464,35,15,110000.00,completed,"2025-11-13 23:53:44","2025-11-14 00:11:44",dine-in,NULL
1465,136,13,120000.00,cancelled,"2025-08-26 03:56:44","2025-08-26 04:24:44",takeaway,NULL
1466,36,6,168000.00,completed,"2025-11-22 05:45:44","2025-11-22 05:53:44",dine-in,NULL
1467,168,14,39000.00,completed,"2025-11-21 23:00:44","2025-11-21 23:24:44",takeaway,NULL
1468,138,14,55000.00,completed,"2025-09-12 05:20:44","2025-09-12 05:32:44",dine-in,NULL
1469,145,11,59000.00,completed,"2025-11-17 22:21:44","2025-11-17 22:51:44",takeaway,NULL
1470,52,12,98000.00,completed,"2025-08-19 00:24:44","2025-08-19 00:34:44",takeaway,NULL
1471,23,10,39000.00,completed,"2025-10-17 05:02:44","2025-10-17 05:31:44",takeaway,NULL
1472,32,12,110000.00,completed,"2025-09-04 04:07:44","2025-09-04 04:22:44",dine-in,NULL
1473,145,1,69000.00,pending,"2025-08-29 18:24:44","2025-08-29 18:53:44",delivery,NULL
1474,49,14,77000.00,completed,"2025-10-11 04:49:44","2025-10-11 05:11:44",takeaway,NULL
1475,37,7,39000.00,completed,"2025-10-13 02:03:44","2025-10-13 02:28:44",dine-in,NULL
1476,24,5,49000.00,completed,"2025-06-28 18:42:44","2025-06-28 18:48:44",dine-in,NULL
1477,76,13,78000.00,completed,"2025-10-30 04:24:44","2025-10-30 04:46:44",delivery,NULL
1478,29,4,157000.00,completed,"2025-08-06 21:59:44","2025-08-06 22:27:44",delivery,NULL
1479,118,9,78000.00,completed,"2025-09-12 00:21:44","2025-09-12 00:45:44",takeaway,NULL
1480,11,8,55000.00,completed,"2025-10-09 06:55:44","2025-10-09 07:17:44",takeaway,NULL
1481,101,8,78000.00,completed,"2025-06-20 01:57:44","2025-06-20 02:04:44",delivery,NULL
1482,10,14,49000.00,completed,"2025-11-21 02:22:44","2025-11-21 02:27:44",takeaway,NULL
1483,161,12,130000.00,completed,"2025-09-23 01:19:44","2025-09-23 01:28:44",takeaway,NULL
1484,122,13,98000.00,completed,"2025-10-05 23:39:44","2025-10-06 00:08:44",delivery,NULL
1485,152,12,55000.00,completed,"2025-10-13 19:18:44","2025-10-13 19:30:44",takeaway,NULL
1486,77,10,39000.00,completed,"2025-11-03 07:07:44","2025-11-03 07:13:44",delivery,NULL
1487,42,4,78000.00,completed,"2025-06-07 18:23:44","2025-06-07 18:44:44",takeaway,NULL
1488,150,6,55000.00,pending,"2025-06-09 04:02:44","2025-06-09 04:26:44",delivery,NULL
1489,105,1,65000.00,completed,"2025-07-15 00:15:44","2025-07-15 00:39:44",dine-in,NULL
1490,110,8,148000.00,completed,"2025-07-21 20:44:44","2025-07-21 21:09:44",takeaway,NULL
1491,24,13,238000.00,completed,"2025-07-30 05:04:44","2025-07-30 05:14:44",takeaway,NULL
1492,169,2,110000.00,cancelled,"2025-11-04 03:52:44","2025-11-04 04:10:44",delivery,NULL
1493,105,9,95000.00,pending,"2025-06-26 22:58:44","2025-06-26 23:15:44",takeaway,NULL
1494,145,13,156000.00,completed,"2025-07-09 05:23:44","2025-07-09 05:44:44",takeaway,NULL
1495,143,14,55000.00,completed,"2025-07-27 19:03:44","2025-07-27 19:33:44",dine-in,NULL
1496,47,6,39000.00,completed,"2025-10-23 04:15:44","2025-10-23 04:45:44",takeaway,NULL
1497,130,15,116000.00,completed,"2025-09-06 22:59:44","2025-09-06 23:14:44",dine-in,NULL
1498,133,5,49000.00,completed,"2025-10-15 08:13:44","2025-10-15 08:19:44",dine-in,NULL
1499,113,9,100000.00,cancelled,"2025-09-04 23:39:44","2025-09-04 23:53:44",dine-in,NULL
1500,16,4,45000.00,completed,"2025-06-17 04:59:44","2025-06-17 05:25:44",takeaway,NULL
1501,146,10,78000.00,cancelled,"2025-07-19 01:50:44","2025-07-19 02:08:44",takeaway,NULL
1502,169,14,45000.00,completed,"2025-08-18 02:39:44","2025-08-18 02:54:44",delivery,NULL
1503,156,8,228000.00,completed,"2025-08-14 08:07:44","2025-08-14 08:25:44",takeaway,NULL
1504,11,12,59000.00,completed,"2025-06-26 00:31:44","2025-06-26 00:59:44",takeaway,NULL
1505,53,14,90000.00,completed,"2025-10-17 03:21:44","2025-10-17 03:26:44",takeaway,NULL
1506,25,2,45000.00,completed,"2025-07-31 02:50:44","2025-07-31 03:15:44",takeaway,NULL
1507,20,4,89000.00,completed,"2025-11-20 08:25:44","2025-11-20 08:39:44",takeaway,NULL
1508,69,7,90000.00,completed,"2025-06-10 20:20:44","2025-06-10 20:33:44",takeaway,NULL
1509,108,7,39000.00,completed,"2025-06-22 07:56:44","2025-06-22 08:02:44",takeaway,NULL
1510,129,5,39000.00,completed,"2025-11-05 03:26:44","2025-11-05 03:39:44",delivery,NULL
1511,59,3,110000.00,pending,"2025-08-27 03:06:44","2025-08-27 03:12:44",delivery,NULL
1512,24,9,78000.00,pending,"2025-12-02 00:14:44","2025-12-02 00:40:44",takeaway,NULL
