order_item_id,order_id,product_id,quantity,unit_price,subtotal,variant_selection,note
18,13,4,3,35430,106290,"[{""name"":""Vừa"",""variant_id"":59,""price_adjustment"":0}]",
19,13,28,1,71592,71592,"[{""name"":""Vừa"",""variant_id"":59,""price_adjustment"":0}]",
20,13,27,2,61653,123306,"[{""name"":""Vừa"",""variant_id"":59,""price_adjustment"":0}]",
21,13,15,1,38597,38597,"[{""name"":""Vừa"",""variant_id"":59,""price_adjustment"":0}]",
22,14,4,2,27269,54538,"[{""name"":""Vừa"",""variant_id"":59,""price_adjustment"":0}]",
23,14,17,2,30971,61942,"[{""name"":""Vừa"",""variant_id"":59,""price_adjustment"":0}]",
24,14,15,3,46016,138048,"[{""name"":""Vừa"",""variant_id"":59,""price_adjustment"":0}]",
25,15,48,3,39866,119598,"[{""name"":""Vừa"",""variant_id"":59,""price_adjustment"":0}]",
26,16,26,3,26527,79581,"[{""name"":""Vừa"",""variant_id"":59,""price_adjustment"":0}]",
27,16,11,3,45817,137451,"[{""name"":""Vừa"",""variant_id"":59,""price_adjustment"":0}]",
28,16,8,2,63880,127760,"[{""name"":""Vừa"",""variant_id"":59,""price_adjustment"":0}]",
29,16,16,3,68921,206763,"[{""name"":""Vừa"",""variant_id"":59,""price_adjustment"":0}]",
30,17,3,1,42405,42405,"[{""name"":""Vừa"",""variant_id"":59,""price_adjustment"":0}]",
31,17,11,3,48423,145269,"[{""name"":""Vừa"",""variant_id"":59,""price_adjustment"":0}]",
32,17,18,2,29562,59124,"[{""name"":""Vừa"",""variant_id"":59,""price_adjustment"":0}]",
33,18,1,1,39825,39825,"[{""name"":""Vừa"",""variant_id"":59,""price_adjustment"":0}]",
34,18,18,1,47697,47697,"[{""name"":""Vừa"",""variant_id"":59,""price_adjustment"":0}]",
35,18,7,3,30745,92235,"[{""name"":""Vừa"",""variant_id"":59,""price_adjustment"":0}]",
36,18,19,3,39117,117351,"[{""name"":""Vừa"",""variant_id"":59,""price_adjustment"":0}]",
37,19,24,3,49929,149787,"[{""name"":""Vừa"",""variant_id"":59,""price_adjustment"":0}]",
38,19,25,2,36091,72182,"[{""name"":""Vừa"",""variant_id"":59,""price_adjustment"":0}]",
39,19,9,2,56218,112436,"[{""name"":""Vừa"",""variant_id"":59,""price_adjustment"":0}]",
40,20,22,2,45871,91742,"[{""name"":""Vừa"",""variant_id"":59,""price_adjustment"":0}]",
41,20,11,2,28239,56478,"[{""name"":""Vừa"",""variant_id"":59,""price_adjustment"":0}]",
42,20,8,3,35017,105051,"[{""name"":""Vừa"",""variant_id"":59,""price_adjustment"":0}]",
43,21,27,2,26872,53744,"[{""name"":""Vừa"",""variant_id"":59,""price_adjustment"":0}]",
44,22,15,1,67909,67909,"[{""name"":""Vừa"",""variant_id"":59,""price_adjustment"":0}]",
45,22,5,1,50957,50957,"[{""name"":""Vừa"",""variant_id"":59,""price_adjustment"":0}]",
46,22,12,2,47979,95958,"[{""name"":""Vừa"",""variant_id"":59,""price_adjustment"":0}]",
47,22,4,1,32176,32176,"[{""name"":""Vừa"",""variant_id"":59,""price_adjustment"":0}]",
48,23,70,1,45618,45618,"[{""name"":""Vừa"",""variant_id"":59,""price_adjustment"":0}]",
49,23,53,2,62738,125476,"[{""name"":""Vừa"",""variant_id"":59,""price_adjustment"":0}]",
50,23,61,1,52492,52492,"[{""name"":""Vừa"",""variant_id"":59,""price_adjustment"":0}]",
51,23,55,3,56461,169383,"[{""name"":""Vừa"",""variant_id"":59,""price_adjustment"":0}]",
52,24,11,1,70149,70149,"[{""name"":""Vừa"",""variant_id"":59,""price_adjustment"":0}]",
53,25,56,1,31051,31051,"[{""name"":""Vừa"",""variant_id"":59,""price_adjustment"":0}]",
54,25,68,2,48522,97044,"[{""name"":""Vừa"",""variant_id"":59,""price_adjustment"":0}]",
55,26,68,3,52783,158349,"[{""name"":""Vừa"",""variant_id"":59,""price_adjustment"":0}]",
56,27,15,2,39178,78356,"[{""name"":""Vừa"",""variant_id"":59,""price_adjustment"":0}]",
57,28,50,2,46115,92230,"[{""name"":""Vừa"",""variant_id"":59,""price_adjustment"":0}]",
58,28,56,2,56241,112482,"[{""name"":""Vừa"",""variant_id"":59,""price_adjustment"":0}]",
59,28,49,3,53669,161007,"[{""name"":""Vừa"",""variant_id"":59,""price_adjustment"":0}]",
60,28,57,1,67506,67506,"[{""name"":""Vừa"",""variant_id"":59,""price_adjustment"":0}]",
61,29,24,2,55308,110616,"[{""name"":""Vừa"",""variant_id"":59,""price_adjustment"":0}]",
62,29,1,1,70285,70285,"[{""name"":""Vừa"",""variant_id"":59,""price_adjustment"":0}]",
63,29,10,1,48892,48892,"[{""name"":""Vừa"",""variant_id"":59,""price_adjustment"":0}]",
64,30,53,1,37570,37570,"[{""name"":""Vừa"",""variant_id"":59,""price_adjustment"":0}]",
65,30,63,1,26455,26455,"[{""name"":""Vừa"",""variant_id"":59,""price_adjustment"":0}]",
66,30,62,2,39117,78234,"[{""name"":""Vừa"",""variant_id"":59,""price_adjustment"":0}]",
67,30,65,1,58511,58511,"[{""name"":""Vừa"",""variant_id"":59,""price_adjustment"":0}]",
68,31,12,2,57774,115548,"[{""name"":""Vừa"",""variant_id"":59,""price_adjustment"":0}]",
69,31,17,2,53188,106376,"[{""name"":""Vừa"",""variant_id"":59,""price_adjustment"":0}]",
70,31,23,3,61896,185688,"[{""name"":""Vừa"",""variant_id"":59,""price_adjustment"":0}]",
71,31,27,2,48046,96092,"[{""name"":""Vừa"",""variant_id"":59,""price_adjustment"":0}]",
72,32,7,2,58233,116466,"[{""name"":""Vừa"",""variant_id"":59,""price_adjustment"":0}]",
73,32,19,2,54212,108424,"[{""name"":""Vừa"",""variant_id"":59,""price_adjustment"":0}]",
74,32,10,3,74814,224442,"[{""name"":""Vừa"",""variant_id"":59,""price_adjustment"":0}]",
75,32,14,1,64392,64392,"[{""name"":""Vừa"",""variant_id"":59,""price_adjustment"":0}]",
76,33,25,1,32821,32821,"[{""name"":""Vừa"",""variant_id"":59,""price_adjustment"":0}]",
77,33,15,1,57804,57804,"[{""name"":""Vừa"",""variant_id"":59,""price_adjustment"":0}]",
78,34,11,1,45590,45590,"[{""name"":""Vừa"",""variant_id"":59,""price_adjustment"":0}]",
79,34,18,1,25081,25081,"[{""name"":""Vừa"",""variant_id"":59,""price_adjustment"":0}]",
80,34,28,3,52866,158598,"[{""name"":""Vừa"",""variant_id"":59,""price_adjustment"":0}]",
81,35,55,1,57499,57499,"[{""name"":""Vừa"",""variant_id"":59,""price_adjustment"":0}]",
82,36,11,2,44401,88802,"[{""name"":""Vừa"",""variant_id"":59,""price_adjustment"":0}]",
83,36,28,2,53051,106102,"[{""name"":""Vừa"",""variant_id"":59,""price_adjustment"":0}]",
84,37,56,2,48940,97880,"[{""name"":""Vừa"",""variant_id"":59,""price_adjustment"":0}]",
85,37,49,3,72956,218868,"[{""name"":""Vừa"",""variant_id"":59,""price_adjustment"":0}]",
86,37,51,2,45630,91260,"[{""name"":""Vừa"",""variant_id"":59,""price_adjustment"":0}]",
87,37,59,1,61907,61907,"[{""name"":""Vừa"",""variant_id"":59,""price_adjustment"":0}]",
88,38,52,2,33528,67056,"[{""name"":""Vừa"",""variant_id"":59,""price_adjustment"":0}]",
89,38,67,3,63329,189987,"[{""name"":""Vừa"",""variant_id"":59,""price_adjustment"":0}]",
90,39,1,1,66907,66907,"[{""name"":""Vừa"",""variant_id"":59,""price_adjustment"":0}]",
91,39,6,3,31152,93456,"[{""name"":""Vừa"",""variant_id"":59,""price_adjustment"":0}]",
92,39,24,3,71499,214497,"[{""name"":""Vừa"",""variant_id"":59,""price_adjustment"":0}]",
93,39,3,3,38273,114819,"[{""name"":""Vừa"",""variant_id"":59,""price_adjustment"":0}]",
94,40,3,2,66010,132020,"[{""name"":""Vừa"",""variant_id"":59,""price_adjustment"":0}]",
95,41,61,2,57520,115040,"[{""name"":""Vừa"",""variant_id"":59,""price_adjustment"":0}]",
96,42,21,3,29226,87678,"[{""name"":""Vừa"",""variant_id"":59,""price_adjustment"":0}]",
97,42,3,2,57967,115934,"[{""name"":""Vừa"",""variant_id"":59,""price_adjustment"":0}]",
98,42,19,2,37490,74980,"[{""name"":""Vừa"",""variant_id"":59,""price_adjustment"":0}]",
99,43,18,3,52542,157626,"[{""name"":""Vừa"",""variant_id"":59,""price_adjustment"":0}]",
100,44,17,3,59115,177345,"[{""name"":""Vừa"",""variant_id"":59,""price_adjustment"":0}]",
101,44,27,2,34609,69218,"[{""name"":""Vừa"",""variant_id"":59,""price_adjustment"":0}]",
102,44,26,1,26538,26538,"[{""name"":""Vừa"",""variant_id"":59,""price_adjustment"":0}]",
103,45,63,1,62464,62464,"[{""name"":""Vừa"",""variant_id"":59,""price_adjustment"":0}]",
104,45,55,3,41916,125748,"[{""name"":""Vừa"",""variant_id"":59,""price_adjustment"":0}]",
105,45,64,1,37868,37868,"[{""name"":""Vừa"",""variant_id"":59,""price_adjustment"":0}]",
106,45,53,1,71476,71476,"[{""name"":""Vừa"",""variant_id"":59,""price_adjustment"":0}]",
107,46,3,1,28423,28423,"[{""name"":""Vừa"",""variant_id"":59,""price_adjustment"":0}]",
108,46,8,3,66767,200301,"[{""name"":""Vừa"",""variant_id"":59,""price_adjustment"":0}]",
109,47,63,3,42327,126981,"[{""name"":""Vừa"",""variant_id"":59,""price_adjustment"":0}]",
110,47,68,2,26501,53002,"[{""name"":""Vừa"",""variant_id"":59,""price_adjustment"":0}]",
111,47,49,3,40133,120399,"[{""name"":""Vừa"",""variant_id"":59,""price_adjustment"":0}]",
112,48,23,3,66796,200388,"[{""name"":""Vừa"",""variant_id"":59,""price_adjustment"":0}]",
113,48,22,1,51316,51316,"[{""name"":""Vừa"",""variant_id"":59,""price_adjustment"":0}]",
114,49,68,3,27428,82284,"[{""name"":""Vừa"",""variant_id"":59,""price_adjustment"":0}]",
115,49,66,1,50221,50221,"[{""name"":""Vừa"",""variant_id"":59,""price_adjustment"":0}]",
116,50,66,1,73733,73733,"[{""name"":""Vừa"",""variant_id"":59,""price_adjustment"":0}]",
117,51,63,2,42941,85882,"[{""name"":""Vừa"",""variant_id"":59,""price_adjustment"":0}]",
118,51,50,3,57161,171483,"[{""name"":""Vừa"",""variant_id"":59,""price_adjustment"":0}]",
119,52,11,3,46220,138660,"[{""name"":""Vừa"",""variant_id"":59,""price_adjustment"":0}]",
120,52,24,1,62541,62541,"[{""name"":""Vừa"",""variant_id"":59,""price_adjustment"":0}]",
121,52,4,2,65165,130330,"[{""name"":""Vừa"",""variant_id"":59,""price_adjustment"":0}]",
122,52,28,3,70675,212025,"[{""name"":""Vừa"",""variant_id"":59,""price_adjustment"":0}]",
123,53,55,3,31357,94071,"[{""name"":""Vừa"",""variant_id"":59,""price_adjustment"":0}]",
124,53,63,2,43914,87828,"[{""name"":""Vừa"",""variant_id"":59,""price_adjustment"":0}]",
125,53,60,1,73892,73892,"[{""name"":""Vừa"",""variant_id"":59,""price_adjustment"":0}]",
126,54,25,3,67241,201723,"[{""name"":""Vừa"",""variant_id"":59,""price_adjustment"":0}]",
127,55,54,3,66971,200913,"[{""name"":""Vừa"",""variant_id"":59,""price_adjustment"":0}]",
128,55,67,2,61666,123332,"[{""name"":""Vừa"",""variant_id"":59,""price_adjustment"":0}]",
129,56,11,1,43526,43526,"[{""name"":""Vừa"",""variant_id"":59,""price_adjustment"":0}]",
130,56,20,1,35311,35311,"[{""name"":""Vừa"",""variant_id"":59,""price_adjustment"":0}]",
131,56,4,1,72096,72096,"[{""name"":""Vừa"",""variant_id"":59,""price_adjustment"":0}]",
132,57,25,1,55159,55159,"[{""name"":""Vừa"",""variant_id"":59,""price_adjustment"":0}]",
133,58,27,2,63081,126162,"[{""name"":""Vừa"",""variant_id"":59,""price_adjustment"":0}]",
134,58,6,1,60245,60245,"[{""name"":""Vừa"",""variant_id"":59,""price_adjustment"":0}]",
135,58,11,2,31292,62584,"[{""name"":""Vừa"",""variant_id"":59,""price_adjustment"":0}]",
136,58,3,2,61327,122654,"[{""name"":""Vừa"",""variant_id"":59,""price_adjustment"":0}]",
137,59,50,2,35643,71286,"[{""name"":""Vừa"",""variant_id"":59,""price_adjustment"":0}]",
138,59,63,3,38042,114126,"[{""name"":""Vừa"",""variant_id"":59,""price_adjustment"":0}]",
139,60,63,3,48404,145212,"[{""name"":""Vừa"",""variant_id"":59,""price_adjustment"":0}]",
140,60,64,1,42399,42399,"[{""name"":""Vừa"",""variant_id"":59,""price_adjustment"":0}]",
141,61,55,1,68563,68563,"[{""name"":""Vừa"",""variant_id"":59,""price_adjustment"":0}]",
142,62,23,1,68751,68751,"[{""name"":""Vừa"",""variant_id"":59,""price_adjustment"":0}]",
143,63,5,2,52951,105902,"[{""name"":""Vừa"",""variant_id"":59,""price_adjustment"":0}]",
144,63,3,3,28140,84420,"[{""name"":""Vừa"",""variant_id"":59,""price_adjustment"":0}]",
145,63,25,3,62278,186834,"[{""name"":""Vừa"",""variant_id"":59,""price_adjustment"":0}]",
146,64,3,1,25638,25638,"[{""name"":""Vừa"",""variant_id"":59,""price_adjustment"":0}]",
147,64,21,3,67156,201468,"[{""name"":""Vừa"",""variant_id"":59,""price_adjustment"":0}]",
148,64,1,1,46063,46063,"[{""name"":""Vừa"",""variant_id"":59,""price_adjustment"":0}]",
149,65,67,1,59250,59250,"[{""name"":""Vừa"",""variant_id"":59,""price_adjustment"":0}]",
150,66,19,1,57705,57705,"[{""name"":""Vừa"",""variant_id"":59,""price_adjustment"":0}]",
151,66,16,2,72525,145050,"[{""name"":""Vừa"",""variant_id"":59,""price_adjustment"":0}]",
152,67,10,2,59796,119592,"[{""name"":""Vừa"",""variant_id"":59,""price_adjustment"":0}]",
153,67,26,3,51019,153057,"[{""name"":""Vừa"",""variant_id"":59,""price_adjustment"":0}]",
154,68,27,1,50648,50648,"[{""name"":""Vừa"",""variant_id"":59,""price_adjustment"":0}]",
155,68,6,3,34846,104538,"[{""name"":""Vừa"",""variant_id"":59,""price_adjustment"":0}]",
156,69,8,3,72500,217500,"[{""name"":""Vừa"",""variant_id"":59,""price_adjustment"":0}]",
157,70,67,2,68425,136850,"[{""name"":""Vừa"",""variant_id"":59,""price_adjustment"":0}]",
158,70,52,3,59527,178581,"[{""name"":""Vừa"",""variant_id"":59,""price_adjustment"":0}]",
159,70,48,3,39705,119115,"[{""name"":""Vừa"",""variant_id"":59,""price_adjustment"":0}]",
160,71,12,3,67039,201117,"[{""name"":""Vừa"",""variant_id"":59,""price_adjustment"":0}]",
161,71,20,3,43289,129867,"[{""name"":""Vừa"",""variant_id"":59,""price_adjustment"":0}]",
162,71,19,1,34276,34276,"[{""name"":""Vừa"",""variant_id"":59,""price_adjustment"":0}]",
163,71,24,1,37712,37712,"[{""name"":""Vừa"",""variant_id"":59,""price_adjustment"":0}]",
164,72,12,2,47385,94770,"[{""name"":""Vừa"",""variant_id"":59,""price_adjustment"":0}]",
165,73,24,1,68125,68125,"[{""name"":""Vừa"",""variant_id"":59,""price_adjustment"":0}]",
166,74,7,1,56555,56555,"[{""name"":""Vừa"",""variant_id"":59,""price_adjustment"":0}]",
167,74,9,3,25486,76458,"[{""name"":""Vừa"",""variant_id"":59,""price_adjustment"":0}]",
168,74,4,3,35258,105774,"[{""name"":""Vừa"",""variant_id"":59,""price_adjustment"":0}]",
169,75,49,3,37805,113415,"[{""name"":""Vừa"",""variant_id"":59,""price_adjustment"":0}]",
170,75,58,2,28650,57300,"[{""name"":""Vừa"",""variant_id"":59,""price_adjustment"":0}]",
171,76,48,2,54516,109032,"[{""name"":""Vừa"",""variant_id"":59,""price_adjustment"":0}]",
172,76,51,2,34198,68396,"[{""name"":""Vừa"",""variant_id"":59,""price_adjustment"":0}]",
173,76,67,2,38896,77792,"[{""name"":""Vừa"",""variant_id"":59,""price_adjustment"":0}]",
174,76,65,3,43581,130743,"[{""name"":""Vừa"",""variant_id"":59,""price_adjustment"":0}]",
175,77,67,1,27438,27438,"[{""name"":""Vừa"",""variant_id"":59,""price_adjustment"":0}]",
176,77,51,3,44226,132678,"[{""name"":""Vừa"",""variant_id"":59,""price_adjustment"":0}]",
177,77,56,1,47208,47208,"[{""name"":""Vừa"",""variant_id"":59,""price_adjustment"":0}]",
178,77,53,3,48485,145455,"[{""name"":""Vừa"",""variant_id"":59,""price_adjustment"":0}]",
179,78,55,3,58263,174789,"[{""name"":""Vừa"",""variant_id"":59,""price_adjustment"":0}]",
180,78,57,2,63193,126386,"[{""name"":""Vừa"",""variant_id"":59,""price_adjustment"":0}]",
181,78,54,1,47546,47546,"[{""name"":""Vừa"",""variant_id"":59,""price_adjustment"":0}]",
182,78,61,3,42158,126474,"[{""name"":""Vừa"",""variant_id"":59,""price_adjustment"":0}]",
183,79,9,1,29983,29983,"[{""name"":""Vừa"",""variant_id"":59,""price_adjustment"":0}]",
184,79,6,1,69170,69170,"[{""name"":""Vừa"",""variant_id"":59,""price_adjustment"":0}]",
185,80,63,2,48167,96334,"[{""name"":""Vừa"",""variant_id"":59,""price_adjustment"":0}]",
186,80,62,2,26170,52340,"[{""name"":""Vừa"",""variant_id"":59,""price_adjustment"":0}]",
187,80,48,3,34073,102219,"[{""name"":""Vừa"",""variant_id"":59,""price_adjustment"":0}]",
188,80,60,2,26206,52412,"[{""name"":""Vừa"",""variant_id"":59,""price_adjustment"":0}]",
189,81,61,1,42146,42146,"[{""name"":""Vừa"",""variant_id"":59,""price_adjustment"":0}]",
190,81,57,2,30422,60844,"[{""name"":""Vừa"",""variant_id"":59,""price_adjustment"":0}]",
191,81,48,2,55469,110938,"[{""name"":""Vừa"",""variant_id"":59,""price_adjustment"":0}]",
192,82,19,1,40929,40929,"[{""name"":""Vừa"",""variant_id"":59,""price_adjustment"":0}]",
193,82,57,1,43363,43363,"[{""name"":""Vừa"",""variant_id"":59,""price_adjustment"":0}]",
194,82,79,3,49547,148641,"[{""name"":""Vừa"",""variant_id"":59,""price_adjustment"":0}]",
195,83,77,1,59310,59310,"[{""name"":""Vừa"",""variant_id"":59,""price_adjustment"":0}]",
196,83,81,1,53062,53062,"[{""name"":""Vừa"",""variant_id"":59,""price_adjustment"":0}]",
197,83,74,1,72209,72209,"[{""name"":""Vừa"",""variant_id"":59,""price_adjustment"":0}]",
198,83,24,3,37716,113148,"[{""name"":""Vừa"",""variant_id"":59,""price_adjustment"":0}]",
199,84,6,2,69270,138540,"[{""name"":""Vừa"",""variant_id"":59,""price_adjustment"":0}]",
200,84,12,3,43459,130377,"[{""name"":""Vừa"",""variant_id"":59,""price_adjustment"":0}]",
201,85,72,1,70613,70613,"[{""name"":""Vừa"",""variant_id"":59,""price_adjustment"":0}]",
202,86,11,1,55425,55425,"[{""name"":""Vừa"",""variant_id"":59,""price_adjustment"":0}]",
203,86,68,1,32485,32485,"[{""name"":""Vừa"",""variant_id"":59,""price_adjustment"":0}]",
204,87,74,2,64746,129492,"[{""name"":""Vừa"",""variant_id"":59,""price_adjustment"":0}]",
205,87,27,2,46439,92878,"[{""name"":""Vừa"",""variant_id"":59,""price_adjustment"":0}]",
206,87,54,1,46351,46351,"[{""name"":""Vừa"",""variant_id"":59,""price_adjustment"":0}]",
207,87,13,1,44475,44475,"[{""name"":""Vừa"",""variant_id"":59,""price_adjustment"":0}]",
208,88,74,1,49462,49462,"[{""name"":""Vừa"",""variant_id"":59,""price_adjustment"":0}]",
209,88,11,1,62640,62640,"[{""name"":""Vừa"",""variant_id"":59,""price_adjustment"":0}]",
210,88,19,2,56953,113906,"[{""name"":""Vừa"",""variant_id"":59,""price_adjustment"":0}]",
211,88,52,1,29605,29605,"[{""name"":""Vừa"",""variant_id"":59,""price_adjustment"":0}]",
212,89,35,3,57303,171909,"[{""name"":""Vừa"",""variant_id"":59,""price_adjustment"":0}]",
213,90,52,3,47318,141954,"[{""name"":""Vừa"",""variant_id"":59,""price_adjustment"":0}]",
214,91,32,1,44368,44368,"[{""name"":""Vừa"",""variant_id"":59,""price_adjustment"":0}]",
215,91,18,2,29942,59884,"[{""name"":""Vừa"",""variant_id"":59,""price_adjustment"":0}]",
216,92,31,2,33628,67256,"[{""name"":""Vừa"",""variant_id"":59,""price_adjustment"":0}]",
217,93,12,3,59133,177399,"[{""name"":""Vừa"",""variant_id"":59,""price_adjustment"":0}]",
218,94,16,1,48842,48842,"[{""name"":""Vừa"",""variant_id"":59,""price_adjustment"":0}]",
219,94,22,1,69637,69637,"[{""name"":""Vừa"",""variant_id"":59,""price_adjustment"":0}]",
220,95,2,2,37407,74814,"[{""name"":""Vừa"",""variant_id"":59,""price_adjustment"":0}]",
221,95,12,2,48556,97112,"[{""name"":""Vừa"",""variant_id"":59,""price_adjustment"":0}]",
222,95,7,1,32262,32262,"[{""name"":""Vừa"",""variant_id"":59,""price_adjustment"":0}]",
223,96,18,3,28019,84057,"[{""name"":""Vừa"",""variant_id"":59,""price_adjustment"":0}]",
224,97,25,1,41699,41699,"[{""name"":""Vừa"",""variant_id"":59,""price_adjustment"":0}]",
225,97,4,1,45330,45330,"[{""name"":""Vừa"",""variant_id"":59,""price_adjustment"":0}]",
226,97,22,3,30551,91653,"[{""name"":""Vừa"",""variant_id"":59,""price_adjustment"":0}]",
227,98,49,3,62852,188556,"[{""name"":""Vừa"",""variant_id"":59,""price_adjustment"":0}]",
228,99,55,3,63650,190950,"[{""name"":""Vừa"",""variant_id"":59,""price_adjustment"":0}]",
229,99,48,1,41281,41281,"[{""name"":""Vừa"",""variant_id"":59,""price_adjustment"":0}]",
230,99,47,3,26554,79662,"[{""name"":""Vừa"",""variant_id"":59,""price_adjustment"":0}]",
231,99,65,1,73692,73692,"[{""name"":""Vừa"",""variant_id"":59,""price_adjustment"":0}]",
232,100,61,3,27476,82428,"[{""name"":""Vừa"",""variant_id"":59,""price_adjustment"":0}]",
233,101,2,2,34247,68494,"[{""name"":""Vừa"",""variant_id"":59,""price_adjustment"":0}]",
234,102,67,1,44612,44612,"[{""name"":""Vừa"",""variant_id"":59,""price_adjustment"":0}]",
235,102,50,3,56167,168501,"[{""name"":""Vừa"",""variant_id"":59,""price_adjustment"":0}]",
236,102,47,1,55887,55887,"[{""name"":""Vừa"",""variant_id"":59,""price_adjustment"":0}]",
237,103,57,2,50374,100748,"[{""name"":""Vừa"",""variant_id"":59,""price_adjustment"":0}]",
238,103,54,3,57426,172278,"[{""name"":""Vừa"",""variant_id"":59,""price_adjustment"":0}]",
239,103,62,2,39397,78794,"[{""name"":""Vừa"",""variant_id"":59,""price_adjustment"":0}]",
240,103,56,3,46909,140727,"[{""name"":""Vừa"",""variant_id"":59,""price_adjustment"":0}]",
241,104,50,3,53467,160401,"[{""name"":""Vừa"",""variant_id"":59,""price_adjustment"":0}]",
242,104,48,1,48049,48049,"[{""name"":""Vừa"",""variant_id"":59,""price_adjustment"":0}]",
243,105,59,2,72438,144876,"[{""name"":""Vừa"",""variant_id"":59,""price_adjustment"":0}]",
244,105,60,1,54252,54252,"[{""name"":""Vừa"",""variant_id"":59,""price_adjustment"":0}]",
245,105,65,2,55510,111020,"[{""name"":""Vừa"",""variant_id"":59,""price_adjustment"":0}]",
246,106,15,1,42532,42532,"[{""name"":""Vừa"",""variant_id"":59,""price_adjustment"":0}]",
247,106,28,3,62928,188784,"[{""name"":""Vừa"",""variant_id"":59,""price_adjustment"":0}]",
248,106,10,1,69150,69150,"[{""name"":""Vừa"",""variant_id"":59,""price_adjustment"":0}]",
249,106,8,1,43854,43854,"[{""name"":""Vừa"",""variant_id"":59,""price_adjustment"":0}]",
250,107,33,3,34721,104163,"[{""name"":""Vừa"",""variant_id"":59,""price_adjustment"":0}]",
251,107,37,1,26768,26768,"[{""name"":""Vừa"",""variant_id"":59,""price_adjustment"":0}]",
252,108,38,1,32835,32835,"[{""name"":""Vừa"",""variant_id"":59,""price_adjustment"":0}]",
253,108,32,1,28554,28554,"[{""name"":""Vừa"",""variant_id"":59,""price_adjustment"":0}]",
254,108,43,3,60402,181206,"[{""name"":""Vừa"",""variant_id"":59,""price_adjustment"":0}]",
255,108,36,2,55189,110378,"[{""name"":""Vừa"",""variant_id"":59,""price_adjustment"":0}]",
256,109,36,3,40053,120159,"[{""name"":""Vừa"",""variant_id"":59,""price_adjustment"":0}]",
257,109,30,1,56928,56928,"[{""name"":""Vừa"",""variant_id"":59,""price_adjustment"":0}]",
258,109,43,3,64897,194691,"[{""name"":""Vừa"",""variant_id"":59,""price_adjustment"":0}]",
259,110,74,2,37595,75190,"[{""name"":""Vừa"",""variant_id"":59,""price_adjustment"":0}]",
260,111,29,1,54297,54297,"[{""name"":""Vừa"",""variant_id"":59,""price_adjustment"":0}]",
261,111,41,2,57279,114558,"[{""name"":""Vừa"",""variant_id"":59,""price_adjustment"":0}]",
262,111,34,1,60215,60215,"[{""name"":""Vừa"",""variant_id"":59,""price_adjustment"":0}]",
263,111,33,3,36584,109752,"[{""name"":""Vừa"",""variant_id"":59,""price_adjustment"":0}]",
264,112,39,1,48799,48799,"[{""name"":""Vừa"",""variant_id"":59,""price_adjustment"":0}]",
265,112,36,3,52424,157272,"[{""name"":""Vừa"",""variant_id"":59,""price_adjustment"":0}]",
266,113,30,2,71901,143802,"[{""name"":""Vừa"",""variant_id"":59,""price_adjustment"":0}]",
267,113,34,2,59626,119252,"[{""name"":""Vừa"",""variant_id"":59,""price_adjustment"":0}]",
268,113,44,2,31200,62400,"[{""name"":""Vừa"",""variant_id"":59,""price_adjustment"":0}]",
269,113,36,1,61497,61497,"[{""name"":""Vừa"",""variant_id"":59,""price_adjustment"":0}]",
270,114,81,1,56169,56169,"[{""name"":""Vừa"",""variant_id"":59,""price_adjustment"":0}]",
271,115,33,3,67209,201627,"[{""name"":""Vừa"",""variant_id"":59,""price_adjustment"":0}]",
272,115,32,2,34637,69274,"[{""name"":""Vừa"",""variant_id"":59,""price_adjustment"":0}]",
273,115,44,3,39618,118854,"[{""name"":""Vừa"",""variant_id"":59,""price_adjustment"":0}]",
274,115,29,3,43661,130983,"[{""name"":""Vừa"",""variant_id"":59,""price_adjustment"":0}]",
275,116,38,3,61462,184386,"[{""name"":""Vừa"",""variant_id"":59,""price_adjustment"":0}]",
276,116,31,1,55042,55042,"[{""name"":""Vừa"",""variant_id"":59,""price_adjustment"":0}]",
277,116,44,3,48300,144900,"[{""name"":""Vừa"",""variant_id"":59,""price_adjustment"":0}]",
278,117,79,1,52031,52031,"[{""name"":""Vừa"",""variant_id"":59,""price_adjustment"":0}]",
279,117,73,2,59921,119842,"[{""name"":""Vừa"",""variant_id"":59,""price_adjustment"":0}]",
280,117,72,1,68074,68074,"[{""name"":""Vừa"",""variant_id"":59,""price_adjustment"":0}]",
281,118,38,2,55759,111518,"[{""name"":""Vừa"",""variant_id"":59,""price_adjustment"":0}]",
282,118,47,2,62616,125232,"[{""name"":""Vừa"",""variant_id"":59,""price_adjustment"":0}]",
283,119,71,2,57315,114630,"[{""name"":""Vừa"",""variant_id"":59,""price_adjustment"":0}]",
284,119,51,3,39930,119790,"[{""name"":""Vừa"",""variant_id"":59,""price_adjustment"":0}]",
285,119,44,2,55075,110150,"[{""name"":""Vừa"",""variant_id"":59,""price_adjustment"":0}]",
286,120,40,3,25991,77973,"[{""name"":""Vừa"",""variant_id"":59,""price_adjustment"":0}]",
287,121,60,2,59716,119432,"[{""name"":""Vừa"",""variant_id"":59,""price_adjustment"":0}]",
288,121,6,2,50440,100880,"[{""name"":""Vừa"",""variant_id"":59,""price_adjustment"":0}]",
289,121,74,1,72838,72838,"[{""name"":""Vừa"",""variant_id"":59,""price_adjustment"":0}]",
290,121,39,1,57167,57167,"[{""name"":""Vừa"",""variant_id"":59,""price_adjustment"":0}]",
291,122,73,3,49383,148149,"[{""name"":""Vừa"",""variant_id"":59,""price_adjustment"":0}]",
292,122,17,3,73933,221799,"[{""name"":""Vừa"",""variant_id"":59,""price_adjustment"":0}]",
293,122,39,1,29667,29667,"[{""name"":""Vừa"",""variant_id"":59,""price_adjustment"":0}]",
294,122,52,2,68179,136358,"[{""name"":""Vừa"",""variant_id"":59,""price_adjustment"":0}]",
295,123,68,3,58379,175137,"[{""name"":""Vừa"",""variant_id"":59,""price_adjustment"":0}]",
296,124,78,3,33831,101493,"[{""name"":""Vừa"",""variant_id"":59,""price_adjustment"":0}]",
297,124,45,1,33445,33445,"[{""name"":""Vừa"",""variant_id"":59,""price_adjustment"":0}]",
298,125,11,3,51842,155526,"[{""name"":""Vừa"",""variant_id"":59,""price_adjustment"":0}]",
299,126,65,1,60885,60885,"[{""name"":""Vừa"",""variant_id"":59,""price_adjustment"":0}]",
300,126,47,2,44779,89558,"[{""name"":""Vừa"",""variant_id"":59,""price_adjustment"":0}]",
301,126,63,2,71648,143296,"[{""name"":""Vừa"",""variant_id"":59,""price_adjustment"":0}]",
302,126,57,1,53048,53048,"[{""name"":""Vừa"",""variant_id"":59,""price_adjustment"":0}]",
303,127,66,1,48310,48310,"[{""name"":""Vừa"",""variant_id"":59,""price_adjustment"":0}]",
304,127,68,1,72975,72975,"[{""name"":""Vừa"",""variant_id"":59,""price_adjustment"":0}]",
305,127,59,1,54963,54963,"[{""name"":""Vừa"",""variant_id"":59,""price_adjustment"":0}]",
306,128,4,1,25604,25604,"[{""name"":""Vừa"",""variant_id"":59,""price_adjustment"":0}]",
307,129,16,3,61470,184410,"[{""name"":""Vừa"",""variant_id"":59,""price_adjustment"":0}]",
308,130,51,3,57801,173403,"[{""name"":""Vừa"",""variant_id"":59,""price_adjustment"":0}]",
309,130,60,3,41427,124281,"[{""name"":""Vừa"",""variant_id"":59,""price_adjustment"":0}]",
310,130,61,3,35830,107490,"[{""name"":""Vừa"",""variant_id"":59,""price_adjustment"":0}]",
311,130,63,1,35219,35219,"[{""name"":""Vừa"",""variant_id"":59,""price_adjustment"":0}]",
312,131,24,1,38852,38852,"[{""name"":""Vừa"",""variant_id"":59,""price_adjustment"":0}]",
313,131,19,2,70119,140238,"[{""name"":""Vừa"",""variant_id"":59,""price_adjustment"":0}]",
314,131,12,2,31679,63358,"[{""name"":""Vừa"",""variant_id"":59,""price_adjustment"":0}]",
315,131,13,3,61365,184095,"[{""name"":""Vừa"",""variant_id"":59,""price_adjustment"":0}]",
316,132,26,2,41602,83204,"[{""name"":""Vừa"",""variant_id"":59,""price_adjustment"":0}]",
317,132,19,2,34004,68008,"[{""name"":""Vừa"",""variant_id"":59,""price_adjustment"":0}]",
318,132,28,1,59721,59721,"[{""name"":""Vừa"",""variant_id"":59,""price_adjustment"":0}]",
319,132,4,3,55683,167049,"[{""name"":""Vừa"",""variant_id"":59,""price_adjustment"":0}]",
320,133,70,2,63697,127394,"[{""name"":""Vừa"",""variant_id"":59,""price_adjustment"":0}]",
321,133,62,3,47177,141531,"[{""name"":""Vừa"",""variant_id"":59,""price_adjustment"":0}]",
322,133,55,3,51765,155295,"[{""name"":""Vừa"",""variant_id"":59,""price_adjustment"":0}]",
323,133,67,2,38101,76202,"[{""name"":""Vừa"",""variant_id"":59,""price_adjustment"":0}]",
324,134,27,1,48906,48906,"[{""name"":""Vừa"",""variant_id"":59,""price_adjustment"":0}]",
325,134,12,1,33661,33661,"[{""name"":""Vừa"",""variant_id"":59,""price_adjustment"":0}]",
326,134,14,3,71859,215577,"[{""name"":""Vừa"",""variant_id"":59,""price_adjustment"":0}]",
327,134,3,1,49530,49530,"[{""name"":""Vừa"",""variant_id"":59,""price_adjustment"":0}]",
328,135,4,2,72752,145504,"[{""name"":""Vừa"",""variant_id"":59,""price_adjustment"":0}]",
329,135,3,3,61644,184932,"[{""name"":""Vừa"",""variant_id"":59,""price_adjustment"":0}]",
330,135,20,2,67334,134668,"[{""name"":""Vừa"",""variant_id"":59,""price_adjustment"":0}]",
331,135,22,1,61651,61651,"[{""name"":""Vừa"",""variant_id"":59,""price_adjustment"":0}]",
332,136,9,1,35122,35122,"[{""name"":""Vừa"",""variant_id"":59,""price_adjustment"":0}]",
333,136,14,3,50417,151251,"[{""name"":""Vừa"",""variant_id"":59,""price_adjustment"":0}]",
334,136,23,2,56931,113862,"[{""name"":""Vừa"",""variant_id"":59,""price_adjustment"":0}]",
335,136,7,1,53624,53624,"[{""name"":""Vừa"",""variant_id"":59,""price_adjustment"":0}]",
336,137,20,2,39021,78042,"[{""name"":""Vừa"",""variant_id"":59,""price_adjustment"":0}]",
337,138,19,2,25043,50086,"[{""name"":""Vừa"",""variant_id"":59,""price_adjustment"":0}]",
338,138,26,3,41115,123345,"[{""name"":""Vừa"",""variant_id"":59,""price_adjustment"":0}]",
339,139,7,2,63353,126706,"[{""name"":""Vừa"",""variant_id"":59,""price_adjustment"":0}]",
340,140,25,2,56835,113670,"[{""name"":""Vừa"",""variant_id"":59,""price_adjustment"":0}]",
341,140,24,1,64418,64418,"[{""name"":""Vừa"",""variant_id"":59,""price_adjustment"":0}]",
342,141,36,3,39750,119250,"[{""name"":""Vừa"",""variant_id"":59,""price_adjustment"":0}]",
343,141,28,3,36461,109383,"[{""name"":""Vừa"",""variant_id"":59,""price_adjustment"":0}]",
344,141,30,1,33757,33757,"[{""name"":""Vừa"",""variant_id"":59,""price_adjustment"":0}]",
345,142,7,1,67103,67103,"[{""name"":""Vừa"",""variant_id"":59,""price_adjustment"":0}]",
346,142,51,3,53629,160887,"[{""name"":""Vừa"",""variant_id"":59,""price_adjustment"":0}]",
347,142,40,3,50947,152841,"[{""name"":""Vừa"",""variant_id"":59,""price_adjustment"":0}]",
348,143,8,2,35730,71460,"[{""name"":""Vừa"",""variant_id"":59,""price_adjustment"":0}]",
349,143,80,3,44617,133851,"[{""name"":""Vừa"",""variant_id"":59,""price_adjustment"":0}]",
350,143,36,3,45850,137550,"[{""name"":""Vừa"",""variant_id"":59,""price_adjustment"":0}]",
351,143,70,1,42458,42458,"[{""name"":""Vừa"",""variant_id"":59,""price_adjustment"":0}]",
352,144,56,2,65776,131552,"[{""name"":""Vừa"",""variant_id"":59,""price_adjustment"":0}]",
353,144,65,3,53060,159180,"[{""name"":""Vừa"",""variant_id"":59,""price_adjustment"":0}]",
354,145,46,1,74840,74840,"[{""name"":""Vừa"",""variant_id"":59,""price_adjustment"":0}]",
355,145,32,2,49077,98154,"[{""name"":""Vừa"",""variant_id"":59,""price_adjustment"":0}]",
356,145,75,3,54711,164133,"[{""name"":""Vừa"",""variant_id"":59,""price_adjustment"":0}]",
357,146,14,2,46245,92490,"[{""name"":""Vừa"",""variant_id"":59,""price_adjustment"":0}]",
358,146,53,2,65424,130848,"[{""name"":""Vừa"",""variant_id"":59,""price_adjustment"":0}]",
359,147,36,2,50444,100888,"[{""name"":""Vừa"",""variant_id"":59,""price_adjustment"":0}]",
360,148,67,2,38686,77372,"[{""name"":""Vừa"",""variant_id"":59,""price_adjustment"":0}]",
361,148,45,3,51253,153759,"[{""name"":""Vừa"",""variant_id"":59,""price_adjustment"":0}]",
362,148,27,2,42101,84202,"[{""name"":""Vừa"",""variant_id"":59,""price_adjustment"":0}]",
363,148,42,3,73373,220119,"[{""name"":""Vừa"",""variant_id"":59,""price_adjustment"":0}]",
364,149,45,1,63420,63420,"[{""name"":""Vừa"",""variant_id"":59,""price_adjustment"":0}]",
365,149,70,1,41908,41908,"[{""name"":""Vừa"",""variant_id"":59,""price_adjustment"":0}]",
366,149,10,2,52099,104198,"[{""name"":""Vừa"",""variant_id"":59,""price_adjustment"":0}]",
367,149,5,1,28557,28557,"[{""name"":""Vừa"",""variant_id"":59,""price_adjustment"":0}]",
368,150,47,3,68627,205881,"[{""name"":""Vừa"",""variant_id"":59,""price_adjustment"":0}]",
369,150,64,2,56147,112294,"[{""name"":""Vừa"",""variant_id"":59,""price_adjustment"":0}]",
370,150,10,1,54222,54222,"[{""name"":""Vừa"",""variant_id"":59,""price_adjustment"":0}]",
371,151,68,2,69105,138210,"[{""name"":""Vừa"",""variant_id"":59,""price_adjustment"":0}]",
372,152,3,3,69946,209838,"[{""name"":""Vừa"",""variant_id"":59,""price_adjustment"":0}]",
373,153,44,1,32776,32776,"[{""name"":""Vừa"",""variant_id"":59,""price_adjustment"":0}]",
374,153,80,1,51070,51070,"[{""name"":""Vừa"",""variant_id"":59,""price_adjustment"":0}]",
375,153,25,1,59359,59359,"[{""name"":""Vừa"",""variant_id"":59,""price_adjustment"":0}]",
376,154,9,2,63059,126118,"[{""name"":""Vừa"",""variant_id"":59,""price_adjustment"":0}]",
377,154,17,3,42811,128433,"[{""name"":""Vừa"",""variant_id"":59,""price_adjustment"":0}]",
378,154,4,3,35131,105393,"[{""name"":""Vừa"",""variant_id"":59,""price_adjustment"":0}]",
379,155,13,1,30841,30841,"[{""name"":""Vừa"",""variant_id"":59,""price_adjustment"":0}]",
380,155,66,3,51635,154905,"[{""name"":""Vừa"",""variant_id"":59,""price_adjustment"":0}]",
381,155,35,1,33238,33238,"[{""name"":""Vừa"",""variant_id"":59,""price_adjustment"":0}]",
382,156,21,2,36849,73698,"[{""name"":""Vừa"",""variant_id"":59,""price_adjustment"":0}]",
383,156,54,3,29780,89340,"[{""name"":""Vừa"",""variant_id"":59,""price_adjustment"":0}]",
384,156,55,2,38568,77136,"[{""name"":""Vừa"",""variant_id"":59,""price_adjustment"":0}]",
385,156,66,1,29856,29856,"[{""name"":""Vừa"",""variant_id"":59,""price_adjustment"":0}]",
386,157,7,1,36931,36931,"[{""name"":""Vừa"",""variant_id"":59,""price_adjustment"":0}]",
387,157,46,2,68795,137590,"[{""name"":""Vừa"",""variant_id"":59,""price_adjustment"":0}]",
388,157,44,1,70529,70529,"[{""name"":""Vừa"",""variant_id"":59,""price_adjustment"":0}]",
389,158,36,3,40787,122361,"[{""name"":""Vừa"",""variant_id"":59,""price_adjustment"":0}]",
390,159,45,1,57750,57750,"[{""name"":""Vừa"",""variant_id"":59,""price_adjustment"":0}]",
391,159,24,2,28395,56790,"[{""name"":""Vừa"",""variant_id"":59,""price_adjustment"":0}]",
392,159,55,3,32958,98874,"[{""name"":""Vừa"",""variant_id"":59,""price_adjustment"":0}]",
393,160,44,2,70968,141936,"[{""name"":""Vừa"",""variant_id"":59,""price_adjustment"":0}]",
394,160,51,3,40070,120210,"[{""name"":""Vừa"",""variant_id"":59,""price_adjustment"":0}]",
395,160,53,1,61451,61451,"[{""name"":""Vừa"",""variant_id"":59,""price_adjustment"":0}]",
396,160,77,2,60878,121756,"[{""name"":""Vừa"",""variant_id"":59,""price_adjustment"":0}]",
397,161,12,2,28782,57564,"[{""name"":""Vừa"",""variant_id"":59,""price_adjustment"":0}]",
398,161,13,2,61596,123192,"[{""name"":""Vừa"",""variant_id"":59,""price_adjustment"":0}]",
399,162,64,3,60885,182655,"[{""name"":""Vừa"",""variant_id"":59,""price_adjustment"":0}]",
400,163,45,1,50124,50124,"[{""name"":""Vừa"",""variant_id"":59,""price_adjustment"":0}]",
401,163,41,1,26187,26187,"[{""name"":""Vừa"",""variant_id"":59,""price_adjustment"":0}]",
402,163,80,1,74352,74352,"[{""name"":""Vừa"",""variant_id"":59,""price_adjustment"":0}]",
403,163,39,3,33574,100722,"[{""name"":""Vừa"",""variant_id"":59,""price_adjustment"":0}]",
404,164,23,3,48369,145107,"[{""name"":""Vừa"",""variant_id"":59,""price_adjustment"":0}]",
405,164,45,3,42083,126249,"[{""name"":""Vừa"",""variant_id"":59,""price_adjustment"":0}]",
406,164,35,3,54300,162900,"[{""name"":""Vừa"",""variant_id"":59,""price_adjustment"":0}]",
407,165,13,3,45723,137169,"[{""name"":""Vừa"",""variant_id"":59,""price_adjustment"":0}]",
408,165,49,1,33578,33578,"[{""name"":""Vừa"",""variant_id"":59,""price_adjustment"":0}]",
409,165,17,1,39883,39883,"[{""name"":""Vừa"",""variant_id"":59,""price_adjustment"":0}]",
410,166,39,1,33695,33695,"[{""name"":""Vừa"",""variant_id"":59,""price_adjustment"":0}]",
411,166,8,1,48583,48583,"[{""name"":""Vừa"",""variant_id"":59,""price_adjustment"":0}]",
412,166,23,3,74457,223371,"[{""name"":""Vừa"",""variant_id"":59,""price_adjustment"":0}]",
413,167,43,2,45028,90056,"[{""name"":""Vừa"",""variant_id"":59,""price_adjustment"":0}]",
414,167,29,1,32812,32812,"[{""name"":""Vừa"",""variant_id"":59,""price_adjustment"":0}]",
415,167,69,1,66002,66002,"[{""name"":""Vừa"",""variant_id"":59,""price_adjustment"":0}]",
416,168,21,1,53291,53291,"[{""name"":""Vừa"",""variant_id"":59,""price_adjustment"":0}]",
417,168,48,1,57849,57849,"[{""name"":""Vừa"",""variant_id"":59,""price_adjustment"":0}]",
418,168,52,1,26840,26840,"[{""name"":""Vừa"",""variant_id"":59,""price_adjustment"":0}]",
419,168,64,1,61833,61833,"[{""name"":""Vừa"",""variant_id"":59,""price_adjustment"":0}]",
420,169,25,1,37915,37915,"[{""name"":""Vừa"",""variant_id"":59,""price_adjustment"":0}]",
421,169,31,3,66461,199383,"[{""name"":""Vừa"",""variant_id"":59,""price_adjustment"":0}]",
422,169,40,3,66449,199347,"[{""name"":""Vừa"",""variant_id"":59,""price_adjustment"":0}]",
423,170,67,2,38965,77930,"[{""name"":""Vừa"",""variant_id"":59,""price_adjustment"":0}]",
424,170,64,3,54494,163482,"[{""name"":""Vừa"",""variant_id"":59,""price_adjustment"":0}]",
425,170,61,3,43867,131601,"[{""name"":""Vừa"",""variant_id"":59,""price_adjustment"":0}]",
426,171,1,1,46735,46735,"[{""name"":""Vừa"",""variant_id"":59,""price_adjustment"":0}]",
427,171,14,1,62827,62827,"[{""name"":""Vừa"",""variant_id"":59,""price_adjustment"":0}]",
428,172,28,2,51329,102658,"[{""name"":""Vừa"",""variant_id"":59,""price_adjustment"":0}]",
429,173,23,2,31000,62000,"[{""name"":""Vừa"",""variant_id"":59,""price_adjustment"":0}]",
430,174,28,3,29813,89439,"[{""name"":""Vừa"",""variant_id"":59,""price_adjustment"":0}]",
431,174,9,2,73843,147686,"[{""name"":""Vừa"",""variant_id"":59,""price_adjustment"":0}]",
432,175,27,1,34581,34581,"[{""name"":""Vừa"",""variant_id"":59,""price_adjustment"":0}]",
433,175,18,1,71154,71154,"[{""name"":""Vừa"",""variant_id"":59,""price_adjustment"":0}]",
434,176,68,2,44774,89548,"[{""name"":""Vừa"",""variant_id"":59,""price_adjustment"":0}]",
435,176,60,2,45906,91812,"[{""name"":""Vừa"",""variant_id"":59,""price_adjustment"":0}]",
436,176,50,3,29523,88569,"[{""name"":""Vừa"",""variant_id"":59,""price_adjustment"":0}]",
437,177,13,1,28616,28616,"[{""name"":""Vừa"",""variant_id"":59,""price_adjustment"":0}]",
438,177,10,2,43311,86622,"[{""name"":""Vừa"",""variant_id"":59,""price_adjustment"":0}]",
439,177,11,2,40519,81038,"[{""name"":""Vừa"",""variant_id"":59,""price_adjustment"":0}]",
440,177,23,2,53582,107164,"[{""name"":""Vừa"",""variant_id"":59,""price_adjustment"":0}]",
441,178,3,1,47822,47822,"[{""name"":""Vừa"",""variant_id"":59,""price_adjustment"":0}]",
442,178,21,3,30796,92388,"[{""name"":""Vừa"",""variant_id"":59,""price_adjustment"":0}]",
443,178,13,1,64704,64704,"[{""name"":""Vừa"",""variant_id"":59,""price_adjustment"":0}]",
444,178,10,3,44794,134382,"[{""name"":""Vừa"",""variant_id"":59,""price_adjustment"":0}]",
445,179,20,1,44232,44232,"[{""name"":""Vừa"",""variant_id"":59,""price_adjustment"":0}]",
446,179,26,1,69652,69652,"[{""name"":""Vừa"",""variant_id"":59,""price_adjustment"":0}]",
447,179,8,3,69696,209088,"[{""name"":""Vừa"",""variant_id"":59,""price_adjustment"":0}]",
448,179,3,3,50630,151890,"[{""name"":""Vừa"",""variant_id"":59,""price_adjustment"":0}]",
449,180,8,3,66684,200052,"[{""name"":""Vừa"",""variant_id"":59,""price_adjustment"":0}]",
450,180,5,2,27684,55368,"[{""name"":""Vừa"",""variant_id"":59,""price_adjustment"":0}]",
451,181,68,1,43626,43626,"[{""name"":""Vừa"",""variant_id"":59,""price_adjustment"":0}]",
452,182,11,2,45915,91830,"[{""name"":""Vừa"",""variant_id"":59,""price_adjustment"":0}]",
453,182,10,2,67300,134600,"[{""name"":""Vừa"",""variant_id"":59,""price_adjustment"":0}]",
454,182,8,1,56023,56023,"[{""name"":""Vừa"",""variant_id"":59,""price_adjustment"":0}]",
455,182,2,1,72852,72852,"[{""name"":""Vừa"",""variant_id"":59,""price_adjustment"":0}]",
456,183,21,1,69372,69372,"[{""name"":""Vừa"",""variant_id"":59,""price_adjustment"":0}]",
457,183,28,3,52742,158226,"[{""name"":""Vừa"",""variant_id"":59,""price_adjustment"":0}]",
458,183,17,1,47783,47783,"[{""name"":""Vừa"",""variant_id"":59,""price_adjustment"":0}]",
459,183,14,1,74906,74906,"[{""name"":""Vừa"",""variant_id"":59,""price_adjustment"":0}]",
460,184,3,2,59017,118034,"[{""name"":""Vừa"",""variant_id"":59,""price_adjustment"":0}]",
461,184,28,1,33502,33502,"[{""name"":""Vừa"",""variant_id"":59,""price_adjustment"":0}]",
462,185,22,1,53062,53062,"[{""name"":""Vừa"",""variant_id"":59,""price_adjustment"":0}]",
463,185,10,1,69978,69978,"[{""name"":""Vừa"",""variant_id"":59,""price_adjustment"":0}]",
464,185,3,3,33464,100392,"[{""name"":""Vừa"",""variant_id"":59,""price_adjustment"":0}]",
465,185,2,1,44795,44795,"[{""name"":""Vừa"",""variant_id"":59,""price_adjustment"":0}]",
466,186,3,1,41999,41999,"[{""name"":""Vừa"",""variant_id"":59,""price_adjustment"":0}]",
467,186,10,2,62432,124864,"[{""name"":""Vừa"",""variant_id"":59,""price_adjustment"":0}]",
468,187,4,2,57163,114326,"[{""name"":""Vừa"",""variant_id"":59,""price_adjustment"":0}]",
469,187,5,2,50113,100226,"[{""name"":""Vừa"",""variant_id"":59,""price_adjustment"":0}]",
470,187,13,1,43053,43053,"[{""name"":""Vừa"",""variant_id"":59,""price_adjustment"":0}]",
471,187,1,1,49227,49227,"[{""name"":""Vừa"",""variant_id"":59,""price_adjustment"":0}]",
472,188,68,2,72821,145642,"[{""name"":""Vừa"",""variant_id"":59,""price_adjustment"":0}]",
473,189,70,3,68362,205086,"[{""name"":""Vừa"",""variant_id"":59,""price_adjustment"":0}]",
474,189,49,3,56807,170421,"[{""name"":""Vừa"",""variant_id"":59,""price_adjustment"":0}]",
475,189,66,2,42944,85888,"[{""name"":""Vừa"",""variant_id"":59,""price_adjustment"":0}]",
476,189,59,3,48766,146298,"[{""name"":""Vừa"",""variant_id"":59,""price_adjustment"":0}]",
477,190,61,2,49720,99440,"[{""name"":""Vừa"",""variant_id"":59,""price_adjustment"":0}]",
478,190,52,1,50468,50468,"[{""name"":""Vừa"",""variant_id"":59,""price_adjustment"":0}]",
479,190,47,1,25000,25000,"[{""name"":""Vừa"",""variant_id"":59,""price_adjustment"":0}]",
480,190,58,1,54863,54863,"[{""name"":""Vừa"",""variant_id"":59,""price_adjustment"":0}]",
481,191,64,1,58047,58047,"[{""name"":""Vừa"",""variant_id"":59,""price_adjustment"":0}]",
482,191,48,1,68132,68132,"[{""name"":""Vừa"",""variant_id"":59,""price_adjustment"":0}]",
483,191,57,2,56470,112940,"[{""name"":""Vừa"",""variant_id"":59,""price_adjustment"":0}]",
484,191,49,1,72024,72024,"[{""name"":""Vừa"",""variant_id"":59,""price_adjustment"":0}]",
485,192,5,1,70236,70236,"[{""name"":""Vừa"",""variant_id"":59,""price_adjustment"":0}]",
486,192,1,2,53023,106046,"[{""name"":""Vừa"",""variant_id"":59,""price_adjustment"":0}]",
487,192,21,2,60940,121880,"[{""name"":""Vừa"",""variant_id"":59,""price_adjustment"":0}]",
488,193,15,3,71697,215091,"[{""name"":""Vừa"",""variant_id"":59,""price_adjustment"":0}]",
489,193,18,2,58258,116516,"[{""name"":""Vừa"",""variant_id"":59,""price_adjustment"":0}]",
490,194,61,3,36661,109983,"[{""name"":""Vừa"",""variant_id"":59,""price_adjustment"":0}]",
491,194,64,3,58862,176586,"[{""name"":""Vừa"",""variant_id"":59,""price_adjustment"":0}]",
492,194,51,3,48223,144669,"[{""name"":""Vừa"",""variant_id"":59,""price_adjustment"":0}]",
493,195,9,2,67721,135442,"[{""name"":""Vừa"",""variant_id"":59,""price_adjustment"":0}]",
494,195,23,3,56062,168186,"[{""name"":""Vừa"",""variant_id"":59,""price_adjustment"":0}]",
495,195,8,3,42196,126588,"[{""name"":""Vừa"",""variant_id"":59,""price_adjustment"":0}]",
496,195,22,1,65034,65034,"[{""name"":""Vừa"",""variant_id"":59,""price_adjustment"":0}]",
497,196,27,1,37302,37302,"[{""name"":""Vừa"",""variant_id"":59,""price_adjustment"":0}]",
498,197,68,3,67353,202059,"[{""name"":""Vừa"",""variant_id"":59,""price_adjustment"":0}]",
499,197,53,3,41033,123099,"[{""name"":""Vừa"",""variant_id"":59,""price_adjustment"":0}]",
500,197,61,2,31531,63062,"[{""name"":""Vừa"",""variant_id"":59,""price_adjustment"":0}]",
501,198,13,2,67173,134346,"[{""name"":""Vừa"",""variant_id"":59,""price_adjustment"":0}]",
502,198,7,2,67118,134236,"[{""name"":""Vừa"",""variant_id"":59,""price_adjustment"":0}]",
503,198,20,3,69948,209844,"[{""name"":""Vừa"",""variant_id"":59,""price_adjustment"":0}]",
504,198,27,3,74657,223971,"[{""name"":""Vừa"",""variant_id"":59,""price_adjustment"":0}]",
505,199,65,3,26634,79902,"[{""name"":""Vừa"",""variant_id"":59,""price_adjustment"":0}]",
506,200,61,3,46226,138678,"[{""name"":""Vừa"",""variant_id"":59,""price_adjustment"":0}]",
507,200,66,3,57699,173097,"[{""name"":""Vừa"",""variant_id"":59,""price_adjustment"":0}]",
508,200,48,2,38978,77956,"[{""name"":""Vừa"",""variant_id"":59,""price_adjustment"":0}]",
509,200,60,2,52357,104714,"[{""name"":""Vừa"",""variant_id"":59,""price_adjustment"":0}]",
510,201,23,1,32148,32148,"[{""name"":""Vừa"",""variant_id"":59,""price_adjustment"":0}]",
511,202,13,1,63753,63753,"[{""name"":""Vừa"",""variant_id"":59,""price_adjustment"":0}]",
512,203,9,2,54025,108050,"[{""name"":""Vừa"",""variant_id"":59,""price_adjustment"":0}]",
513,203,4,3,27369,82107,"[{""name"":""Vừa"",""variant_id"":59,""price_adjustment"":0}]",
514,204,28,3,35808,107424,"[{""name"":""Vừa"",""variant_id"":59,""price_adjustment"":0}]",
515,204,7,1,33982,33982,"[{""name"":""Vừa"",""variant_id"":59,""price_adjustment"":0}]",
516,204,19,3,55976,167928,"[{""name"":""Vừa"",""variant_id"":59,""price_adjustment"":0}]",
517,205,9,1,69560,69560,"[{""name"":""Vừa"",""variant_id"":59,""price_adjustment"":0}]",
518,205,15,1,29205,29205,"[{""name"":""Vừa"",""variant_id"":59,""price_adjustment"":0}]",
519,205,27,3,30031,90093,"[{""name"":""Vừa"",""variant_id"":59,""price_adjustment"":0}]",
520,206,22,1,48198,48198,"[{""name"":""Vừa"",""variant_id"":59,""price_adjustment"":0}]",
521,206,4,1,42915,42915,"[{""name"":""Vừa"",""variant_id"":59,""price_adjustment"":0}]",
522,207,19,2,60874,121748,"[{""name"":""Vừa"",""variant_id"":59,""price_adjustment"":0}]",
523,207,4,3,39791,119373,"[{""name"":""Vừa"",""variant_id"":59,""price_adjustment"":0}]",
524,207,11,3,31178,93534,"[{""name"":""Vừa"",""variant_id"":59,""price_adjustment"":0}]",
525,207,24,3,54539,163617,"[{""name"":""Vừa"",""variant_id"":59,""price_adjustment"":0}]",
526,208,24,3,41519,124557,"[{""name"":""Vừa"",""variant_id"":59,""price_adjustment"":0}]",
527,208,17,1,63569,63569,"[{""name"":""Vừa"",""variant_id"":59,""price_adjustment"":0}]",
528,209,13,2,53332,106664,"[{""name"":""Vừa"",""variant_id"":59,""price_adjustment"":0}]",
529,209,4,3,74306,222918,"[{""name"":""Vừa"",""variant_id"":59,""price_adjustment"":0}]",
530,209,23,1,49079,49079,"[{""name"":""Vừa"",""variant_id"":59,""price_adjustment"":0}]",
531,210,19,2,56554,113108,"[{""name"":""Vừa"",""variant_id"":59,""price_adjustment"":0}]",
532,210,24,2,46246,92492,"[{""name"":""Vừa"",""variant_id"":59,""price_adjustment"":0}]",
533,210,26,1,55486,55486,"[{""name"":""Vừa"",""variant_id"":59,""price_adjustment"":0}]",
534,211,67,2,37904,75808,"[{""name"":""Vừa"",""variant_id"":59,""price_adjustment"":0}]",
535,211,62,3,64963,194889,"[{""name"":""Vừa"",""variant_id"":59,""price_adjustment"":0}]",
536,212,57,1,30877,30877,"[{""name"":""Vừa"",""variant_id"":59,""price_adjustment"":0}]",
537,212,60,2,31812,63624,"[{""name"":""Vừa"",""variant_id"":59,""price_adjustment"":0}]",
538,212,68,3,43909,131727,"[{""name"":""Vừa"",""variant_id"":59,""price_adjustment"":0}]",
539,213,4,1,29189,29189,"[{""name"":""Vừa"",""variant_id"":59,""price_adjustment"":0}]",
540,214,20,3,42904,128712,"[{""name"":""Vừa"",""variant_id"":59,""price_adjustment"":0}]",
541,214,4,1,68601,68601,"[{""name"":""Vừa"",""variant_id"":59,""price_adjustment"":0}]",
542,215,9,3,35593,106779,"[{""name"":""Vừa"",""variant_id"":59,""price_adjustment"":0}]",
543,216,1,3,55967,167901,"[{""name"":""Vừa"",""variant_id"":59,""price_adjustment"":0}]",
544,216,20,3,40766,122298,"[{""name"":""Vừa"",""variant_id"":59,""price_adjustment"":0}]",
545,217,27,1,35389,35389,"[{""name"":""Vừa"",""variant_id"":59,""price_adjustment"":0}]",
546,217,14,2,58719,117438,"[{""name"":""Vừa"",""variant_id"":59,""price_adjustment"":0}]",
547,217,11,1,68574,68574,"[{""name"":""Vừa"",""variant_id"":59,""price_adjustment"":0}]",
548,217,10,2,40425,80850,"[{""name"":""Vừa"",""variant_id"":59,""price_adjustment"":0}]",
549,218,60,2,31232,62464,"[{""name"":""Vừa"",""variant_id"":59,""price_adjustment"":0}]",
550,219,67,3,39807,119421,"[{""name"":""Vừa"",""variant_id"":59,""price_adjustment"":0}]",
551,220,55,3,27639,82917,"[{""name"":""Vừa"",""variant_id"":59,""price_adjustment"":0}]",
552,220,47,3,51807,155421,"[{""name"":""Vừa"",""variant_id"":59,""price_adjustment"":0}]",
553,220,52,2,59850,119700,"[{""name"":""Vừa"",""variant_id"":59,""price_adjustment"":0}]",
554,220,70,3,45249,135747,"[{""name"":""Vừa"",""variant_id"":59,""price_adjustment"":0}]",
555,221,68,2,34447,68894,"[{""name"":""Vừa"",""variant_id"":59,""price_adjustment"":0}]",
556,221,47,3,32569,97707,"[{""name"":""Vừa"",""variant_id"":59,""price_adjustment"":0}]",
557,221,54,3,48552,145656,"[{""name"":""Vừa"",""variant_id"":59,""price_adjustment"":0}]",
558,222,53,1,48507,48507,"[{""name"":""Vừa"",""variant_id"":59,""price_adjustment"":0}]",
559,222,67,3,53213,159639,"[{""name"":""Vừa"",""variant_id"":59,""price_adjustment"":0}]",
560,223,62,3,34832,104496,"[{""name"":""Vừa"",""variant_id"":59,""price_adjustment"":0}]",
561,223,53,1,34270,34270,"[{""name"":""Vừa"",""variant_id"":59,""price_adjustment"":0}]",
562,223,51,2,40516,81032,"[{""name"":""Vừa"",""variant_id"":59,""price_adjustment"":0}]",
563,223,50,3,55119,165357,"[{""name"":""Vừa"",""variant_id"":59,""price_adjustment"":0}]",
564,224,1,3,27493,82479,"[{""name"":""Vừa"",""variant_id"":59,""price_adjustment"":0}]",
565,225,28,2,70360,140720,"[{""name"":""Vừa"",""variant_id"":59,""price_adjustment"":0}]",
566,225,27,1,57440,57440,"[{""name"":""Vừa"",""variant_id"":59,""price_adjustment"":0}]",
567,225,13,2,38090,76180,"[{""name"":""Vừa"",""variant_id"":59,""price_adjustment"":0}]",
568,226,25,3,70383,211149,"[{""name"":""Vừa"",""variant_id"":59,""price_adjustment"":0}]",
569,226,13,1,73265,73265,"[{""name"":""Vừa"",""variant_id"":59,""price_adjustment"":0}]",
570,227,1,1,62862,62862,"[{""name"":""Vừa"",""variant_id"":59,""price_adjustment"":0}]",
571,227,26,2,60668,121336,"[{""name"":""Vừa"",""variant_id"":59,""price_adjustment"":0}]",
572,227,27,1,46178,46178,"[{""name"":""Vừa"",""variant_id"":59,""price_adjustment"":0}]",
573,227,3,1,31521,31521,"[{""name"":""Vừa"",""variant_id"":59,""price_adjustment"":0}]",
574,228,1,2,65237,130474,"[{""name"":""Vừa"",""variant_id"":59,""price_adjustment"":0}]",
575,228,26,1,25894,25894,"[{""name"":""Vừa"",""variant_id"":59,""price_adjustment"":0}]",
576,229,65,1,58528,58528,"[{""name"":""Vừa"",""variant_id"":59,""price_adjustment"":0}]",
577,229,48,2,28090,56180,"[{""name"":""Vừa"",""variant_id"":59,""price_adjustment"":0}]",
578,230,4,3,32309,96927,"[{""name"":""Vừa"",""variant_id"":59,""price_adjustment"":0}]",
579,231,53,1,52551,52551,"[{""name"":""Vừa"",""variant_id"":59,""price_adjustment"":0}]",
580,231,69,3,57257,171771,"[{""name"":""Vừa"",""variant_id"":59,""price_adjustment"":0}]",
581,231,49,3,29756,89268,"[{""name"":""Vừa"",""variant_id"":59,""price_adjustment"":0}]",
582,231,68,1,39434,39434,"[{""name"":""Vừa"",""variant_id"":59,""price_adjustment"":0}]",
583,232,55,2,36315,72630,"[{""name"":""Vừa"",""variant_id"":59,""price_adjustment"":0}]",
584,232,48,3,31106,93318,"[{""name"":""Vừa"",""variant_id"":59,""price_adjustment"":0}]",
585,232,68,2,47991,95982,"[{""name"":""Vừa"",""variant_id"":59,""price_adjustment"":0}]",
586,233,28,1,40134,40134,"[{""name"":""Vừa"",""variant_id"":59,""price_adjustment"":0}]",
587,233,24,1,48621,48621,"[{""name"":""Vừa"",""variant_id"":59,""price_adjustment"":0}]",
588,233,25,3,64785,194355,"[{""name"":""Vừa"",""variant_id"":59,""price_adjustment"":0}]",
589,234,38,3,32608,97824,"[{""name"":""Vừa"",""variant_id"":59,""price_adjustment"":0}]",
590,234,43,1,30071,30071,"[{""name"":""Vừa"",""variant_id"":59,""price_adjustment"":0}]",
591,235,32,2,74774,149548,"[{""name"":""Vừa"",""variant_id"":59,""price_adjustment"":0}]",
592,235,30,3,25114,75342,"[{""name"":""Vừa"",""variant_id"":59,""price_adjustment"":0}]",
593,236,74,2,45706,91412,"[{""name"":""Vừa"",""variant_id"":59,""price_adjustment"":0}]",
594,236,71,2,49301,98602,"[{""name"":""Vừa"",""variant_id"":59,""price_adjustment"":0}]",
595,236,79,2,62999,125998,"[{""name"":""Vừa"",""variant_id"":59,""price_adjustment"":0}]",
596,236,77,1,50865,50865,"[{""name"":""Vừa"",""variant_id"":59,""price_adjustment"":0}]",
597,237,77,3,32986,98958,"[{""name"":""Vừa"",""variant_id"":59,""price_adjustment"":0}]",
598,237,73,3,70249,210747,"[{""name"":""Vừa"",""variant_id"":59,""price_adjustment"":0}]",
599,237,79,3,37645,112935,"[{""name"":""Vừa"",""variant_id"":59,""price_adjustment"":0}]",
600,238,33,3,68588,205764,"[{""name"":""Vừa"",""variant_id"":59,""price_adjustment"":0}]",
601,238,41,1,71904,71904,"[{""name"":""Vừa"",""variant_id"":59,""price_adjustment"":0}]",
602,238,38,1,31188,31188,"[{""name"":""Vừa"",""variant_id"":59,""price_adjustment"":0}]",
603,238,32,2,68904,137808,"[{""name"":""Vừa"",""variant_id"":59,""price_adjustment"":0}]",
604,239,76,3,68287,204861,"[{""name"":""Vừa"",""variant_id"":59,""price_adjustment"":0}]",
605,239,75,2,70209,140418,"[{""name"":""Vừa"",""variant_id"":59,""price_adjustment"":0}]",
606,239,73,3,25847,77541,"[{""name"":""Vừa"",""variant_id"":59,""price_adjustment"":0}]",
607,239,71,2,34879,69758,"[{""name"":""Vừa"",""variant_id"":59,""price_adjustment"":0}]",
608,240,43,2,43733,87466,"[{""name"":""Vừa"",""variant_id"":59,""price_adjustment"":0}]",
609,240,35,3,71448,214344,"[{""name"":""Vừa"",""variant_id"":59,""price_adjustment"":0}]",
610,240,44,3,52128,156384,"[{""name"":""Vừa"",""variant_id"":59,""price_adjustment"":0}]",
611,240,40,3,30806,92418,"[{""name"":""Vừa"",""variant_id"":59,""price_adjustment"":0}]",
612,241,43,1,51780,51780,"[{""name"":""Vừa"",""variant_id"":59,""price_adjustment"":0}]",
613,241,35,2,29921,59842,"[{""name"":""Vừa"",""variant_id"":59,""price_adjustment"":0}]",
614,241,37,1,35083,35083,"[{""name"":""Vừa"",""variant_id"":59,""price_adjustment"":0}]",
615,241,34,2,34709,69418,"[{""name"":""Vừa"",""variant_id"":59,""price_adjustment"":0}]",
616,242,37,1,45331,45331,"[{""name"":""Vừa"",""variant_id"":59,""price_adjustment"":0}]",
617,242,40,3,64155,192465,"[{""name"":""Vừa"",""variant_id"":59,""price_adjustment"":0}]",
618,242,36,2,43718,87436,"[{""name"":""Vừa"",""variant_id"":59,""price_adjustment"":0}]",
619,242,41,3,70973,212919,"[{""name"":""Vừa"",""variant_id"":59,""price_adjustment"":0}]",
620,243,33,2,74653,149306,"[{""name"":""Vừa"",""variant_id"":59,""price_adjustment"":0}]",
621,243,43,3,25938,77814,"[{""name"":""Vừa"",""variant_id"":59,""price_adjustment"":0}]",
622,244,31,2,68248,136496,"[{""name"":""Vừa"",""variant_id"":59,""price_adjustment"":0}]",
623,244,38,2,72719,145438,"[{""name"":""Vừa"",""variant_id"":59,""price_adjustment"":0}]",
624,245,74,2,27283,54566,"[{""name"":""Vừa"",""variant_id"":59,""price_adjustment"":0}]",
625,245,78,1,49297,49297,"[{""name"":""Vừa"",""variant_id"":59,""price_adjustment"":0}]",
626,245,80,2,61442,122884,"[{""name"":""Vừa"",""variant_id"":59,""price_adjustment"":0}]",
627,246,32,1,28443,28443,"[{""name"":""Vừa"",""variant_id"":59,""price_adjustment"":0}]",
628,246,37,3,30435,91305,"[{""name"":""Vừa"",""variant_id"":59,""price_adjustment"":0}]",
629,246,38,1,38990,38990,"[{""name"":""Vừa"",""variant_id"":59,""price_adjustment"":0}]",
630,247,36,3,35672,107016,"[{""name"":""Vừa"",""variant_id"":59,""price_adjustment"":0}]",
631,247,33,1,30321,30321,"[{""name"":""Vừa"",""variant_id"":59,""price_adjustment"":0}]",
632,248,39,2,55156,110312,"[{""name"":""Vừa"",""variant_id"":59,""price_adjustment"":0}]",
633,248,29,2,31527,63054,"[{""name"":""Vừa"",""variant_id"":59,""price_adjustment"":0}]",
634,248,41,1,66373,66373,"[{""name"":""Vừa"",""variant_id"":59,""price_adjustment"":0}]",
635,248,42,3,54486,163458,"[{""name"":""Vừa"",""variant_id"":59,""price_adjustment"":0}]",
636,249,54,1,51249,51249,"[{""name"":""Vừa"",""variant_id"":59,""price_adjustment"":0}]",
637,249,50,3,69697,209091,"[{""name"":""Vừa"",""variant_id"":59,""price_adjustment"":0}]",
638,250,22,1,33307,33307,"[{""name"":""Vừa"",""variant_id"":59,""price_adjustment"":0}]",
639,250,20,1,72774,72774,"[{""name"":""Vừa"",""variant_id"":59,""price_adjustment"":0}]",
640,251,20,1,33339,33339,"[{""name"":""Vừa"",""variant_id"":59,""price_adjustment"":0}]",
641,252,7,3,69404,208212,"[{""name"":""Vừa"",""variant_id"":59,""price_adjustment"":0}]",
642,253,23,3,52871,158613,"[{""name"":""Vừa"",""variant_id"":59,""price_adjustment"":0}]",
643,253,7,3,63610,190830,"[{""name"":""Vừa"",""variant_id"":59,""price_adjustment"":0}]",
644,253,18,2,42154,84308,"[{""name"":""Vừa"",""variant_id"":59,""price_adjustment"":0}]",
645,254,58,1,43632,43632,"[{""name"":""Vừa"",""variant_id"":59,""price_adjustment"":0}]",
646,254,52,2,72401,144802,"[{""name"":""Vừa"",""variant_id"":59,""price_adjustment"":0}]",
647,254,66,3,40144,120432,"[{""name"":""Vừa"",""variant_id"":59,""price_adjustment"":0}]",
648,254,62,3,62162,186486,"[{""name"":""Vừa"",""variant_id"":59,""price_adjustment"":0}]",
649,255,7,1,47296,47296,"[{""name"":""Vừa"",""variant_id"":59,""price_adjustment"":0}]",
650,255,23,3,54119,162357,"[{""name"":""Vừa"",""variant_id"":59,""price_adjustment"":0}]",
651,256,11,1,41569,41569,"[{""name"":""Vừa"",""variant_id"":59,""price_adjustment"":0}]",
652,256,9,1,39550,39550,"[{""name"":""Vừa"",""variant_id"":59,""price_adjustment"":0}]",
653,257,6,1,62279,62279,"[{""name"":""Vừa"",""variant_id"":59,""price_adjustment"":0}]",
654,258,3,3,41017,123051,"[{""name"":""Vừa"",""variant_id"":59,""price_adjustment"":0}]",
655,258,2,3,70102,210306,"[{""name"":""Vừa"",""variant_id"":59,""price_adjustment"":0}]",
656,258,23,1,43161,43161,"[{""name"":""Vừa"",""variant_id"":59,""price_adjustment"":0}]",
657,258,25,3,27362,82086,"[{""name"":""Vừa"",""variant_id"":59,""price_adjustment"":0}]",
658,259,67,3,32251,96753,"[{""name"":""Vừa"",""variant_id"":59,""price_adjustment"":0}]",
659,259,47,3,29957,89871,"[{""name"":""Vừa"",""variant_id"":59,""price_adjustment"":0}]",
660,259,48,2,51727,103454,"[{""name"":""Vừa"",""variant_id"":59,""price_adjustment"":0}]",
661,259,57,2,59997,119994,"[{""name"":""Vừa"",""variant_id"":59,""price_adjustment"":0}]",
662,260,67,2,31644,63288,"[{""name"":""Vừa"",""variant_id"":59,""price_adjustment"":0}]",
663,261,62,2,26629,53258,"[{""name"":""Vừa"",""variant_id"":59,""price_adjustment"":0}]",
664,261,70,3,60736,182208,"[{""name"":""Vừa"",""variant_id"":59,""price_adjustment"":0}]",
665,261,67,2,67924,135848,"[{""name"":""Vừa"",""variant_id"":59,""price_adjustment"":0}]",
666,261,60,1,60602,60602,"[{""name"":""Vừa"",""variant_id"":59,""price_adjustment"":0}]",
667,262,66,3,55866,167598,"[{""name"":""Vừa"",""variant_id"":59,""price_adjustment"":0}]",
668,262,63,2,31956,63912,"[{""name"":""Vừa"",""variant_id"":59,""price_adjustment"":0}]",
669,263,13,2,33096,66192,"[{""name"":""Vừa"",""variant_id"":59,""price_adjustment"":0}]",
670,263,9,3,37804,113412,"[{""name"":""Vừa"",""variant_id"":59,""price_adjustment"":0}]",
671,263,26,3,74307,222921,"[{""name"":""Vừa"",""variant_id"":59,""price_adjustment"":0}]",
672,263,16,3,26753,80259,"[{""name"":""Vừa"",""variant_id"":59,""price_adjustment"":0}]",
673,264,61,1,74519,74519,"[{""name"":""Vừa"",""variant_id"":59,""price_adjustment"":0}]",
674,264,54,1,33785,33785,"[{""name"":""Vừa"",""variant_id"":59,""price_adjustment"":0}]",
675,264,57,1,56025,56025,"[{""name"":""Vừa"",""variant_id"":59,""price_adjustment"":0}]",
676,265,16,3,62446,187338,"[{""name"":""Vừa"",""variant_id"":59,""price_adjustment"":0}]",
677,265,4,2,31369,62738,"[{""name"":""Vừa"",""variant_id"":59,""price_adjustment"":0}]",
678,265,13,3,39051,117153,"[{""name"":""Vừa"",""variant_id"":59,""price_adjustment"":0}]",
679,266,8,2,51215,102430,"[{""name"":""Vừa"",""variant_id"":59,""price_adjustment"":0}]",
680,266,1,2,70217,140434,"[{""name"":""Vừa"",""variant_id"":59,""price_adjustment"":0}]",
681,266,44,3,39290,117870,"[{""name"":""Vừa"",""variant_id"":59,""price_adjustment"":0}]",
682,267,16,1,43584,43584,"[{""name"":""Vừa"",""variant_id"":59,""price_adjustment"":0}]",
683,267,79,2,67944,135888,"[{""name"":""Vừa"",""variant_id"":59,""price_adjustment"":0}]",
684,267,78,2,51591,103182,"[{""name"":""Vừa"",""variant_id"":59,""price_adjustment"":0}]",
685,267,57,2,69704,139408,"[{""name"":""Vừa"",""variant_id"":59,""price_adjustment"":0}]",
686,268,57,3,61422,184266,"[{""name"":""Vừa"",""variant_id"":59,""price_adjustment"":0}]",
687,268,56,1,71682,71682,"[{""name"":""Vừa"",""variant_id"":59,""price_adjustment"":0}]",
688,268,23,1,44782,44782,"[{""name"":""Vừa"",""variant_id"":59,""price_adjustment"":0}]",
689,269,69,1,69220,69220,"[{""name"":""Vừa"",""variant_id"":59,""price_adjustment"":0}]",
690,269,79,3,59431,178293,"[{""name"":""Vừa"",""variant_id"":59,""price_adjustment"":0}]",
691,269,81,1,51364,51364,"[{""name"":""Vừa"",""variant_id"":59,""price_adjustment"":0}]",
692,269,11,1,64483,64483,"[{""name"":""Vừa"",""variant_id"":59,""price_adjustment"":0}]",
693,270,48,1,44558,44558,"[{""name"":""Vừa"",""variant_id"":59,""price_adjustment"":0}]",
694,270,22,2,67312,134624,"[{""name"":""Vừa"",""variant_id"":59,""price_adjustment"":0}]",
695,271,71,3,36198,108594,"[{""name"":""Vừa"",""variant_id"":59,""price_adjustment"":0}]",
696,271,76,3,28805,86415,"[{""name"":""Vừa"",""variant_id"":59,""price_adjustment"":0}]",
697,272,11,1,51955,51955,"[{""name"":""Vừa"",""variant_id"":59,""price_adjustment"":0}]",
698,273,48,3,33498,100494,"[{""name"":""Vừa"",""variant_id"":59,""price_adjustment"":0}]",
699,274,9,1,66384,66384,"[{""name"":""Vừa"",""variant_id"":59,""price_adjustment"":0}]",
700,274,36,2,40870,81740,"[{""name"":""Vừa"",""variant_id"":59,""price_adjustment"":0}]",
701,275,21,1,47203,47203,"[{""name"":""Vừa"",""variant_id"":59,""price_adjustment"":0}]",
702,275,61,1,37620,37620,"[{""name"":""Vừa"",""variant_id"":59,""price_adjustment"":0}]",
703,276,15,1,36703,36703,"[{""name"":""Vừa"",""variant_id"":59,""price_adjustment"":0}]",
704,276,18,1,28351,28351,"[{""name"":""Vừa"",""variant_id"":59,""price_adjustment"":0}]",
705,276,57,2,59277,118554,"[{""name"":""Vừa"",""variant_id"":59,""price_adjustment"":0}]",
706,276,74,1,28587,28587,"[{""name"":""Vừa"",""variant_id"":59,""price_adjustment"":0}]",
707,277,52,3,53710,161130,"[{""name"":""Vừa"",""variant_id"":59,""price_adjustment"":0}]",
708,277,76,1,48682,48682,"[{""name"":""Vừa"",""variant_id"":59,""price_adjustment"":0}]",
709,277,37,3,25793,77379,"[{""name"":""Vừa"",""variant_id"":59,""price_adjustment"":0}]",
710,278,57,2,41950,83900,"[{""name"":""Vừa"",""variant_id"":59,""price_adjustment"":0}]",
711,279,27,2,46605,93210,"[{""name"":""Vừa"",""variant_id"":59,""price_adjustment"":0}]",
712,279,10,1,73592,73592,"[{""name"":""Vừa"",""variant_id"":59,""price_adjustment"":0}]",
713,279,80,1,35259,35259,"[{""name"":""Vừa"",""variant_id"":59,""price_adjustment"":0}]",
714,280,70,3,64172,192516,"[{""name"":""Vừa"",""variant_id"":59,""price_adjustment"":0}]",
715,280,27,2,57272,114544,"[{""name"":""Vừa"",""variant_id"":59,""price_adjustment"":0}]",
716,280,50,2,39515,79030,"[{""name"":""Vừa"",""variant_id"":59,""price_adjustment"":0}]",
717,281,35,3,43245,129735,"[{""name"":""Vừa"",""variant_id"":59,""price_adjustment"":0}]",
718,281,31,2,64352,128704,"[{""name"":""Vừa"",""variant_id"":59,""price_adjustment"":0}]",
719,281,16,2,47252,94504,"[{""name"":""Vừa"",""variant_id"":59,""price_adjustment"":0}]",
720,282,77,1,28690,28690,"[{""name"":""Vừa"",""variant_id"":59,""price_adjustment"":0}]",
721,282,58,1,39524,39524,"[{""name"":""Vừa"",""variant_id"":59,""price_adjustment"":0}]",
722,283,59,1,45079,45079,"[{""name"":""Vừa"",""variant_id"":59,""price_adjustment"":0}]",
723,283,71,1,39295,39295,"[{""name"":""Vừa"",""variant_id"":59,""price_adjustment"":0}]",
724,283,34,3,29039,87117,"[{""name"":""Vừa"",""variant_id"":59,""price_adjustment"":0}]",
725,283,69,3,38706,116118,"[{""name"":""Vừa"",""variant_id"":59,""price_adjustment"":0}]",
726,284,66,3,58525,175575,"[{""name"":""Vừa"",""variant_id"":59,""price_adjustment"":0}]",
727,284,14,1,65507,65507,"[{""name"":""Vừa"",""variant_id"":59,""price_adjustment"":0}]",
728,285,36,3,63264,189792,"[{""name"":""Vừa"",""variant_id"":59,""price_adjustment"":0}]",
729,285,64,2,26956,53912,"[{""name"":""Vừa"",""variant_id"":59,""price_adjustment"":0}]",
730,286,14,2,48814,97628,"[{""name"":""Vừa"",""variant_id"":59,""price_adjustment"":0}]",
731,286,15,1,33342,33342,"[{""name"":""Vừa"",""variant_id"":59,""price_adjustment"":0}]",
732,287,38,3,43556,130668,"[{""name"":""Vừa"",""variant_id"":59,""price_adjustment"":0}]",
733,287,60,2,40315,80630,"[{""name"":""Vừa"",""variant_id"":59,""price_adjustment"":0}]",
734,288,1,1,26541,26541,"[{""name"":""Vừa"",""variant_id"":59,""price_adjustment"":0}]",
735,288,8,2,30391,60782,"[{""name"":""Vừa"",""variant_id"":59,""price_adjustment"":0}]",
736,288,23,3,32190,96570,"[{""name"":""Vừa"",""variant_id"":59,""price_adjustment"":0}]",
737,288,48,3,67159,201477,"[{""name"":""Vừa"",""variant_id"":59,""price_adjustment"":0}]",
738,289,10,3,50740,152220,"[{""name"":""Vừa"",""variant_id"":59,""price_adjustment"":0}]",
739,289,34,1,61265,61265,"[{""name"":""Vừa"",""variant_id"":59,""price_adjustment"":0}]",
740,290,65,1,51531,51531,"[{""name"":""Vừa"",""variant_id"":59,""price_adjustment"":0}]",
741,290,67,1,55663,55663,"[{""name"":""Vừa"",""variant_id"":59,""price_adjustment"":0}]",
742,290,47,2,66434,132868,"[{""name"":""Vừa"",""variant_id"":59,""price_adjustment"":0}]",
743,290,79,3,28072,84216,"[{""name"":""Vừa"",""variant_id"":59,""price_adjustment"":0}]",
744,291,52,2,30190,60380,"[{""name"":""Vừa"",""variant_id"":59,""price_adjustment"":0}]",
745,291,30,2,35422,70844,"[{""name"":""Vừa"",""variant_id"":59,""price_adjustment"":0}]",
746,291,80,1,65590,65590,"[{""name"":""Vừa"",""variant_id"":59,""price_adjustment"":0}]",
747,291,36,3,56395,169185,"[{""name"":""Vừa"",""variant_id"":59,""price_adjustment"":0}]",
748,292,57,1,34661,34661,"[{""name"":""Vừa"",""variant_id"":59,""price_adjustment"":0}]",
749,292,47,1,70124,70124,"[{""name"":""Vừa"",""variant_id"":59,""price_adjustment"":0}]",
750,293,45,1,53540,53540,"[{""name"":""Vừa"",""variant_id"":59,""price_adjustment"":0}]",
751,293,23,3,49127,147381,"[{""name"":""Vừa"",""variant_id"":59,""price_adjustment"":0}]",
752,293,22,3,39139,117417,"[{""name"":""Vừa"",""variant_id"":59,""price_adjustment"":0}]",
753,294,22,3,72050,216150,"[{""name"":""Vừa"",""variant_id"":59,""price_adjustment"":0}]",
754,294,8,2,73989,147978,"[{""name"":""Vừa"",""variant_id"":59,""price_adjustment"":0}]",
755,294,28,2,54320,108640,"[{""name"":""Vừa"",""variant_id"":59,""price_adjustment"":0}]",
756,294,15,2,34794,69588,"[{""name"":""Vừa"",""variant_id"":59,""price_adjustment"":0}]",
757,295,17,3,53745,161235,"[{""name"":""Vừa"",""variant_id"":59,""price_adjustment"":0}]",
758,295,10,3,59908,179724,"[{""name"":""Vừa"",""variant_id"":59,""price_adjustment"":0}]",
759,296,66,2,43987,87974,"[{""name"":""Vừa"",""variant_id"":59,""price_adjustment"":0}]",
760,296,63,3,55822,167466,"[{""name"":""Vừa"",""variant_id"":59,""price_adjustment"":0}]",
761,296,69,2,28699,57398,"[{""name"":""Vừa"",""variant_id"":59,""price_adjustment"":0}]",
762,297,56,3,61525,184575,"[{""name"":""Vừa"",""variant_id"":59,""price_adjustment"":0}]",
763,297,65,1,66771,66771,"[{""name"":""Vừa"",""variant_id"":59,""price_adjustment"":0}]",
764,297,70,2,74242,148484,"[{""name"":""Vừa"",""variant_id"":59,""price_adjustment"":0}]",
765,297,57,2,71925,143850,"[{""name"":""Vừa"",""variant_id"":59,""price_adjustment"":0}]",
766,298,63,2,41827,83654,"[{""name"":""Vừa"",""variant_id"":59,""price_adjustment"":0}]",
767,298,66,3,58365,175095,"[{""name"":""Vừa"",""variant_id"":59,""price_adjustment"":0}]",
768,299,49,1,50266,50266,"[{""name"":""Vừa"",""variant_id"":59,""price_adjustment"":0}]",
769,299,56,3,64542,193626,"[{""name"":""Vừa"",""variant_id"":59,""price_adjustment"":0}]",
770,299,57,3,43964,131892,"[{""name"":""Vừa"",""variant_id"":59,""price_adjustment"":0}]",
771,299,51,1,40323,40323,"[{""name"":""Vừa"",""variant_id"":59,""price_adjustment"":0}]",
772,300,8,1,38588,38588,"[{""name"":""Vừa"",""variant_id"":59,""price_adjustment"":0}]",
773,300,10,2,60731,121462,"[{""name"":""Vừa"",""variant_id"":59,""price_adjustment"":0}]",
774,300,3,3,67091,201273,"[{""name"":""Vừa"",""variant_id"":59,""price_adjustment"":0}]",
775,300,18,3,56816,170448,"[{""name"":""Vừa"",""variant_id"":59,""price_adjustment"":0}]",
776,301,5,2,35045,70090,"[{""name"":""Vừa"",""variant_id"":59,""price_adjustment"":0}]",
777,301,13,3,54742,164226,"[{""name"":""Vừa"",""variant_id"":59,""price_adjustment"":0}]",
778,301,4,1,68959,68959,"[{""name"":""Vừa"",""variant_id"":59,""price_adjustment"":0}]",
779,301,25,2,41826,83652,"[{""name"":""Vừa"",""variant_id"":59,""price_adjustment"":0}]",
780,302,48,2,58144,116288,"[{""name"":""Vừa"",""variant_id"":59,""price_adjustment"":0}]",
781,303,65,1,67314,67314,"[{""name"":""Vừa"",""variant_id"":59,""price_adjustment"":0}]",
782,303,67,2,43526,87052,"[{""name"":""Vừa"",""variant_id"":59,""price_adjustment"":0}]",
783,303,53,1,25261,25261,"[{""name"":""Vừa"",""variant_id"":59,""price_adjustment"":0}]",
784,304,28,3,56526,169578,"[{""name"":""Vừa"",""variant_id"":59,""price_adjustment"":0}]",
785,304,21,2,41375,82750,"[{""name"":""Vừa"",""variant_id"":59,""price_adjustment"":0}]",
786,304,11,2,29882,59764,"[{""name"":""Vừa"",""variant_id"":59,""price_adjustment"":0}]",
787,304,12,2,26285,52570,"[{""name"":""Vừa"",""variant_id"":59,""price_adjustment"":0}]",
788,305,2,3,53697,161091,"[{""name"":""Vừa"",""variant_id"":59,""price_adjustment"":0}]",
789,305,23,3,49312,147936,"[{""name"":""Vừa"",""variant_id"":59,""price_adjustment"":0}]",
790,305,24,1,39139,39139,"[{""name"":""Vừa"",""variant_id"":59,""price_adjustment"":0}]",
791,306,4,3,30573,91719,"[{""name"":""Vừa"",""variant_id"":59,""price_adjustment"":0}]",
792,306,19,1,35219,35219,"[{""name"":""Vừa"",""variant_id"":59,""price_adjustment"":0}]",
793,306,10,2,74217,148434,"[{""name"":""Vừa"",""variant_id"":59,""price_adjustment"":0}]",
794,306,1,1,36498,36498,"[{""name"":""Vừa"",""variant_id"":59,""price_adjustment"":0}]",
795,307,17,2,38364,76728,"[{""name"":""Vừa"",""variant_id"":59,""price_adjustment"":0}]",
796,307,2,2,26166,52332,"[{""name"":""Vừa"",""variant_id"":59,""price_adjustment"":0}]",
797,307,5,1,38562,38562,"[{""name"":""Vừa"",""variant_id"":59,""price_adjustment"":0}]",
798,308,24,2,42874,85748,"[{""name"":""Vừa"",""variant_id"":59,""price_adjustment"":0}]",
799,308,13,1,45057,45057,"[{""name"":""Vừa"",""variant_id"":59,""price_adjustment"":0}]",
800,308,6,2,38695,77390,"[{""name"":""Vừa"",""variant_id"":59,""price_adjustment"":0}]",
801,309,73,2,36236,72472,"[{""name"":""Vừa"",""variant_id"":59,""price_adjustment"":0}]",
802,309,71,2,47876,95752,"[{""name"":""Vừa"",""variant_id"":59,""price_adjustment"":0}]",
803,310,33,1,73201,73201,"[{""name"":""Vừa"",""variant_id"":59,""price_adjustment"":0}]",
804,310,34,1,44423,44423,"[{""name"":""Vừa"",""variant_id"":59,""price_adjustment"":0}]",
805,311,42,2,39843,79686,"[{""name"":""Vừa"",""variant_id"":59,""price_adjustment"":0}]",
806,311,31,3,45081,135243,"[{""name"":""Vừa"",""variant_id"":59,""price_adjustment"":0}]",
807,312,75,1,54450,54450,"[{""name"":""Vừa"",""variant_id"":59,""price_adjustment"":0}]",
808,313,72,1,73671,73671,"[{""name"":""Vừa"",""variant_id"":59,""price_adjustment"":0}]",
809,313,81,3,48790,146370,"[{""name"":""Vừa"",""variant_id"":59,""price_adjustment"":0}]",
810,313,75,3,27113,81339,"[{""name"":""Vừa"",""variant_id"":59,""price_adjustment"":0}]",
811,314,79,3,72529,217587,"[{""name"":""Vừa"",""variant_id"":59,""price_adjustment"":0}]",
812,314,71,1,41549,41549,"[{""name"":""Vừa"",""variant_id"":59,""price_adjustment"":0}]",
813,314,77,2,47925,95850,"[{""name"":""Vừa"",""variant_id"":59,""price_adjustment"":0}]",
814,315,43,1,63526,63526,"[{""name"":""Vừa"",""variant_id"":59,""price_adjustment"":0}]",
815,315,42,3,47058,141174,"[{""name"":""Vừa"",""variant_id"":59,""price_adjustment"":0}]",
816,315,40,3,60591,181773,"[{""name"":""Vừa"",""variant_id"":59,""price_adjustment"":0}]",
817,316,72,3,25263,75789,"[{""name"":""Vừa"",""variant_id"":59,""price_adjustment"":0}]",
818,316,71,1,32183,32183,"[{""name"":""Vừa"",""variant_id"":59,""price_adjustment"":0}]",
819,317,31,1,56548,56548,"[{""name"":""Vừa"",""variant_id"":59,""price_adjustment"":0}]",
820,318,33,1,25316,25316,"[{""name"":""Vừa"",""variant_id"":59,""price_adjustment"":0}]",
821,318,40,3,49075,147225,"[{""name"":""Vừa"",""variant_id"":59,""price_adjustment"":0}]",
822,318,44,3,46224,138672,"[{""name"":""Vừa"",""variant_id"":59,""price_adjustment"":0}]",
823,318,38,3,30577,91731,"[{""name"":""Vừa"",""variant_id"":59,""price_adjustment"":0}]",
824,319,80,1,49481,49481,"[{""name"":""Vừa"",""variant_id"":59,""price_adjustment"":0}]",
825,319,74,1,54511,54511,"[{""name"":""Vừa"",""variant_id"":59,""price_adjustment"":0}]",
826,319,81,3,35716,107148,"[{""name"":""Vừa"",""variant_id"":59,""price_adjustment"":0}]",
827,320,39,2,26459,52918,"[{""name"":""Vừa"",""variant_id"":59,""price_adjustment"":0}]",
828,320,33,1,61803,61803,"[{""name"":""Vừa"",""variant_id"":59,""price_adjustment"":0}]",
829,320,36,2,58133,116266,"[{""name"":""Vừa"",""variant_id"":59,""price_adjustment"":0}]",
830,321,36,1,48901,48901,"[{""name"":""Vừa"",""variant_id"":59,""price_adjustment"":0}]",
831,321,31,1,38482,38482,"[{""name"":""Vừa"",""variant_id"":59,""price_adjustment"":0}]",
832,322,81,1,33671,33671,"[{""name"":""Vừa"",""variant_id"":59,""price_adjustment"":0}]",
833,322,75,2,36394,72788,"[{""name"":""Vừa"",""variant_id"":59,""price_adjustment"":0}]",
834,322,74,1,28008,28008,"[{""name"":""Vừa"",""variant_id"":59,""price_adjustment"":0}]",
835,322,76,2,55822,111644,"[{""name"":""Vừa"",""variant_id"":59,""price_adjustment"":0}]",
836,323,37,3,59654,178962,"[{""name"":""Vừa"",""variant_id"":59,""price_adjustment"":0}]",
837,323,43,2,48117,96234,"[{""name"":""Vừa"",""variant_id"":59,""price_adjustment"":0}]",
838,323,33,2,46048,92096,"[{""name"":""Vừa"",""variant_id"":59,""price_adjustment"":0}]",
839,323,38,3,70095,210285,"[{""name"":""Vừa"",""variant_id"":59,""price_adjustment"":0}]",
840,324,37,1,50871,50871,"[{""name"":""Vừa"",""variant_id"":59,""price_adjustment"":0}]",
841,324,33,3,31755,95265,"[{""name"":""Vừa"",""variant_id"":59,""price_adjustment"":0}]",
842,325,44,2,47046,94092,"[{""name"":""Vừa"",""variant_id"":59,""price_adjustment"":0}]",
843,326,31,3,43194,129582,"[{""name"":""Vừa"",""variant_id"":59,""price_adjustment"":0}]",
844,326,41,1,27949,27949,"[{""name"":""Vừa"",""variant_id"":59,""price_adjustment"":0}]",
845,326,37,2,28268,56536,"[{""name"":""Vừa"",""variant_id"":59,""price_adjustment"":0}]",
846,327,80,2,41977,83954,"[{""name"":""Vừa"",""variant_id"":59,""price_adjustment"":0}]",
847,327,75,1,26965,26965,"[{""name"":""Vừa"",""variant_id"":59,""price_adjustment"":0}]",
848,328,74,3,27615,82845,"[{""name"":""Vừa"",""variant_id"":59,""price_adjustment"":0}]",
849,328,80,1,33193,33193,"[{""name"":""Vừa"",""variant_id"":59,""price_adjustment"":0}]",
850,328,73,3,35121,105363,"[{""name"":""Vừa"",""variant_id"":59,""price_adjustment"":0}]",
851,329,16,2,63386,126772,"[{""name"":""Vừa"",""variant_id"":59,""price_adjustment"":0}]",
852,329,24,2,74592,149184,"[{""name"":""Vừa"",""variant_id"":59,""price_adjustment"":0}]",
853,329,7,3,30154,90462,"[{""name"":""Vừa"",""variant_id"":59,""price_adjustment"":0}]",
854,329,14,3,36622,109866,"[{""name"":""Vừa"",""variant_id"":59,""price_adjustment"":0}]",
855,330,64,3,59822,179466,"[{""name"":""Vừa"",""variant_id"":59,""price_adjustment"":0}]",
856,331,16,3,42001,126003,"[{""name"":""Vừa"",""variant_id"":59,""price_adjustment"":0}]",
857,331,7,2,45046,90092,"[{""name"":""Vừa"",""variant_id"":59,""price_adjustment"":0}]",
858,331,22,2,43212,86424,"[{""name"":""Vừa"",""variant_id"":59,""price_adjustment"":0}]",
859,331,14,2,58650,117300,"[{""name"":""Vừa"",""variant_id"":59,""price_adjustment"":0}]",
860,332,66,2,33975,67950,"[{""name"":""Vừa"",""variant_id"":59,""price_adjustment"":0}]",
861,332,59,1,47903,47903,"[{""name"":""Vừa"",""variant_id"":59,""price_adjustment"":0}]",
862,332,60,3,71135,213405,"[{""name"":""Vừa"",""variant_id"":59,""price_adjustment"":0}]",
863,332,56,3,32077,96231,"[{""name"":""Vừa"",""variant_id"":59,""price_adjustment"":0}]",
864,333,53,1,62518,62518,"[{""name"":""Vừa"",""variant_id"":59,""price_adjustment"":0}]",
865,334,24,3,50075,150225,"[{""name"":""Vừa"",""variant_id"":59,""price_adjustment"":0}]",
866,334,26,3,64673,194019,"[{""name"":""Vừa"",""variant_id"":59,""price_adjustment"":0}]",
867,334,3,3,38243,114729,"[{""name"":""Vừa"",""variant_id"":59,""price_adjustment"":0}]",
868,335,55,3,47825,143475,"[{""name"":""Vừa"",""variant_id"":59,""price_adjustment"":0}]",
869,335,59,1,32515,32515,"[{""name"":""Vừa"",""variant_id"":59,""price_adjustment"":0}]",
870,336,15,3,41788,125364,"[{""name"":""Vừa"",""variant_id"":59,""price_adjustment"":0}]",
871,336,11,3,40000,120000,"[{""name"":""Vừa"",""variant_id"":59,""price_adjustment"":0}]",
872,336,9,1,42957,42957,"[{""name"":""Vừa"",""variant_id"":59,""price_adjustment"":0}]",
873,337,61,1,31714,31714,"[{""name"":""Vừa"",""variant_id"":59,""price_adjustment"":0}]",
874,338,7,3,73154,219462,"[{""name"":""Vừa"",""variant_id"":59,""price_adjustment"":0}]",
875,338,26,2,49554,99108,"[{""name"":""Vừa"",""variant_id"":59,""price_adjustment"":0}]",
876,339,17,1,53052,53052,"[{""name"":""Vừa"",""variant_id"":59,""price_adjustment"":0}]",
877,340,28,3,39105,117315,"[{""name"":""Vừa"",""variant_id"":59,""price_adjustment"":0}]",
878,340,3,3,45711,137133,"[{""name"":""Vừa"",""variant_id"":59,""price_adjustment"":0}]",
879,341,65,3,55610,166830,"[{""name"":""Vừa"",""variant_id"":59,""price_adjustment"":0}]",
880,342,19,1,36864,36864,"[{""name"":""Vừa"",""variant_id"":59,""price_adjustment"":0}]",
881,342,28,2,51836,103672,"[{""name"":""Vừa"",""variant_id"":59,""price_adjustment"":0}]",
882,342,15,2,29549,59098,"[{""name"":""Vừa"",""variant_id"":59,""price_adjustment"":0}]",
883,343,23,1,26071,26071,"[{""name"":""Vừa"",""variant_id"":59,""price_adjustment"":0}]",
884,343,17,2,58042,116084,"[{""name"":""Vừa"",""variant_id"":59,""price_adjustment"":0}]",
885,343,20,2,50719,101438,"[{""name"":""Vừa"",""variant_id"":59,""price_adjustment"":0}]",
886,343,15,2,25224,50448,"[{""name"":""Vừa"",""variant_id"":59,""price_adjustment"":0}]",
887,344,8,1,53875,53875,"[{""name"":""Vừa"",""variant_id"":59,""price_adjustment"":0}]",
888,344,28,3,29896,89688,"[{""name"":""Vừa"",""variant_id"":59,""price_adjustment"":0}]",
889,344,4,2,61388,122776,"[{""name"":""Vừa"",""variant_id"":59,""price_adjustment"":0}]",
890,344,3,1,43008,43008,"[{""name"":""Vừa"",""variant_id"":59,""price_adjustment"":0}]",
891,345,1,3,40109,120327,"[{""name"":""Vừa"",""variant_id"":59,""price_adjustment"":0}]",
892,345,24,2,66185,132370,"[{""name"":""Vừa"",""variant_id"":59,""price_adjustment"":0}]",
893,345,9,3,66395,199185,"[{""name"":""Vừa"",""variant_id"":59,""price_adjustment"":0}]",
894,345,2,1,26820,26820,"[{""name"":""Vừa"",""variant_id"":59,""price_adjustment"":0}]",
895,346,66,2,25710,51420,"[{""name"":""Vừa"",""variant_id"":59,""price_adjustment"":0}]",
896,346,62,3,41250,123750,"[{""name"":""Vừa"",""variant_id"":59,""price_adjustment"":0}]",
897,346,60,1,66717,66717,"[{""name"":""Vừa"",""variant_id"":59,""price_adjustment"":0}]",
898,346,64,1,72524,72524,"[{""name"":""Vừa"",""variant_id"":59,""price_adjustment"":0}]",
899,347,12,3,53435,160305,"[{""name"":""Vừa"",""variant_id"":59,""price_adjustment"":0}]",
900,347,22,3,57590,172770,"[{""name"":""Vừa"",""variant_id"":59,""price_adjustment"":0}]",
901,347,66,1,30338,30338,"[{""name"":""Vừa"",""variant_id"":59,""price_adjustment"":0}]",
902,348,3,1,69418,69418,"[{""name"":""Vừa"",""variant_id"":59,""price_adjustment"":0}]",
903,348,38,3,57833,173499,"[{""name"":""Vừa"",""variant_id"":59,""price_adjustment"":0}]",
904,348,58,3,45195,135585,"[{""name"":""Vừa"",""variant_id"":59,""price_adjustment"":0}]",
905,348,57,1,29460,29460,"[{""name"":""Vừa"",""variant_id"":59,""price_adjustment"":0}]",
906,349,28,2,25401,50802,"[{""name"":""Vừa"",""variant_id"":59,""price_adjustment"":0}]",
907,349,74,2,43538,87076,"[{""name"":""Vừa"",""variant_id"":59,""price_adjustment"":0}]",
908,349,9,3,68892,206676,"[{""name"":""Vừa"",""variant_id"":59,""price_adjustment"":0}]",
909,349,57,3,74817,224451,"[{""name"":""Vừa"",""variant_id"":59,""price_adjustment"":0}]",
910,350,36,1,51373,51373,"[{""name"":""Vừa"",""variant_id"":59,""price_adjustment"":0}]",
911,350,31,2,71068,142136,"[{""name"":""Vừa"",""variant_id"":59,""price_adjustment"":0}]",
912,351,62,3,69534,208602,"[{""name"":""Vừa"",""variant_id"":59,""price_adjustment"":0}]",
913,351,37,1,62862,62862,"[{""name"":""Vừa"",""variant_id"":59,""price_adjustment"":0}]",
914,351,5,1,51595,51595,"[{""name"":""Vừa"",""variant_id"":59,""price_adjustment"":0}]",
915,352,60,1,43506,43506,"[{""name"":""Vừa"",""variant_id"":59,""price_adjustment"":0}]",
916,352,39,1,58662,58662,"[{""name"":""Vừa"",""variant_id"":59,""price_adjustment"":0}]",
917,353,49,3,49734,149202,"[{""name"":""Vừa"",""variant_id"":59,""price_adjustment"":0}]",
918,353,72,3,28349,85047,"[{""name"":""Vừa"",""variant_id"":59,""price_adjustment"":0}]",
919,353,59,3,25852,77556,"[{""name"":""Vừa"",""variant_id"":59,""price_adjustment"":0}]",
920,353,60,2,46050,92100,"[{""name"":""Vừa"",""variant_id"":59,""price_adjustment"":0}]",
921,354,38,1,49127,49127,"[{""name"":""Vừa"",""variant_id"":59,""price_adjustment"":0}]",
922,354,37,1,25938,25938,"[{""name"":""Vừa"",""variant_id"":59,""price_adjustment"":0}]",
923,354,40,2,28891,57782,"[{""name"":""Vừa"",""variant_id"":59,""price_adjustment"":0}]",
924,354,32,3,73366,220098,"[{""name"":""Vừa"",""variant_id"":59,""price_adjustment"":0}]",
925,355,34,1,29962,29962,"[{""name"":""Vừa"",""variant_id"":59,""price_adjustment"":0}]",
926,356,81,2,39445,78890,"[{""name"":""Vừa"",""variant_id"":59,""price_adjustment"":0}]",
927,356,72,2,61884,123768,"[{""name"":""Vừa"",""variant_id"":59,""price_adjustment"":0}]",
928,357,79,1,30688,30688,"[{""name"":""Vừa"",""variant_id"":59,""price_adjustment"":0}]",
929,357,77,2,54117,108234,"[{""name"":""Vừa"",""variant_id"":59,""price_adjustment"":0}]",
930,357,80,1,39876,39876,"[{""name"":""Vừa"",""variant_id"":59,""price_adjustment"":0}]",
931,357,76,3,28174,84522,"[{""name"":""Vừa"",""variant_id"":59,""price_adjustment"":0}]",
932,358,71,3,26315,78945,"[{""name"":""Vừa"",""variant_id"":59,""price_adjustment"":0}]",
933,358,75,3,45547,136641,"[{""name"":""Vừa"",""variant_id"":59,""price_adjustment"":0}]",
934,358,79,2,46431,92862,"[{""name"":""Vừa"",""variant_id"":59,""price_adjustment"":0}]",
935,359,44,2,26992,53984,"[{""name"":""Vừa"",""variant_id"":59,""price_adjustment"":0}]",
936,359,39,1,29972,29972,"[{""name"":""Vừa"",""variant_id"":59,""price_adjustment"":0}]",
937,360,43,2,46553,93106,"[{""name"":""Vừa"",""variant_id"":59,""price_adjustment"":0}]",
938,360,31,2,61995,123990,"[{""name"":""Vừa"",""variant_id"":59,""price_adjustment"":0}]",
939,360,37,3,66478,199434,"[{""name"":""Vừa"",""variant_id"":59,""price_adjustment"":0}]",
940,360,44,3,53792,161376,"[{""name"":""Vừa"",""variant_id"":59,""price_adjustment"":0}]",
941,361,34,2,56259,112518,"[{""name"":""Vừa"",""variant_id"":59,""price_adjustment"":0}]",
942,361,36,3,48370,145110,"[{""name"":""Vừa"",""variant_id"":59,""price_adjustment"":0}]",
943,362,37,2,42854,85708,"[{""name"":""Vừa"",""variant_id"":59,""price_adjustment"":0}]",
944,362,29,1,74867,74867,"[{""name"":""Vừa"",""variant_id"":59,""price_adjustment"":0}]",
945,363,31,3,36701,110103,"[{""name"":""Vừa"",""variant_id"":59,""price_adjustment"":0}]",
946,363,41,1,46476,46476,"[{""name"":""Vừa"",""variant_id"":59,""price_adjustment"":0}]",
947,363,43,3,32583,97749,"[{""name"":""Vừa"",""variant_id"":59,""price_adjustment"":0}]",
948,363,39,3,70403,211209,"[{""name"":""Vừa"",""variant_id"":59,""price_adjustment"":0}]",
949,364,24,3,30331,90993,"[{""name"":""Vừa"",""variant_id"":59,""price_adjustment"":0}]",
950,364,12,2,54977,109954,"[{""name"":""Vừa"",""variant_id"":59,""price_adjustment"":0}]",
951,364,7,3,43100,129300,"[{""name"":""Vừa"",""variant_id"":59,""price_adjustment"":0}]",
952,365,23,2,60414,120828,"[{""name"":""Vừa"",""variant_id"":59,""price_adjustment"":0}]",
953,366,53,2,46860,93720,"[{""name"":""Vừa"",""variant_id"":59,""price_adjustment"":0}]",
954,366,49,3,53843,161529,"[{""name"":""Vừa"",""variant_id"":59,""price_adjustment"":0}]",
955,366,59,3,70806,212418,"[{""name"":""Vừa"",""variant_id"":59,""price_adjustment"":0}]",
956,366,63,1,62167,62167,"[{""name"":""Vừa"",""variant_id"":59,""price_adjustment"":0}]",
957,367,12,1,38289,38289,"[{""name"":""Vừa"",""variant_id"":59,""price_adjustment"":0}]",
958,367,25,2,46489,92978,"[{""name"":""Vừa"",""variant_id"":59,""price_adjustment"":0}]",
959,368,5,2,65910,131820,"[{""name"":""Vừa"",""variant_id"":59,""price_adjustment"":0}]",
960,368,24,2,70016,140032,"[{""name"":""Vừa"",""variant_id"":59,""price_adjustment"":0}]",
961,368,19,1,52271,52271,"[{""name"":""Vừa"",""variant_id"":59,""price_adjustment"":0}]",
962,369,22,1,54179,54179,"[{""name"":""Vừa"",""variant_id"":59,""price_adjustment"":0}]",
963,369,3,3,46910,140730,"[{""name"":""Vừa"",""variant_id"":59,""price_adjustment"":0}]",
964,369,24,2,28797,57594,"[{""name"":""Vừa"",""variant_id"":59,""price_adjustment"":0}]",
965,369,14,1,29092,29092,"[{""name"":""Vừa"",""variant_id"":59,""price_adjustment"":0}]",
966,370,9,1,55028,55028,"[{""name"":""Vừa"",""variant_id"":59,""price_adjustment"":0}]",
967,370,15,3,40883,122649,"[{""name"":""Vừa"",""variant_id"":59,""price_adjustment"":0}]",
968,371,11,2,39119,78238,"[{""name"":""Vừa"",""variant_id"":59,""price_adjustment"":0}]",
969,371,5,1,61225,61225,"[{""name"":""Vừa"",""variant_id"":59,""price_adjustment"":0}]",
970,371,3,2,32240,64480,"[{""name"":""Vừa"",""variant_id"":59,""price_adjustment"":0}]",
971,372,70,2,63604,127208,"[{""name"":""Vừa"",""variant_id"":59,""price_adjustment"":0}]",
972,372,52,1,65453,65453,"[{""name"":""Vừa"",""variant_id"":59,""price_adjustment"":0}]",
973,372,67,1,53130,53130,"[{""name"":""Vừa"",""variant_id"":59,""price_adjustment"":0}]",
974,372,49,2,29298,58596,"[{""name"":""Vừa"",""variant_id"":59,""price_adjustment"":0}]",
975,373,2,1,27034,27034,"[{""name"":""Vừa"",""variant_id"":59,""price_adjustment"":0}]",
976,373,5,1,65852,65852,"[{""name"":""Vừa"",""variant_id"":59,""price_adjustment"":0}]",
977,373,10,2,54792,109584,"[{""name"":""Vừa"",""variant_id"":59,""price_adjustment"":0}]",
978,373,25,2,28400,56800,"[{""name"":""Vừa"",""variant_id"":59,""price_adjustment"":0}]",
979,374,14,1,29062,29062,"[{""name"":""Vừa"",""variant_id"":59,""price_adjustment"":0}]",
980,374,17,3,33615,100845,"[{""name"":""Vừa"",""variant_id"":59,""price_adjustment"":0}]",
981,374,10,1,36958,36958,"[{""name"":""Vừa"",""variant_id"":59,""price_adjustment"":0}]",
982,375,20,1,54971,54971,"[{""name"":""Vừa"",""variant_id"":59,""price_adjustment"":0}]",
983,375,23,3,45579,136737,"[{""name"":""Vừa"",""variant_id"":59,""price_adjustment"":0}]",
984,375,24,1,73464,73464,"[{""name"":""Vừa"",""variant_id"":59,""price_adjustment"":0}]",
985,375,2,1,53397,53397,"[{""name"":""Vừa"",""variant_id"":59,""price_adjustment"":0}]",
986,376,52,2,33291,66582,"[{""name"":""Vừa"",""variant_id"":59,""price_adjustment"":0}]",
987,377,40,1,35957,35957,"[{""name"":""Vừa"",""variant_id"":59,""price_adjustment"":0}]",
988,377,32,3,26267,78801,"[{""name"":""Vừa"",""variant_id"":59,""price_adjustment"":0}]",
989,377,36,3,26703,80109,"[{""name"":""Vừa"",""variant_id"":59,""price_adjustment"":0}]",
990,378,42,2,46229,92458,"[{""name"":""Vừa"",""variant_id"":59,""price_adjustment"":0}]",
991,378,29,2,71548,143096,"[{""name"":""Vừa"",""variant_id"":59,""price_adjustment"":0}]",
992,378,39,2,60696,121392,"[{""name"":""Vừa"",""variant_id"":59,""price_adjustment"":0}]",
993,378,33,1,42521,42521,"[{""name"":""Vừa"",""variant_id"":59,""price_adjustment"":0}]",
994,379,35,2,27136,54272,"[{""name"":""Vừa"",""variant_id"":59,""price_adjustment"":0}]",
995,379,29,2,30794,61588,"[{""name"":""Vừa"",""variant_id"":59,""price_adjustment"":0}]",
996,379,32,1,28678,28678,"[{""name"":""Vừa"",""variant_id"":59,""price_adjustment"":0}]",
997,379,31,1,32696,32696,"[{""name"":""Vừa"",""variant_id"":59,""price_adjustment"":0}]",
998,380,39,3,72740,218220,"[{""name"":""Vừa"",""variant_id"":59,""price_adjustment"":0}]",
999,380,33,3,47197,141591,"[{""name"":""Vừa"",""variant_id"":59,""price_adjustment"":0}]",
1000,380,30,3,48930,146790,"[{""name"":""Vừa"",""variant_id"":59,""price_adjustment"":0}]",
1001,380,31,1,28686,28686,"[{""name"":""Vừa"",""variant_id"":59,""price_adjustment"":0}]",
1002,381,71,1,25097,25097,"[{""name"":""Vừa"",""variant_id"":59,""price_adjustment"":0}]",
1003,381,76,2,59327,118654,"[{""name"":""Vừa"",""variant_id"":59,""price_adjustment"":0}]",
1004,382,74,1,52746,52746,"[{""name"":""Vừa"",""variant_id"":59,""price_adjustment"":0}]",
1005,382,75,3,38187,114561,"[{""name"":""Vừa"",""variant_id"":59,""price_adjustment"":0}]",
1006,382,78,2,26318,52636,"[{""name"":""Vừa"",""variant_id"":59,""price_adjustment"":0}]",
1007,382,71,1,55767,55767,"[{""name"":""Vừa"",""variant_id"":59,""price_adjustment"":0}]",
1008,383,29,1,34255,34255,"[{""name"":""Vừa"",""variant_id"":59,""price_adjustment"":0}]",
1009,384,29,3,46165,138495,"[{""name"":""Vừa"",""variant_id"":59,""price_adjustment"":0}]",
1010,385,39,3,57368,172104,"[{""name"":""Vừa"",""variant_id"":59,""price_adjustment"":0}]",
1011,385,43,2,69478,138956,"[{""name"":""Vừa"",""variant_id"":59,""price_adjustment"":0}]",
1012,386,81,1,67398,67398,"[{""name"":""Vừa"",""variant_id"":59,""price_adjustment"":0}]",
1013,386,71,3,61702,185106,"[{""name"":""Vừa"",""variant_id"":59,""price_adjustment"":0}]",
1014,387,76,2,57890,115780,"[{""name"":""Vừa"",""variant_id"":59,""price_adjustment"":0}]",
1015,387,79,1,53321,53321,"[{""name"":""Vừa"",""variant_id"":59,""price_adjustment"":0}]",
1016,388,81,3,44531,133593,"[{""name"":""Vừa"",""variant_id"":59,""price_adjustment"":0}]",
1017,389,26,3,51766,155298,"[{""name"":""Vừa"",""variant_id"":59,""price_adjustment"":0}]",
1018,389,1,3,45963,137889,"[{""name"":""Vừa"",""variant_id"":59,""price_adjustment"":0}]",
1019,389,4,1,54691,54691,"[{""name"":""Vừa"",""variant_id"":59,""price_adjustment"":0}]",
1020,389,24,3,46582,139746,"[{""name"":""Vừa"",""variant_id"":59,""price_adjustment"":0}]",
1021,390,22,2,41875,83750,"[{""name"":""Vừa"",""variant_id"":59,""price_adjustment"":0}]",
1022,390,7,1,45029,45029,"[{""name"":""Vừa"",""variant_id"":59,""price_adjustment"":0}]",
1023,390,6,2,69126,138252,"[{""name"":""Vừa"",""variant_id"":59,""price_adjustment"":0}]",
1024,390,4,2,46023,92046,"[{""name"":""Vừa"",""variant_id"":59,""price_adjustment"":0}]",
1025,391,17,3,59827,179481,"[{""name"":""Vừa"",""variant_id"":59,""price_adjustment"":0}]",
1026,391,22,2,68337,136674,"[{""name"":""Vừa"",""variant_id"":59,""price_adjustment"":0}]",
1027,392,10,3,67693,203079,"[{""name"":""Vừa"",""variant_id"":59,""price_adjustment"":0}]",
1028,392,6,1,32189,32189,"[{""name"":""Vừa"",""variant_id"":59,""price_adjustment"":0}]",
1029,392,4,2,42238,84476,"[{""name"":""Vừa"",""variant_id"":59,""price_adjustment"":0}]",
1030,392,11,3,32054,96162,"[{""name"":""Vừa"",""variant_id"":59,""price_adjustment"":0}]",
1031,393,8,2,40368,80736,"[{""name"":""Vừa"",""variant_id"":59,""price_adjustment"":0}]",
1032,394,6,3,65058,195174,"[{""name"":""Vừa"",""variant_id"":59,""price_adjustment"":0}]",
1033,395,65,2,39874,79748,"[{""name"":""Vừa"",""variant_id"":59,""price_adjustment"":0}]",
1034,395,50,2,64307,128614,"[{""name"":""Vừa"",""variant_id"":59,""price_adjustment"":0}]",
1035,395,57,2,25145,50290,"[{""name"":""Vừa"",""variant_id"":59,""price_adjustment"":0}]",
1036,395,69,3,68417,205251,"[{""name"":""Vừa"",""variant_id"":59,""price_adjustment"":0}]",
1037,396,10,1,50704,50704,"[{""name"":""Vừa"",""variant_id"":59,""price_adjustment"":0}]",
1038,396,5,2,60065,120130,"[{""name"":""Vừa"",""variant_id"":59,""price_adjustment"":0}]",
1039,396,7,1,59188,59188,"[{""name"":""Vừa"",""variant_id"":59,""price_adjustment"":0}]",
1040,396,2,3,50984,152952,"[{""name"":""Vừa"",""variant_id"":59,""price_adjustment"":0}]",
1041,397,61,1,29452,29452,"[{""name"":""Vừa"",""variant_id"":59,""price_adjustment"":0}]",
1042,397,47,3,29142,87426,"[{""name"":""Vừa"",""variant_id"":59,""price_adjustment"":0}]",
1043,397,67,1,26382,26382,"[{""name"":""Vừa"",""variant_id"":59,""price_adjustment"":0}]",
1044,398,15,3,43754,131262,"[{""name"":""Vừa"",""variant_id"":59,""price_adjustment"":0}]",
1045,399,57,2,73869,147738,"[{""name"":""Vừa"",""variant_id"":59,""price_adjustment"":0}]",
1046,399,62,2,26779,53558,"[{""name"":""Vừa"",""variant_id"":59,""price_adjustment"":0}]",
1047,399,63,1,56147,56147,"[{""name"":""Vừa"",""variant_id"":59,""price_adjustment"":0}]",
1048,399,64,2,74720,149440,"[{""name"":""Vừa"",""variant_id"":59,""price_adjustment"":0}]",
1049,400,7,2,42262,84524,"[{""name"":""Vừa"",""variant_id"":59,""price_adjustment"":0}]",
1050,400,1,3,32883,98649,"[{""name"":""Vừa"",""variant_id"":59,""price_adjustment"":0}]",
1051,401,21,2,32787,65574,"[{""name"":""Vừa"",""variant_id"":59,""price_adjustment"":0}]",
1052,401,8,2,59757,119514,"[{""name"":""Vừa"",""variant_id"":59,""price_adjustment"":0}]",
1053,401,24,2,44172,88344,"[{""name"":""Vừa"",""variant_id"":59,""price_adjustment"":0}]",
1054,401,27,1,66656,66656,"[{""name"":""Vừa"",""variant_id"":59,""price_adjustment"":0}]",
1055,402,16,2,33850,67700,"[{""name"":""Vừa"",""variant_id"":59,""price_adjustment"":0}]",
1056,402,17,1,55286,55286,"[{""name"":""Vừa"",""variant_id"":59,""price_adjustment"":0}]",
1057,403,6,2,42504,85008,"[{""name"":""Vừa"",""variant_id"":59,""price_adjustment"":0}]",
1058,403,11,2,26940,53880,"[{""name"":""Vừa"",""variant_id"":59,""price_adjustment"":0}]",
1059,404,59,1,63742,63742,"[{""name"":""Vừa"",""variant_id"":59,""price_adjustment"":0}]",
1060,404,50,1,57415,57415,"[{""name"":""Vừa"",""variant_id"":59,""price_adjustment"":0}]",
1061,405,20,3,43213,129639,"[{""name"":""Vừa"",""variant_id"":59,""price_adjustment"":0}]",
1062,406,59,3,31547,94641,"[{""name"":""Vừa"",""variant_id"":59,""price_adjustment"":0}]",
1063,407,50,3,58498,175494,"[{""name"":""Vừa"",""variant_id"":59,""price_adjustment"":0}]",
1064,407,66,2,27248,54496,"[{""name"":""Vừa"",""variant_id"":59,""price_adjustment"":0}]",
1065,407,47,3,62636,187908,"[{""name"":""Vừa"",""variant_id"":59,""price_adjustment"":0}]",
1066,408,66,1,59689,59689,"[{""name"":""Vừa"",""variant_id"":59,""price_adjustment"":0}]",
1067,408,67,1,68442,68442,"[{""name"":""Vừa"",""variant_id"":59,""price_adjustment"":0}]",
1068,408,50,1,32803,32803,"[{""name"":""Vừa"",""variant_id"":59,""price_adjustment"":0}]",
1069,408,56,1,38781,38781,"[{""name"":""Vừa"",""variant_id"":59,""price_adjustment"":0}]",
1070,409,23,3,55627,166881,"[{""name"":""Vừa"",""variant_id"":59,""price_adjustment"":0}]",
1071,409,17,1,73970,73970,"[{""name"":""Vừa"",""variant_id"":59,""price_adjustment"":0}]",
1072,410,23,1,57080,57080,"[{""name"":""Vừa"",""variant_id"":59,""price_adjustment"":0}]",
1073,410,6,3,42275,126825,"[{""name"":""Vừa"",""variant_id"":59,""price_adjustment"":0}]",
1074,411,26,2,36915,73830,"[{""name"":""Vừa"",""variant_id"":59,""price_adjustment"":0}]",
1075,411,8,1,55785,55785,"[{""name"":""Vừa"",""variant_id"":59,""price_adjustment"":0}]",
1076,412,35,1,71557,71557,"[{""name"":""Vừa"",""variant_id"":59,""price_adjustment"":0}]",
1077,412,70,1,63682,63682,"[{""name"":""Vừa"",""variant_id"":59,""price_adjustment"":0}]",
1078,413,20,3,62016,186048,"[{""name"":""Vừa"",""variant_id"":59,""price_adjustment"":0}]",
1079,413,49,2,61903,123806,"[{""name"":""Vừa"",""variant_id"":59,""price_adjustment"":0}]",
1080,413,6,1,64383,64383,"[{""name"":""Vừa"",""variant_id"":59,""price_adjustment"":0}]",
1081,413,33,2,43927,87854,"[{""name"":""Vừa"",""variant_id"":59,""price_adjustment"":0}]",
1082,414,4,2,50886,101772,"[{""name"":""Vừa"",""variant_id"":59,""price_adjustment"":0}]",
1083,415,71,1,28504,28504,"[{""name"":""Vừa"",""variant_id"":59,""price_adjustment"":0}]",
1084,415,28,1,27097,27097,"[{""name"":""Vừa"",""variant_id"":59,""price_adjustment"":0}]",
1085,415,73,2,57349,114698,"[{""name"":""Vừa"",""variant_id"":59,""price_adjustment"":0}]",
1086,416,74,3,26206,78618,"[{""name"":""Vừa"",""variant_id"":59,""price_adjustment"":0}]",
1087,416,19,3,37315,111945,"[{""name"":""Vừa"",""variant_id"":59,""price_adjustment"":0}]",
1088,416,71,1,34770,34770,"[{""name"":""Vừa"",""variant_id"":59,""price_adjustment"":0}]",
1089,417,35,3,73022,219066,"[{""name"":""Vừa"",""variant_id"":59,""price_adjustment"":0}]",
1090,417,73,1,61902,61902,"[{""name"":""Vừa"",""variant_id"":59,""price_adjustment"":0}]",
1091,418,9,1,51966,51966,"[{""name"":""Vừa"",""variant_id"":59,""price_adjustment"":0}]",
1092,418,36,2,48972,97944,"[{""name"":""Vừa"",""variant_id"":59,""price_adjustment"":0}]",
1093,419,17,2,56289,112578,"[{""name"":""Vừa"",""variant_id"":59,""price_adjustment"":0}]",
1094,419,62,2,72904,145808,"[{""name"":""Vừa"",""variant_id"":59,""price_adjustment"":0}]",
1095,419,38,2,39024,78048,"[{""name"":""Vừa"",""variant_id"":59,""price_adjustment"":0}]",
1096,419,67,3,49587,148761,"[{""name"":""Vừa"",""variant_id"":59,""price_adjustment"":0}]",
1097,420,13,3,28365,85095,"[{""name"":""Vừa"",""variant_id"":59,""price_adjustment"":0}]",
1098,420,61,1,30477,30477,"[{""name"":""Vừa"",""variant_id"":59,""price_adjustment"":0}]",
1099,420,51,2,68142,136284,"[{""name"":""Vừa"",""variant_id"":59,""price_adjustment"":0}]",
1100,420,20,3,41729,125187,"[{""name"":""Vừa"",""variant_id"":59,""price_adjustment"":0}]",
1101,421,8,1,64741,64741,"[{""name"":""Vừa"",""variant_id"":59,""price_adjustment"":0}]",
1102,421,16,2,39776,79552,"[{""name"":""Vừa"",""variant_id"":59,""price_adjustment"":0}]",
1103,422,36,2,51385,102770,"[{""name"":""Vừa"",""variant_id"":59,""price_adjustment"":0}]",
1104,422,2,2,43583,87166,"[{""name"":""Vừa"",""variant_id"":59,""price_adjustment"":0}]",
1105,422,60,3,51445,154335,"[{""name"":""Vừa"",""variant_id"":59,""price_adjustment"":0}]",
1106,422,53,3,73379,220137,"[{""name"":""Vừa"",""variant_id"":59,""price_adjustment"":0}]",
1107,423,28,3,52460,157380,"[{""name"":""Vừa"",""variant_id"":59,""price_adjustment"":0}]",
1108,424,10,3,58004,174012,"[{""name"":""Vừa"",""variant_id"":59,""price_adjustment"":0}]",
1109,424,9,3,44873,134619,"[{""name"":""Vừa"",""variant_id"":59,""price_adjustment"":0}]",
1110,424,4,3,32594,97782,"[{""name"":""Vừa"",""variant_id"":59,""price_adjustment"":0}]",
1111,425,48,3,53653,160959,"[{""name"":""Vừa"",""variant_id"":59,""price_adjustment"":0}]",
1112,425,58,3,34820,104460,"[{""name"":""Vừa"",""variant_id"":59,""price_adjustment"":0}]",
1113,425,65,1,59144,59144,"[{""name"":""Vừa"",""variant_id"":59,""price_adjustment"":0}]",
1114,426,3,1,45764,45764,"[{""name"":""Vừa"",""variant_id"":59,""price_adjustment"":0}]",
1115,426,7,2,56188,112376,"[{""name"":""Vừa"",""variant_id"":59,""price_adjustment"":0}]",
1116,426,14,2,41342,82684,"[{""name"":""Vừa"",""variant_id"":59,""price_adjustment"":0}]",
1117,427,4,3,42198,126594,"[{""name"":""Vừa"",""variant_id"":59,""price_adjustment"":0}]",
1118,428,27,3,59881,179643,"[{""name"":""Vừa"",""variant_id"":59,""price_adjustment"":0}]",
1119,428,2,1,67177,67177,"[{""name"":""Vừa"",""variant_id"":59,""price_adjustment"":0}]",
1120,428,8,1,31744,31744,"[{""name"":""Vừa"",""variant_id"":59,""price_adjustment"":0}]",
1121,428,13,2,61737,123474,"[{""name"":""Vừa"",""variant_id"":59,""price_adjustment"":0}]",
1122,429,1,3,55622,166866,"[{""name"":""Vừa"",""variant_id"":59,""price_adjustment"":0}]",
1123,430,19,2,44423,88846,"[{""name"":""Vừa"",""variant_id"":59,""price_adjustment"":0}]",
1124,431,58,2,51144,102288,"[{""name"":""Vừa"",""variant_id"":59,""price_adjustment"":0}]",
1125,431,64,3,48344,145032,"[{""name"":""Vừa"",""variant_id"":59,""price_adjustment"":0}]",
1126,431,48,2,63509,127018,"[{""name"":""Vừa"",""variant_id"":59,""price_adjustment"":0}]",
1127,432,62,3,46816,140448,"[{""name"":""Vừa"",""variant_id"":59,""price_adjustment"":0}]",
1128,432,68,1,68846,68846,"[{""name"":""Vừa"",""variant_id"":59,""price_adjustment"":0}]",
1129,432,56,2,44660,89320,"[{""name"":""Vừa"",""variant_id"":59,""price_adjustment"":0}]",
1130,433,62,1,33859,33859,"[{""name"":""Vừa"",""variant_id"":59,""price_adjustment"":0}]",
1131,433,56,1,65264,65264,"[{""name"":""Vừa"",""variant_id"":59,""price_adjustment"":0}]",
1132,434,21,2,52668,105336,"[{""name"":""Vừa"",""variant_id"":59,""price_adjustment"":0}]",
1133,434,8,1,42540,42540,"[{""name"":""Vừa"",""variant_id"":59,""price_adjustment"":0}]",
1134,434,27,1,58907,58907,"[{""name"":""Vừa"",""variant_id"":59,""price_adjustment"":0}]",
1135,435,77,1,54780,54780,"[{""name"":""Vừa"",""variant_id"":59,""price_adjustment"":0}]",
1136,436,73,3,61613,184839,"[{""name"":""Vừa"",""variant_id"":59,""price_adjustment"":0}]",
1137,437,39,2,54675,109350,"[{""name"":""Vừa"",""variant_id"":59,""price_adjustment"":0}]",
1138,437,38,3,34450,103350,"[{""name"":""Vừa"",""variant_id"":59,""price_adjustment"":0}]",
1139,438,76,2,55509,111018,"[{""name"":""Vừa"",""variant_id"":59,""price_adjustment"":0}]",
1140,438,75,3,26420,79260,"[{""name"":""Vừa"",""variant_id"":59,""price_adjustment"":0}]",
1141,439,34,2,62823,125646,"[{""name"":""Vừa"",""variant_id"":59,""price_adjustment"":0}]",
1142,439,38,2,45800,91600,"[{""name"":""Vừa"",""variant_id"":59,""price_adjustment"":0}]",
1143,439,39,2,59735,119470,"[{""name"":""Vừa"",""variant_id"":59,""price_adjustment"":0}]",
1144,439,35,2,29376,58752,"[{""name"":""Vừa"",""variant_id"":59,""price_adjustment"":0}]",
1145,440,44,1,35749,35749,"[{""name"":""Vừa"",""variant_id"":59,""price_adjustment"":0}]",
1146,440,39,1,53785,53785,"[{""name"":""Vừa"",""variant_id"":59,""price_adjustment"":0}]",
1147,440,31,1,52155,52155,"[{""name"":""Vừa"",""variant_id"":59,""price_adjustment"":0}]",
1148,440,38,3,59510,178530,"[{""name"":""Vừa"",""variant_id"":59,""price_adjustment"":0}]",
1149,441,44,2,38076,76152,"[{""name"":""Vừa"",""variant_id"":59,""price_adjustment"":0}]",
1150,442,80,1,50242,50242,"[{""name"":""Vừa"",""variant_id"":59,""price_adjustment"":0}]",
1151,442,79,3,42750,128250,"[{""name"":""Vừa"",""variant_id"":59,""price_adjustment"":0}]",
1152,442,73,3,64302,192906,"[{""name"":""Vừa"",""variant_id"":59,""price_adjustment"":0}]",
1153,443,35,2,66986,133972,"[{""name"":""Vừa"",""variant_id"":59,""price_adjustment"":0}]",
1154,443,38,3,66929,200787,"[{""name"":""Vừa"",""variant_id"":59,""price_adjustment"":0}]",
1155,443,44,1,67814,67814,"[{""name"":""Vừa"",""variant_id"":59,""price_adjustment"":0}]",
1156,444,9,1,49928,49928,"[{""name"":""Vừa"",""variant_id"":59,""price_adjustment"":0}]",
1157,445,19,2,61540,123080,"[{""name"":""Vừa"",""variant_id"":59,""price_adjustment"":0}]",
1158,445,42,2,49168,98336,"[{""name"":""Vừa"",""variant_id"":59,""price_adjustment"":0}]",
1159,445,51,2,44489,88978,"[{""name"":""Vừa"",""variant_id"":59,""price_adjustment"":0}]",
1160,446,57,1,71981,71981,"[{""name"":""Vừa"",""variant_id"":59,""price_adjustment"":0}]",
1161,446,27,2,50736,101472,"[{""name"":""Vừa"",""variant_id"":59,""price_adjustment"":0}]",
1162,446,3,3,33214,99642,"[{""name"":""Vừa"",""variant_id"":59,""price_adjustment"":0}]",
1163,447,5,2,28437,56874,"[{""name"":""Vừa"",""variant_id"":59,""price_adjustment"":0}]",
1164,448,24,3,44413,133239,"[{""name"":""Vừa"",""variant_id"":59,""price_adjustment"":0}]",
1165,448,79,2,39702,79404,"[{""name"":""Vừa"",""variant_id"":59,""price_adjustment"":0}]",
1166,448,71,1,53029,53029,"[{""name"":""Vừa"",""variant_id"":59,""price_adjustment"":0}]",
1167,449,3,1,55757,55757,"[{""name"":""Vừa"",""variant_id"":59,""price_adjustment"":0}]",
1168,449,10,1,55938,55938,"[{""name"":""Vừa"",""variant_id"":59,""price_adjustment"":0}]",
1169,449,2,2,53363,106726,"[{""name"":""Vừa"",""variant_id"":59,""price_adjustment"":0}]",
1170,450,70,2,25381,50762,"[{""name"":""Vừa"",""variant_id"":59,""price_adjustment"":0}]",
1171,450,66,2,56269,112538,"[{""name"":""Vừa"",""variant_id"":59,""price_adjustment"":0}]",
1172,450,56,1,66879,66879,"[{""name"":""Vừa"",""variant_id"":59,""price_adjustment"":0}]",
1173,451,22,1,70700,70700,"[{""name"":""Vừa"",""variant_id"":59,""price_adjustment"":0}]",
1174,451,9,2,60240,120480,"[{""name"":""Vừa"",""variant_id"":59,""price_adjustment"":0}]",
1175,451,2,1,64220,64220,"[{""name"":""Vừa"",""variant_id"":59,""price_adjustment"":0}]",
1176,452,23,2,55199,110398,"[{""name"":""Vừa"",""variant_id"":59,""price_adjustment"":0}]",
1177,452,20,1,74413,74413,"[{""name"":""Vừa"",""variant_id"":59,""price_adjustment"":0}]",
1178,452,5,2,71033,142066,"[{""name"":""Vừa"",""variant_id"":59,""price_adjustment"":0}]",
1179,452,10,3,48408,145224,"[{""name"":""Vừa"",""variant_id"":59,""price_adjustment"":0}]",
1180,453,10,1,43482,43482,"[{""name"":""Vừa"",""variant_id"":59,""price_adjustment"":0}]",
1181,453,25,2,47507,95014,"[{""name"":""Vừa"",""variant_id"":59,""price_adjustment"":0}]",
1182,453,9,2,57973,115946,"[{""name"":""Vừa"",""variant_id"":59,""price_adjustment"":0}]",
1183,454,25,2,44417,88834,"[{""name"":""Vừa"",""variant_id"":59,""price_adjustment"":0}]",
1184,454,18,3,47395,142185,"[{""name"":""Vừa"",""variant_id"":59,""price_adjustment"":0}]",
1185,455,21,2,35162,70324,"[{""name"":""Vừa"",""variant_id"":59,""price_adjustment"":0}]",
1186,456,53,3,29651,88953,"[{""name"":""Vừa"",""variant_id"":59,""price_adjustment"":0}]",
1187,456,50,2,44649,89298,"[{""name"":""Vừa"",""variant_id"":59,""price_adjustment"":0}]",
1188,456,48,1,55580,55580,"[{""name"":""Vừa"",""variant_id"":59,""price_adjustment"":0}]",
1189,457,20,3,59095,177285,"[{""name"":""Vừa"",""variant_id"":59,""price_adjustment"":0}]",
1190,457,25,1,71488,71488,"[{""name"":""Vừa"",""variant_id"":59,""price_adjustment"":0}]",
1191,457,1,2,56641,113282,"[{""name"":""Vừa"",""variant_id"":59,""price_adjustment"":0}]",
1192,458,28,1,34211,34211,"[{""name"":""Vừa"",""variant_id"":59,""price_adjustment"":0}]",
1193,459,27,3,45040,135120,"[{""name"":""Vừa"",""variant_id"":59,""price_adjustment"":0}]",
1194,459,22,1,43810,43810,"[{""name"":""Vừa"",""variant_id"":59,""price_adjustment"":0}]",
1195,460,59,1,58819,58819,"[{""name"":""Vừa"",""variant_id"":59,""price_adjustment"":0}]",
1196,460,70,2,74881,149762,"[{""name"":""Vừa"",""variant_id"":59,""price_adjustment"":0}]",
1197,460,55,1,36782,36782,"[{""name"":""Vừa"",""variant_id"":59,""price_adjustment"":0}]",
1198,460,66,2,47104,94208,"[{""name"":""Vừa"",""variant_id"":59,""price_adjustment"":0}]",
1199,461,23,3,71539,214617,"[{""name"":""Vừa"",""variant_id"":59,""price_adjustment"":0}]",
1200,461,11,2,43474,86948,"[{""name"":""Vừa"",""variant_id"":59,""price_adjustment"":0}]",
1201,462,24,2,28588,57176,"[{""name"":""Vừa"",""variant_id"":59,""price_adjustment"":0}]",
1202,463,65,3,35965,107895,"[{""name"":""Vừa"",""variant_id"":59,""price_adjustment"":0}]",
1203,463,57,3,64633,193899,"[{""name"":""Vừa"",""variant_id"":59,""price_adjustment"":0}]",
1204,463,63,2,55593,111186,"[{""name"":""Vừa"",""variant_id"":59,""price_adjustment"":0}]",
1205,464,67,3,53258,159774,"[{""name"":""Vừa"",""variant_id"":59,""price_adjustment"":0}]",
1206,464,58,2,44460,88920,"[{""name"":""Vừa"",""variant_id"":59,""price_adjustment"":0}]",
1207,465,68,2,49553,99106,"[{""name"":""Vừa"",""variant_id"":59,""price_adjustment"":0}]",
1208,465,55,2,28847,57694,"[{""name"":""Vừa"",""variant_id"":59,""price_adjustment"":0}]",
1209,465,47,1,72588,72588,"[{""name"":""Vừa"",""variant_id"":59,""price_adjustment"":0}]",
1210,465,51,1,29156,29156,"[{""name"":""Vừa"",""variant_id"":59,""price_adjustment"":0}]",
1211,466,52,3,69561,208683,"[{""name"":""Vừa"",""variant_id"":59,""price_adjustment"":0}]",
1212,466,60,3,65254,195762,"[{""name"":""Vừa"",""variant_id"":59,""price_adjustment"":0}]",
1213,467,63,2,56724,113448,"[{""name"":""Vừa"",""variant_id"":59,""price_adjustment"":0}]",
1214,468,4,3,67278,201834,"[{""name"":""Vừa"",""variant_id"":59,""price_adjustment"":0}]",
1215,469,5,2,60553,121106,"[{""name"":""Vừa"",""variant_id"":59,""price_adjustment"":0}]",
1216,469,9,3,35079,105237,"[{""name"":""Vừa"",""variant_id"":59,""price_adjustment"":0}]",
1217,469,17,3,65072,195216,"[{""name"":""Vừa"",""variant_id"":59,""price_adjustment"":0}]",
1218,469,8,1,72923,72923,"[{""name"":""Vừa"",""variant_id"":59,""price_adjustment"":0}]",
1219,470,62,1,62493,62493,"[{""name"":""Vừa"",""variant_id"":59,""price_adjustment"":0}]",
1220,470,50,2,34003,68006,"[{""name"":""Vừa"",""variant_id"":59,""price_adjustment"":0}]",
1221,470,49,2,62063,124126,"[{""name"":""Vừa"",""variant_id"":59,""price_adjustment"":0}]",
1222,470,64,3,72113,216339,"[{""name"":""Vừa"",""variant_id"":59,""price_adjustment"":0}]",
1223,471,43,1,35696,35696,"[{""name"":""Vừa"",""variant_id"":59,""price_adjustment"":0}]",
1224,471,42,2,37271,74542,"[{""name"":""Vừa"",""variant_id"":59,""price_adjustment"":0}]",
1225,472,35,1,47315,47315,"[{""name"":""Vừa"",""variant_id"":59,""price_adjustment"":0}]",
1226,472,38,3,60357,181071,"[{""name"":""Vừa"",""variant_id"":59,""price_adjustment"":0}]",
1227,472,44,3,74801,224403,"[{""name"":""Vừa"",""variant_id"":59,""price_adjustment"":0}]",
1228,472,31,1,41710,41710,"[{""name"":""Vừa"",""variant_id"":59,""price_adjustment"":0}]",
1229,473,71,1,42168,42168,"[{""name"":""Vừa"",""variant_id"":59,""price_adjustment"":0}]",
1230,473,81,2,70545,141090,"[{""name"":""Vừa"",""variant_id"":59,""price_adjustment"":0}]",
1231,473,73,2,25522,51044,"[{""name"":""Vừa"",""variant_id"":59,""price_adjustment"":0}]",
1232,474,79,1,63377,63377,"[{""name"":""Vừa"",""variant_id"":59,""price_adjustment"":0}]",
1233,474,71,3,32746,98238,"[{""name"":""Vừa"",""variant_id"":59,""price_adjustment"":0}]",
1234,474,74,1,67016,67016,"[{""name"":""Vừa"",""variant_id"":59,""price_adjustment"":0}]",
1235,474,80,2,72062,144124,"[{""name"":""Vừa"",""variant_id"":59,""price_adjustment"":0}]",
1236,475,44,3,45225,135675,"[{""name"":""Vừa"",""variant_id"":59,""price_adjustment"":0}]",
1237,475,36,3,46876,140628,"[{""name"":""Vừa"",""variant_id"":59,""price_adjustment"":0}]",
1238,476,29,3,34992,104976,"[{""name"":""Vừa"",""variant_id"":59,""price_adjustment"":0}]",
1239,476,31,2,70021,140042,"[{""name"":""Vừa"",""variant_id"":59,""price_adjustment"":0}]",
1240,477,78,3,49412,148236,"[{""name"":""Vừa"",""variant_id"":59,""price_adjustment"":0}]",
1241,477,75,2,31753,63506,"[{""name"":""Vừa"",""variant_id"":59,""price_adjustment"":0}]",
1242,478,31,1,66264,66264,"[{""name"":""Vừa"",""variant_id"":59,""price_adjustment"":0}]",
1243,478,41,1,39696,39696,"[{""name"":""Vừa"",""variant_id"":59,""price_adjustment"":0}]",
1244,478,37,2,58246,116492,"[{""name"":""Vừa"",""variant_id"":59,""price_adjustment"":0}]",
1245,478,38,2,62068,124136,"[{""name"":""Vừa"",""variant_id"":59,""price_adjustment"":0}]",
1246,479,43,1,26495,26495,"[{""name"":""Vừa"",""variant_id"":59,""price_adjustment"":0}]",
1247,480,44,2,48436,96872,"[{""name"":""Vừa"",""variant_id"":59,""price_adjustment"":0}]",
1248,480,40,3,50264,150792,"[{""name"":""Vừa"",""variant_id"":59,""price_adjustment"":0}]",
1249,481,39,2,49007,98014,"[{""name"":""Vừa"",""variant_id"":59,""price_adjustment"":0}]",
1250,481,44,2,26149,52298,"[{""name"":""Vừa"",""variant_id"":59,""price_adjustment"":0}]",
1251,481,32,1,72317,72317,"[{""name"":""Vừa"",""variant_id"":59,""price_adjustment"":0}]",
1252,482,72,2,73460,146920,"[{""name"":""Vừa"",""variant_id"":59,""price_adjustment"":0}]",
1253,483,74,1,48126,48126,"[{""name"":""Vừa"",""variant_id"":59,""price_adjustment"":0}]",
1254,483,78,3,60626,181878,"[{""name"":""Vừa"",""variant_id"":59,""price_adjustment"":0}]",
1255,483,75,2,42908,85816,"[{""name"":""Vừa"",""variant_id"":59,""price_adjustment"":0}]",
1256,483,81,2,48641,97282,"[{""name"":""Vừa"",""variant_id"":59,""price_adjustment"":0}]",
1257,484,30,1,27112,27112,"[{""name"":""Vừa"",""variant_id"":59,""price_adjustment"":0}]",
1258,484,41,1,30719,30719,"[{""name"":""Vừa"",""variant_id"":59,""price_adjustment"":0}]",
1259,485,77,1,43601,43601,"[{""name"":""Vừa"",""variant_id"":59,""price_adjustment"":0}]",
1260,485,76,3,31460,94380,"[{""name"":""Vừa"",""variant_id"":59,""price_adjustment"":0}]",
1261,486,10,3,44944,134832,"[{""name"":""Vừa"",""variant_id"":59,""price_adjustment"":0}]",
1262,487,21,2,37928,75856,"[{""name"":""Vừa"",""variant_id"":59,""price_adjustment"":0}]",
1263,487,18,2,59352,118704,"[{""name"":""Vừa"",""variant_id"":59,""price_adjustment"":0}]",
1264,487,27,1,27489,27489,"[{""name"":""Vừa"",""variant_id"":59,""price_adjustment"":0}]",
1265,487,12,2,43039,86078,"[{""name"":""Vừa"",""variant_id"":59,""price_adjustment"":0}]",
1266,488,25,2,57889,115778,"[{""name"":""Vừa"",""variant_id"":59,""price_adjustment"":0}]",
1267,488,22,3,52682,158046,"[{""name"":""Vừa"",""variant_id"":59,""price_adjustment"":0}]",
1268,489,16,1,74218,74218,"[{""name"":""Vừa"",""variant_id"":59,""price_adjustment"":0}]",
1269,489,10,2,69917,139834,"[{""name"":""Vừa"",""variant_id"":59,""price_adjustment"":0}]",
1270,490,25,1,64144,64144,"[{""name"":""Vừa"",""variant_id"":59,""price_adjustment"":0}]",
1271,490,4,3,31212,93636,"[{""name"":""Vừa"",""variant_id"":59,""price_adjustment"":0}]",
1272,490,9,3,28257,84771,"[{""name"":""Vừa"",""variant_id"":59,""price_adjustment"":0}]",
1273,491,5,1,29322,29322,"[{""name"":""Vừa"",""variant_id"":59,""price_adjustment"":0}]",
1274,491,14,3,26677,80031,"[{""name"":""Vừa"",""variant_id"":59,""price_adjustment"":0}]",
1275,492,1,3,53983,161949,"[{""name"":""Vừa"",""variant_id"":59,""price_adjustment"":0}]",
1276,492,11,3,57225,171675,"[{""name"":""Vừa"",""variant_id"":59,""price_adjustment"":0}]",
1277,492,9,3,48814,146442,"[{""name"":""Vừa"",""variant_id"":59,""price_adjustment"":0}]",
1278,492,6,1,61879,61879,"[{""name"":""Vừa"",""variant_id"":59,""price_adjustment"":0}]",
1279,493,26,1,61139,61139,"[{""name"":""Vừa"",""variant_id"":59,""price_adjustment"":0}]",
1280,493,11,3,27691,83073,"[{""name"":""Vừa"",""variant_id"":59,""price_adjustment"":0}]",
1281,493,19,1,66637,66637,"[{""name"":""Vừa"",""variant_id"":59,""price_adjustment"":0}]",
1282,494,22,3,27009,81027,"[{""name"":""Vừa"",""variant_id"":59,""price_adjustment"":0}]",
1283,494,23,2,53099,106198,"[{""name"":""Vừa"",""variant_id"":59,""price_adjustment"":0}]",
1284,494,10,1,31252,31252,"[{""name"":""Vừa"",""variant_id"":59,""price_adjustment"":0}]",
1285,494,14,2,68827,137654,"[{""name"":""Vừa"",""variant_id"":59,""price_adjustment"":0}]",
1286,495,16,1,68363,68363,"[{""name"":""Vừa"",""variant_id"":59,""price_adjustment"":0}]",
1287,495,22,1,57421,57421,"[{""name"":""Vừa"",""variant_id"":59,""price_adjustment"":0}]",
1288,495,5,3,61103,183309,"[{""name"":""Vừa"",""variant_id"":59,""price_adjustment"":0}]",
1289,496,24,2,68096,136192,"[{""name"":""Vừa"",""variant_id"":59,""price_adjustment"":0}]",
1290,496,2,3,64807,194421,"[{""name"":""Vừa"",""variant_id"":59,""price_adjustment"":0}]",
1291,496,26,2,36186,72372,"[{""name"":""Vừa"",""variant_id"":59,""price_adjustment"":0}]",
1292,496,21,3,74023,222069,"[{""name"":""Vừa"",""variant_id"":59,""price_adjustment"":0}]",
1293,497,27,3,28687,86061,"[{""name"":""Vừa"",""variant_id"":59,""price_adjustment"":0}]",
1294,497,8,3,58056,174168,"[{""name"":""Vừa"",""variant_id"":59,""price_adjustment"":0}]",
1295,497,21,2,61392,122784,"[{""name"":""Vừa"",""variant_id"":59,""price_adjustment"":0}]",
1296,498,11,3,47773,143319,"[{""name"":""Vừa"",""variant_id"":59,""price_adjustment"":0}]",
1297,499,23,2,33379,66758,"[{""name"":""Vừa"",""variant_id"":59,""price_adjustment"":0}]",
1298,499,8,2,29988,59976,"[{""name"":""Vừa"",""variant_id"":59,""price_adjustment"":0}]",
1299,499,17,2,28668,57336,"[{""name"":""Vừa"",""variant_id"":59,""price_adjustment"":0}]",
1300,499,22,1,41672,41672,"[{""name"":""Vừa"",""variant_id"":59,""price_adjustment"":0}]",
1301,500,27,3,71057,213171,"[{""name"":""Vừa"",""variant_id"":59,""price_adjustment"":0}]",
1302,500,22,2,33406,66812,"[{""name"":""Vừa"",""variant_id"":59,""price_adjustment"":0}]",
1303,501,3,1,41151,41151,"[{""name"":""Vừa"",""variant_id"":59,""price_adjustment"":0}]",
1304,501,27,3,71117,213351,"[{""name"":""Vừa"",""variant_id"":59,""price_adjustment"":0}]",
1305,501,13,3,52567,157701,"[{""name"":""Vừa"",""variant_id"":59,""price_adjustment"":0}]",
1306,502,16,1,62856,62856,"[{""name"":""Vừa"",""variant_id"":59,""price_adjustment"":0}]",
1307,503,26,1,26775,26775,"[{""name"":""Vừa"",""variant_id"":59,""price_adjustment"":0}]",
1308,503,14,3,69386,208158,"[{""name"":""Vừa"",""variant_id"":59,""price_adjustment"":0}]",
1309,504,13,1,59026,59026,"[{""name"":""Vừa"",""variant_id"":59,""price_adjustment"":0}]",
1310,504,22,1,34071,34071,"[{""name"":""Vừa"",""variant_id"":59,""price_adjustment"":0}]",
1311,504,10,2,32145,64290,"[{""name"":""Vừa"",""variant_id"":59,""price_adjustment"":0}]",
1312,505,68,2,44602,89204,"[{""name"":""Vừa"",""variant_id"":59,""price_adjustment"":0}]",
1313,505,54,2,55812,111624,"[{""name"":""Vừa"",""variant_id"":59,""price_adjustment"":0}]",
1314,506,13,2,50821,101642,"[{""name"":""Vừa"",""variant_id"":59,""price_adjustment"":0}]",
1315,506,23,1,61548,61548,"[{""name"":""Vừa"",""variant_id"":59,""price_adjustment"":0}]",
1316,506,15,3,74957,224871,"[{""name"":""Vừa"",""variant_id"":59,""price_adjustment"":0}]",
1317,507,10,1,42635,42635,"[{""name"":""Vừa"",""variant_id"":59,""price_adjustment"":0}]",
1318,507,2,3,48120,144360,"[{""name"":""Vừa"",""variant_id"":59,""price_adjustment"":0}]",
1319,508,11,1,68948,68948,"[{""name"":""Vừa"",""variant_id"":59,""price_adjustment"":0}]",
1320,508,6,3,46657,139971,"[{""name"":""Vừa"",""variant_id"":59,""price_adjustment"":0}]",
1321,509,14,1,62501,62501,"[{""name"":""Vừa"",""variant_id"":59,""price_adjustment"":0}]",
1322,509,17,2,68339,136678,"[{""name"":""Vừa"",""variant_id"":59,""price_adjustment"":0}]",
1323,510,61,2,42983,85966,"[{""name"":""Vừa"",""variant_id"":59,""price_adjustment"":0}]",
1324,510,40,3,42726,128178,"[{""name"":""Vừa"",""variant_id"":59,""price_adjustment"":0}]",
1325,511,11,2,53900,107800,"[{""name"":""Vừa"",""variant_id"":59,""price_adjustment"":0}]",
1326,511,32,3,59989,179967,"[{""name"":""Vừa"",""variant_id"":59,""price_adjustment"":0}]",
1327,511,56,3,37478,112434,"[{""name"":""Vừa"",""variant_id"":59,""price_adjustment"":0}]",
1328,511,4,3,42807,128421,"[{""name"":""Vừa"",""variant_id"":59,""price_adjustment"":0}]",
1329,512,53,1,34623,34623,"[{""name"":""Vừa"",""variant_id"":59,""price_adjustment"":0}]",
1330,512,39,1,61377,61377,"[{""name"":""Vừa"",""variant_id"":59,""price_adjustment"":0}]",
1331,512,54,2,31268,62536,"[{""name"":""Vừa"",""variant_id"":59,""price_adjustment"":0}]",
1332,513,9,1,70486,70486,"[{""name"":""Vừa"",""variant_id"":59,""price_adjustment"":0}]",
1333,513,80,2,56355,112710,"[{""name"":""Vừa"",""variant_id"":59,""price_adjustment"":0}]",
1334,513,79,2,31397,62794,"[{""name"":""Vừa"",""variant_id"":59,""price_adjustment"":0}]",
1335,514,40,2,40613,81226,"[{""name"":""Vừa"",""variant_id"":59,""price_adjustment"":0}]",
1336,514,53,3,55481,166443,"[{""name"":""Vừa"",""variant_id"":59,""price_adjustment"":0}]",
1337,515,26,3,31986,95958,"[{""name"":""Vừa"",""variant_id"":59,""price_adjustment"":0}]",
1338,515,72,3,50077,150231,"[{""name"":""Vừa"",""variant_id"":59,""price_adjustment"":0}]",
1339,515,1,2,72517,145034,"[{""name"":""Vừa"",""variant_id"":59,""price_adjustment"":0}]",
1340,515,74,2,53723,107446,"[{""name"":""Vừa"",""variant_id"":59,""price_adjustment"":0}]",
1341,516,27,3,28458,85374,"[{""name"":""Vừa"",""variant_id"":59,""price_adjustment"":0}]",
1342,516,22,3,34758,104274,"[{""name"":""Vừa"",""variant_id"":59,""price_adjustment"":0}]",
1343,516,23,3,36778,110334,"[{""name"":""Vừa"",""variant_id"":59,""price_adjustment"":0}]",
1344,516,58,2,33779,67558,"[{""name"":""Vừa"",""variant_id"":59,""price_adjustment"":0}]",
1345,517,57,3,69656,208968,"[{""name"":""Vừa"",""variant_id"":59,""price_adjustment"":0}]",
1346,518,50,1,54687,54687,"[{""name"":""Vừa"",""variant_id"":59,""price_adjustment"":0}]",
1347,518,25,2,28323,56646,"[{""name"":""Vừa"",""variant_id"":59,""price_adjustment"":0}]",
1348,519,8,2,46885,93770,"[{""name"":""Vừa"",""variant_id"":59,""price_adjustment"":0}]",
1349,519,79,1,29647,29647,"[{""name"":""Vừa"",""variant_id"":59,""price_adjustment"":0}]",
1350,519,31,3,35411,106233,"[{""name"":""Vừa"",""variant_id"":59,""price_adjustment"":0}]",
1351,520,51,2,71382,142764,"[{""name"":""Vừa"",""variant_id"":59,""price_adjustment"":0}]",
1352,520,77,2,30342,60684,"[{""name"":""Vừa"",""variant_id"":59,""price_adjustment"":0}]",
1353,520,48,1,63116,63116,"[{""name"":""Vừa"",""variant_id"":59,""price_adjustment"":0}]",
1354,520,9,3,47224,141672,"[{""name"":""Vừa"",""variant_id"":59,""price_adjustment"":0}]",
1355,521,30,3,56802,170406,"[{""name"":""Vừa"",""variant_id"":59,""price_adjustment"":0}]",
1356,521,27,1,69263,69263,"[{""name"":""Vừa"",""variant_id"":59,""price_adjustment"":0}]",
1357,521,6,2,43486,86972,"[{""name"":""Vừa"",""variant_id"":59,""price_adjustment"":0}]",
1358,522,44,1,60100,60100,"[{""name"":""Vừa"",""variant_id"":59,""price_adjustment"":0}]",
1359,522,68,2,59443,118886,"[{""name"":""Vừa"",""variant_id"":59,""price_adjustment"":0}]",
1360,522,39,3,36212,108636,"[{""name"":""Vừa"",""variant_id"":59,""price_adjustment"":0}]",
1361,522,2,2,32566,65132,"[{""name"":""Vừa"",""variant_id"":59,""price_adjustment"":0}]",
1362,523,81,2,52332,104664,"[{""name"":""Vừa"",""variant_id"":59,""price_adjustment"":0}]",
1363,524,33,2,65052,130104,"[{""name"":""Vừa"",""variant_id"":59,""price_adjustment"":0}]",
1364,524,19,2,55760,111520,"[{""name"":""Vừa"",""variant_id"":59,""price_adjustment"":0}]",
1365,525,7,1,70077,70077,"[{""name"":""Vừa"",""variant_id"":59,""price_adjustment"":0}]",
1366,525,17,2,55062,110124,"[{""name"":""Vừa"",""variant_id"":59,""price_adjustment"":0}]",
1367,525,3,3,50161,150483,"[{""name"":""Vừa"",""variant_id"":59,""price_adjustment"":0}]",
1368,526,8,3,37235,111705,"[{""name"":""Vừa"",""variant_id"":59,""price_adjustment"":0}]",
1369,527,3,3,43969,131907,"[{""name"":""Vừa"",""variant_id"":59,""price_adjustment"":0}]",
1370,528,48,1,64035,64035,"[{""name"":""Vừa"",""variant_id"":59,""price_adjustment"":0}]",
1371,528,56,1,60346,60346,"[{""name"":""Vừa"",""variant_id"":59,""price_adjustment"":0}]",
1372,529,12,2,47587,95174,"[{""name"":""Vừa"",""variant_id"":59,""price_adjustment"":0}]",
1373,529,8,1,54706,54706,"[{""name"":""Vừa"",""variant_id"":59,""price_adjustment"":0}]",
1374,529,4,1,34335,34335,"[{""name"":""Vừa"",""variant_id"":59,""price_adjustment"":0}]",
1375,530,62,1,42576,42576,"[{""name"":""Vừa"",""variant_id"":59,""price_adjustment"":0}]",
1376,530,50,1,28749,28749,"[{""name"":""Vừa"",""variant_id"":59,""price_adjustment"":0}]",
1377,530,58,1,63229,63229,"[{""name"":""Vừa"",""variant_id"":59,""price_adjustment"":0}]",
1378,530,64,2,50161,100322,"[{""name"":""Vừa"",""variant_id"":59,""price_adjustment"":0}]",
1379,531,47,3,58053,174159,"[{""name"":""Vừa"",""variant_id"":59,""price_adjustment"":0}]",
1380,532,56,2,26675,53350,"[{""name"":""Vừa"",""variant_id"":59,""price_adjustment"":0}]",
1381,533,1,1,72371,72371,"[{""name"":""Vừa"",""variant_id"":59,""price_adjustment"":0}]",
1382,533,3,2,46225,92450,"[{""name"":""Vừa"",""variant_id"":59,""price_adjustment"":0}]",
1383,533,28,2,26804,53608,"[{""name"":""Vừa"",""variant_id"":59,""price_adjustment"":0}]",
1384,534,3,1,73034,73034,"[{""name"":""Vừa"",""variant_id"":59,""price_adjustment"":0}]",
1385,534,25,2,27921,55842,"[{""name"":""Vừa"",""variant_id"":59,""price_adjustment"":0}]",
1386,534,5,1,60147,60147,"[{""name"":""Vừa"",""variant_id"":59,""price_adjustment"":0}]",
1387,534,6,1,65678,65678,"[{""name"":""Vừa"",""variant_id"":59,""price_adjustment"":0}]",
1388,535,57,3,48521,145563,"[{""name"":""Vừa"",""variant_id"":59,""price_adjustment"":0}]",
1389,535,51,1,40541,40541,"[{""name"":""Vừa"",""variant_id"":59,""price_adjustment"":0}]",
1390,536,49,2,71825,143650,"[{""name"":""Vừa"",""variant_id"":59,""price_adjustment"":0}]",
1391,536,62,3,56333,168999,"[{""name"":""Vừa"",""variant_id"":59,""price_adjustment"":0}]",
1392,536,53,1,74854,74854,"[{""name"":""Vừa"",""variant_id"":59,""price_adjustment"":0}]",
1393,537,27,1,64526,64526,"[{""name"":""Vừa"",""variant_id"":59,""price_adjustment"":0}]",
1394,537,8,2,33072,66144,"[{""name"":""Vừa"",""variant_id"":59,""price_adjustment"":0}]",
1395,537,20,1,72142,72142,"[{""name"":""Vừa"",""variant_id"":59,""price_adjustment"":0}]",
1396,537,14,3,33261,99783,"[{""name"":""Vừa"",""variant_id"":59,""price_adjustment"":0}]",
1397,538,66,3,43983,131949,"[{""name"":""Vừa"",""variant_id"":59,""price_adjustment"":0}]",
1398,539,67,3,36680,110040,"[{""name"":""Vừa"",""variant_id"":59,""price_adjustment"":0}]",
1399,539,54,2,29585,59170,"[{""name"":""Vừa"",""variant_id"":59,""price_adjustment"":0}]",
1400,540,28,1,64982,64982,"[{""name"":""Vừa"",""variant_id"":59,""price_adjustment"":0}]",
1401,541,65,3,44079,132237,"[{""name"":""Vừa"",""variant_id"":59,""price_adjustment"":0}]",
1402,541,64,1,35790,35790,"[{""name"":""Vừa"",""variant_id"":59,""price_adjustment"":0}]",
1403,542,65,3,60524,181572,"[{""name"":""Vừa"",""variant_id"":59,""price_adjustment"":0}]",
1404,543,61,2,29462,58924,"[{""name"":""Vừa"",""variant_id"":59,""price_adjustment"":0}]",
1405,543,64,1,33155,33155,"[{""name"":""Vừa"",""variant_id"":59,""price_adjustment"":0}]",
1406,544,50,3,66307,198921,"[{""name"":""Vừa"",""variant_id"":59,""price_adjustment"":0}]",
1407,544,62,1,73146,73146,"[{""name"":""Vừa"",""variant_id"":59,""price_adjustment"":0}]",
1408,545,8,2,44295,88590,"[{""name"":""Vừa"",""variant_id"":59,""price_adjustment"":0}]",
1409,546,28,3,73900,221700,"[{""name"":""Vừa"",""variant_id"":59,""price_adjustment"":0}]",
1410,546,79,1,34325,34325,"[{""name"":""Vừa"",""variant_id"":59,""price_adjustment"":0}]",
1411,546,73,3,69520,208560,"[{""name"":""Vừa"",""variant_id"":59,""price_adjustment"":0}]",
1412,546,26,3,42059,126177,"[{""name"":""Vừa"",""variant_id"":59,""price_adjustment"":0}]",
1413,547,25,3,55169,165507,"[{""name"":""Vừa"",""variant_id"":59,""price_adjustment"":0}]",
1414,548,76,3,26394,79182,"[{""name"":""Vừa"",""variant_id"":59,""price_adjustment"":0}]",
1415,548,36,3,28640,85920,"[{""name"":""Vừa"",""variant_id"":59,""price_adjustment"":0}]",
1416,548,12,3,33867,101601,"[{""name"":""Vừa"",""variant_id"":59,""price_adjustment"":0}]",
1417,548,22,2,53260,106520,"[{""name"":""Vừa"",""variant_id"":59,""price_adjustment"":0}]",
1418,549,66,1,63067,63067,"[{""name"":""Vừa"",""variant_id"":59,""price_adjustment"":0}]",
1419,549,30,3,68143,204429,"[{""name"":""Vừa"",""variant_id"":59,""price_adjustment"":0}]",
1420,549,48,3,43501,130503,"[{""name"":""Vừa"",""variant_id"":59,""price_adjustment"":0}]",
1421,550,14,1,29354,29354,"[{""name"":""Vừa"",""variant_id"":59,""price_adjustment"":0}]",
1422,550,63,1,64603,64603,"[{""name"":""Vừa"",""variant_id"":59,""price_adjustment"":0}]",
1423,551,26,1,62978,62978,"[{""name"":""Vừa"",""variant_id"":59,""price_adjustment"":0}]",
1424,551,51,1,66370,66370,"[{""name"":""Vừa"",""variant_id"":59,""price_adjustment"":0}]",
1425,552,10,1,44797,44797,"[{""name"":""Vừa"",""variant_id"":59,""price_adjustment"":0}]",
1426,552,2,3,43581,130743,"[{""name"":""Vừa"",""variant_id"":59,""price_adjustment"":0}]",
1427,553,28,1,30318,30318,"[{""name"":""Vừa"",""variant_id"":59,""price_adjustment"":0}]",
1428,553,18,1,40699,40699,"[{""name"":""Vừa"",""variant_id"":59,""price_adjustment"":0}]",
1429,553,10,2,39240,78480,"[{""name"":""Vừa"",""variant_id"":59,""price_adjustment"":0}]",
1430,554,58,3,31149,93447,"[{""name"":""Vừa"",""variant_id"":59,""price_adjustment"":0}]",
1431,555,56,3,28734,86202,"[{""name"":""Vừa"",""variant_id"":59,""price_adjustment"":0}]",
1432,555,75,3,73644,220932,"[{""name"":""Vừa"",""variant_id"":59,""price_adjustment"":0}]",
1433,555,19,3,42618,127854,"[{""name"":""Vừa"",""variant_id"":59,""price_adjustment"":0}]",
1434,555,22,3,60152,180456,"[{""name"":""Vừa"",""variant_id"":59,""price_adjustment"":0}]",
1435,556,59,1,25688,25688,"[{""name"":""Vừa"",""variant_id"":59,""price_adjustment"":0}]",
1436,556,30,2,66097,132194,"[{""name"":""Vừa"",""variant_id"":59,""price_adjustment"":0}]",
1437,556,18,3,30646,91938,"[{""name"":""Vừa"",""variant_id"":59,""price_adjustment"":0}]",
1438,556,61,1,54674,54674,"[{""name"":""Vừa"",""variant_id"":59,""price_adjustment"":0}]",
1439,557,65,2,52422,104844,"[{""name"":""Vừa"",""variant_id"":59,""price_adjustment"":0}]",
1440,557,54,2,39745,79490,"[{""name"":""Vừa"",""variant_id"":59,""price_adjustment"":0}]",
1441,557,46,3,46423,139269,"[{""name"":""Vừa"",""variant_id"":59,""price_adjustment"":0}]",
1442,557,7,1,69394,69394,"[{""name"":""Vừa"",""variant_id"":59,""price_adjustment"":0}]",
1443,558,3,3,63597,190791,"[{""name"":""Vừa"",""variant_id"":59,""price_adjustment"":0}]",
1444,558,5,2,62667,125334,"[{""name"":""Vừa"",""variant_id"":59,""price_adjustment"":0}]",
1445,558,12,1,67063,67063,"[{""name"":""Vừa"",""variant_id"":59,""price_adjustment"":0}]",
1446,558,8,2,47915,95830,"[{""name"":""Vừa"",""variant_id"":59,""price_adjustment"":0}]",
1447,559,16,2,48895,97790,"[{""name"":""Vừa"",""variant_id"":59,""price_adjustment"":0}]",
1448,559,4,1,33165,33165,"[{""name"":""Vừa"",""variant_id"":59,""price_adjustment"":0}]",
1449,559,7,3,66138,198414,"[{""name"":""Vừa"",""variant_id"":59,""price_adjustment"":0}]",
1450,560,18,2,46806,93612,"[{""name"":""Vừa"",""variant_id"":59,""price_adjustment"":0}]",
1451,561,28,2,43539,87078,"[{""name"":""Vừa"",""variant_id"":59,""price_adjustment"":0}]",
1452,561,17,2,74902,149804,"[{""name"":""Vừa"",""variant_id"":59,""price_adjustment"":0}]",
1453,561,6,3,27692,83076,"[{""name"":""Vừa"",""variant_id"":59,""price_adjustment"":0}]",
1454,562,21,2,62109,124218,"[{""name"":""Vừa"",""variant_id"":59,""price_adjustment"":0}]",
1455,562,24,2,69967,139934,"[{""name"":""Vừa"",""variant_id"":59,""price_adjustment"":0}]",
1456,562,28,2,44227,88454,"[{""name"":""Vừa"",""variant_id"":59,""price_adjustment"":0}]",
1457,562,1,1,29067,29067,"[{""name"":""Vừa"",""variant_id"":59,""price_adjustment"":0}]",
1458,563,23,3,39752,119256,"[{""name"":""Vừa"",""variant_id"":59,""price_adjustment"":0}]",
1459,564,11,1,68101,68101,"[{""name"":""Vừa"",""variant_id"":59,""price_adjustment"":0}]",
1460,564,19,2,63355,126710,"[{""name"":""Vừa"",""variant_id"":59,""price_adjustment"":0}]",
1461,565,3,3,58041,174123,"[{""name"":""Vừa"",""variant_id"":59,""price_adjustment"":0}]",
1462,566,10,2,45751,91502,"[{""name"":""Vừa"",""variant_id"":59,""price_adjustment"":0}]",
1463,566,20,2,50439,100878,"[{""name"":""Vừa"",""variant_id"":59,""price_adjustment"":0}]",
1464,566,18,3,65659,196977,"[{""name"":""Vừa"",""variant_id"":59,""price_adjustment"":0}]",
1465,566,23,3,41447,124341,"[{""name"":""Vừa"",""variant_id"":59,""price_adjustment"":0}]",
1466,567,57,2,67952,135904,"[{""name"":""Vừa"",""variant_id"":59,""price_adjustment"":0}]",
1467,567,42,3,50657,151971,"[{""name"":""Vừa"",""variant_id"":59,""price_adjustment"":0}]",
1468,567,66,2,46900,93800,"[{""name"":""Vừa"",""variant_id"":59,""price_adjustment"":0}]",
1469,567,25,3,52234,156702,"[{""name"":""Vừa"",""variant_id"":59,""price_adjustment"":0}]",
1470,568,73,3,52504,157512,"[{""name"":""Vừa"",""variant_id"":59,""price_adjustment"":0}]",
1471,568,44,1,55917,55917,"[{""name"":""Vừa"",""variant_id"":59,""price_adjustment"":0}]",
1472,568,27,2,58852,117704,"[{""name"":""Vừa"",""variant_id"":59,""price_adjustment"":0}]",
1473,569,56,1,38499,38499,"[{""name"":""Vừa"",""variant_id"":59,""price_adjustment"":0}]",
1474,569,14,3,34728,104184,"[{""name"":""Vừa"",""variant_id"":59,""price_adjustment"":0}]",
1475,569,40,2,49413,98826,"[{""name"":""Vừa"",""variant_id"":59,""price_adjustment"":0}]",
1476,569,62,2,38437,76874,"[{""name"":""Vừa"",""variant_id"":59,""price_adjustment"":0}]",
1477,570,16,1,27015,27015,"[{""name"":""Vừa"",""variant_id"":59,""price_adjustment"":0}]",
1478,570,45,1,68548,68548,"[{""name"":""Vừa"",""variant_id"":59,""price_adjustment"":0}]",
1479,571,42,1,65064,65064,"[{""name"":""Vừa"",""variant_id"":59,""price_adjustment"":0}]",
1480,571,9,3,28816,86448,"[{""name"":""Vừa"",""variant_id"":59,""price_adjustment"":0}]",
1481,571,26,3,73194,219582,"[{""name"":""Vừa"",""variant_id"":59,""price_adjustment"":0}]",
1482,572,43,1,73408,73408,"[{""name"":""Vừa"",""variant_id"":59,""price_adjustment"":0}]",
1483,572,32,3,28097,84291,"[{""name"":""Vừa"",""variant_id"":59,""price_adjustment"":0}]",
1484,573,68,2,48376,96752,"[{""name"":""Vừa"",""variant_id"":59,""price_adjustment"":0}]",
1485,573,42,3,65164,195492,"[{""name"":""Vừa"",""variant_id"":59,""price_adjustment"":0}]",
1486,573,39,2,44369,88738,"[{""name"":""Vừa"",""variant_id"":59,""price_adjustment"":0}]",
1487,574,50,2,26523,53046,"[{""name"":""Vừa"",""variant_id"":59,""price_adjustment"":0}]",
1488,575,14,2,35641,71282,"[{""name"":""Vừa"",""variant_id"":59,""price_adjustment"":0}]",
1489,576,76,2,67310,134620,"[{""name"":""Vừa"",""variant_id"":59,""price_adjustment"":0}]",
1490,576,58,3,66149,198447,"[{""name"":""Vừa"",""variant_id"":59,""price_adjustment"":0}]",
1491,576,47,1,46560,46560,"[{""name"":""Vừa"",""variant_id"":59,""price_adjustment"":0}]",
1492,576,27,3,27318,81954,"[{""name"":""Vừa"",""variant_id"":59,""price_adjustment"":0}]",
1493,577,59,1,30272,30272,"[{""name"":""Vừa"",""variant_id"":59,""price_adjustment"":0}]",
1494,577,36,1,28206,28206,"[{""name"":""Vừa"",""variant_id"":59,""price_adjustment"":0}]",
1495,577,66,1,42697,42697,"[{""name"":""Vừa"",""variant_id"":59,""price_adjustment"":0}]",
1496,577,27,1,40134,40134,"[{""name"":""Vừa"",""variant_id"":59,""price_adjustment"":0}]",
1497,578,27,2,60365,120730,"[{""name"":""Vừa"",""variant_id"":59,""price_adjustment"":0}]",
1498,578,17,1,42084,42084,"[{""name"":""Vừa"",""variant_id"":59,""price_adjustment"":0}]",
1499,578,43,3,40405,121215,"[{""name"":""Vừa"",""variant_id"":59,""price_adjustment"":0}]",
1500,578,49,3,69637,208911,"[{""name"":""Vừa"",""variant_id"":59,""price_adjustment"":0}]",
1501,579,58,3,26775,80325,"[{""name"":""Vừa"",""variant_id"":59,""price_adjustment"":0}]",
1502,579,48,1,67046,67046,"[{""name"":""Vừa"",""variant_id"":59,""price_adjustment"":0}]",
1503,579,70,2,26645,53290,"[{""name"":""Vừa"",""variant_id"":59,""price_adjustment"":0}]",
1504,579,65,2,70081,140162,"[{""name"":""Vừa"",""variant_id"":59,""price_adjustment"":0}]",
1505,580,69,1,52468,52468,"[{""name"":""Vừa"",""variant_id"":59,""price_adjustment"":0}]",
1506,581,20,3,32032,96096,"[{""name"":""Vừa"",""variant_id"":59,""price_adjustment"":0}]",
1507,581,3,3,63955,191865,"[{""name"":""Vừa"",""variant_id"":59,""price_adjustment"":0}]",
1508,581,4,3,39908,119724,"[{""name"":""Vừa"",""variant_id"":59,""price_adjustment"":0}]",
1509,581,18,1,46917,46917,"[{""name"":""Vừa"",""variant_id"":59,""price_adjustment"":0}]",
1510,582,66,3,62966,188898,"[{""name"":""Vừa"",""variant_id"":59,""price_adjustment"":0}]",
1511,582,70,3,35298,105894,"[{""name"":""Vừa"",""variant_id"":59,""price_adjustment"":0}]",
1512,583,52,1,60547,60547,"[{""name"":""Vừa"",""variant_id"":59,""price_adjustment"":0}]",
1513,583,53,1,51650,51650,"[{""name"":""Vừa"",""variant_id"":59,""price_adjustment"":0}]",
1514,583,47,1,73960,73960,"[{""name"":""Vừa"",""variant_id"":59,""price_adjustment"":0}]",
1515,584,49,1,71361,71361,"[{""name"":""Vừa"",""variant_id"":59,""price_adjustment"":0}]",
1516,584,55,1,39399,39399,"[{""name"":""Vừa"",""variant_id"":59,""price_adjustment"":0}]",
1517,585,51,2,25162,50324,"[{""name"":""Vừa"",""variant_id"":59,""price_adjustment"":0}]",
1518,586,58,1,49358,49358,"[{""name"":""Vừa"",""variant_id"":59,""price_adjustment"":0}]",
1519,586,61,3,67061,201183,"[{""name"":""Vừa"",""variant_id"":59,""price_adjustment"":0}]",
1520,587,21,2,33866,67732,"[{""name"":""Vừa"",""variant_id"":59,""price_adjustment"":0}]",
1521,587,24,1,44004,44004,"[{""name"":""Vừa"",""variant_id"":59,""price_adjustment"":0}]",
1522,587,36,1,27688,27688,"[{""name"":""Vừa"",""variant_id"":59,""price_adjustment"":0}]",
1523,588,41,3,54743,164229,"[{""name"":""Vừa"",""variant_id"":59,""price_adjustment"":0}]",
1524,588,11,1,59360,59360,"[{""name"":""Vừa"",""variant_id"":59,""price_adjustment"":0}]",
1525,589,65,3,70090,210270,"[{""name"":""Vừa"",""variant_id"":59,""price_adjustment"":0}]",
1526,589,56,2,58482,116964,"[{""name"":""Vừa"",""variant_id"":59,""price_adjustment"":0}]",
1527,590,12,3,27821,83463,"[{""name"":""Vừa"",""variant_id"":59,""price_adjustment"":0}]",
1528,590,6,2,67347,134694,"[{""name"":""Vừa"",""variant_id"":59,""price_adjustment"":0}]",
1529,590,17,1,71295,71295,"[{""name"":""Vừa"",""variant_id"":59,""price_adjustment"":0}]",
1530,591,5,3,48530,145590,"[{""name"":""Vừa"",""variant_id"":59,""price_adjustment"":0}]",
1531,591,67,3,68486,205458,"[{""name"":""Vừa"",""variant_id"":59,""price_adjustment"":0}]",
1532,592,57,3,31075,93225,"[{""name"":""Vừa"",""variant_id"":59,""price_adjustment"":0}]",
1533,592,47,1,47925,47925,"[{""name"":""Vừa"",""variant_id"":59,""price_adjustment"":0}]",
1534,592,78,3,62747,188241,"[{""name"":""Vừa"",""variant_id"":59,""price_adjustment"":0}]",
1535,592,59,1,36242,36242,"[{""name"":""Vừa"",""variant_id"":59,""price_adjustment"":0}]",
1536,593,62,2,43800,87600,"[{""name"":""Vừa"",""variant_id"":59,""price_adjustment"":0}]",
1537,593,68,2,41571,83142,"[{""name"":""Vừa"",""variant_id"":59,""price_adjustment"":0}]",
1538,594,71,1,46949,46949,"[{""name"":""Vừa"",""variant_id"":59,""price_adjustment"":0}]",
1539,594,5,1,30713,30713,"[{""name"":""Vừa"",""variant_id"":59,""price_adjustment"":0}]",
1540,594,75,3,71012,213036,"[{""name"":""Vừa"",""variant_id"":59,""price_adjustment"":0}]",
1541,595,50,1,55179,55179,"[{""name"":""Vừa"",""variant_id"":59,""price_adjustment"":0}]",
1542,596,22,2,32643,65286,"[{""name"":""Vừa"",""variant_id"":59,""price_adjustment"":0}]",
1543,596,68,3,40997,122991,"[{""name"":""Vừa"",""variant_id"":59,""price_adjustment"":0}]",
1544,596,75,1,72001,72001,"[{""name"":""Vừa"",""variant_id"":59,""price_adjustment"":0}]",
1545,597,51,3,49483,148449,"[{""name"":""Vừa"",""variant_id"":59,""price_adjustment"":0}]",
1546,597,38,1,60933,60933,"[{""name"":""Vừa"",""variant_id"":59,""price_adjustment"":0}]",
1547,597,52,2,29236,58472,"[{""name"":""Vừa"",""variant_id"":59,""price_adjustment"":0}]",
1548,598,22,3,62052,186156,"[{""name"":""Vừa"",""variant_id"":59,""price_adjustment"":0}]",
1549,598,60,1,26611,26611,"[{""name"":""Vừa"",""variant_id"":59,""price_adjustment"":0}]",
1550,598,38,2,38591,77182,"[{""name"":""Vừa"",""variant_id"":59,""price_adjustment"":0}]",
1551,598,57,1,66523,66523,"[{""name"":""Vừa"",""variant_id"":59,""price_adjustment"":0}]",
1552,599,64,1,50385,50385,"[{""name"":""Vừa"",""variant_id"":59,""price_adjustment"":0}]",
1553,599,1,3,58843,176529,"[{""name"":""Vừa"",""variant_id"":59,""price_adjustment"":0}]",
1554,599,61,1,67511,67511,"[{""name"":""Vừa"",""variant_id"":59,""price_adjustment"":0}]",
1555,599,75,2,29721,59442,"[{""name"":""Vừa"",""variant_id"":59,""price_adjustment"":0}]",
1556,600,13,2,55095,110190,"[{""name"":""Vừa"",""variant_id"":59,""price_adjustment"":0}]",
1557,600,35,3,65754,197262,"[{""name"":""Vừa"",""variant_id"":59,""price_adjustment"":0}]",
1558,600,72,1,36725,36725,"[{""name"":""Vừa"",""variant_id"":59,""price_adjustment"":0}]",
1559,600,30,1,27078,27078,"[{""name"":""Vừa"",""variant_id"":59,""price_adjustment"":0}]",
1560,601,2,3,57045,171135,"[{""name"":""Vừa"",""variant_id"":59,""price_adjustment"":0}]",
1561,601,3,2,42758,85516,"[{""name"":""Vừa"",""variant_id"":59,""price_adjustment"":0}]",
1562,601,53,3,63150,189450,"[{""name"":""Vừa"",""variant_id"":59,""price_adjustment"":0}]",
1563,601,15,1,65815,65815,"[{""name"":""Vừa"",""variant_id"":59,""price_adjustment"":0}]",
1564,602,64,2,71878,143756,"[{""name"":""Vừa"",""variant_id"":59,""price_adjustment"":0}]",
1565,602,63,2,42338,84676,"[{""name"":""Vừa"",""variant_id"":59,""price_adjustment"":0}]",
1566,602,52,1,41000,41000,"[{""name"":""Vừa"",""variant_id"":59,""price_adjustment"":0}]",
1567,602,49,3,27903,83709,"[{""name"":""Vừa"",""variant_id"":59,""price_adjustment"":0}]",
1568,603,17,3,73459,220377,"[{""name"":""Vừa"",""variant_id"":59,""price_adjustment"":0}]",
1569,604,18,3,42231,126693,"[{""name"":""Vừa"",""variant_id"":59,""price_adjustment"":0}]",
1570,604,19,2,36475,72950,"[{""name"":""Vừa"",""variant_id"":59,""price_adjustment"":0}]",
1571,604,9,3,61381,184143,"[{""name"":""Vừa"",""variant_id"":59,""price_adjustment"":0}]",
1572,604,12,2,35059,70118,"[{""name"":""Vừa"",""variant_id"":59,""price_adjustment"":0}]",
1573,605,9,2,45803,91606,"[{""name"":""Vừa"",""variant_id"":59,""price_adjustment"":0}]",
1574,606,16,3,72157,216471,"[{""name"":""Vừa"",""variant_id"":59,""price_adjustment"":0}]",
1575,606,12,2,26968,53936,"[{""name"":""Vừa"",""variant_id"":59,""price_adjustment"":0}]",
1576,607,3,3,71099,213297,"[{""name"":""Vừa"",""variant_id"":59,""price_adjustment"":0}]",
1577,607,17,2,34521,69042,"[{""name"":""Vừa"",""variant_id"":59,""price_adjustment"":0}]",
1578,607,7,2,46984,93968,"[{""name"":""Vừa"",""variant_id"":59,""price_adjustment"":0}]",
1579,608,18,3,67516,202548,"[{""name"":""Vừa"",""variant_id"":59,""price_adjustment"":0}]",
1580,609,1,2,55526,111052,"[{""name"":""Vừa"",""variant_id"":59,""price_adjustment"":0}]",
1581,609,15,1,63459,63459,"[{""name"":""Vừa"",""variant_id"":59,""price_adjustment"":0}]",
1582,609,27,3,62965,188895,"[{""name"":""Vừa"",""variant_id"":59,""price_adjustment"":0}]",
1583,610,20,2,37603,75206,"[{""name"":""Vừa"",""variant_id"":59,""price_adjustment"":0}]",
1584,610,2,2,66291,132582,"[{""name"":""Vừa"",""variant_id"":59,""price_adjustment"":0}]",
1585,610,11,3,50998,152994,"[{""name"":""Vừa"",""variant_id"":59,""price_adjustment"":0}]",
1586,610,19,3,26393,79179,"[{""name"":""Vừa"",""variant_id"":59,""price_adjustment"":0}]",
1587,611,73,1,33568,33568,"[{""name"":""Vừa"",""variant_id"":59,""price_adjustment"":0}]",
1588,611,72,1,28727,28727,"[{""name"":""Vừa"",""variant_id"":59,""price_adjustment"":0}]",
1589,611,76,2,50623,101246,"[{""name"":""Vừa"",""variant_id"":59,""price_adjustment"":0}]",
1590,612,29,3,45761,137283,"[{""name"":""Vừa"",""variant_id"":59,""price_adjustment"":0}]",
1591,613,71,2,25538,51076,"[{""name"":""Vừa"",""variant_id"":59,""price_adjustment"":0}]",
1592,613,78,1,42098,42098,"[{""name"":""Vừa"",""variant_id"":59,""price_adjustment"":0}]",
1593,614,40,1,27754,27754,"[{""name"":""Vừa"",""variant_id"":59,""price_adjustment"":0}]",
1594,614,35,3,72839,218517,"[{""name"":""Vừa"",""variant_id"":59,""price_adjustment"":0}]",
1595,614,37,3,33303,99909,"[{""name"":""Vừa"",""variant_id"":59,""price_adjustment"":0}]",
1596,614,32,2,62635,125270,"[{""name"":""Vừa"",""variant_id"":59,""price_adjustment"":0}]",
1597,615,34,1,38602,38602,"[{""name"":""Vừa"",""variant_id"":59,""price_adjustment"":0}]",
1598,616,74,1,38371,38371,"[{""name"":""Vừa"",""variant_id"":59,""price_adjustment"":0}]",
1599,616,79,3,40666,121998,"[{""name"":""Vừa"",""variant_id"":59,""price_adjustment"":0}]",
1600,617,44,1,43588,43588,"[{""name"":""Vừa"",""variant_id"":59,""price_adjustment"":0}]",
1601,617,43,2,68716,137432,"[{""name"":""Vừa"",""variant_id"":59,""price_adjustment"":0}]",
1602,617,40,2,31876,63752,"[{""name"":""Vừa"",""variant_id"":59,""price_adjustment"":0}]",
1603,617,36,2,62125,124250,"[{""name"":""Vừa"",""variant_id"":59,""price_adjustment"":0}]",
1604,618,79,2,37314,74628,"[{""name"":""Vừa"",""variant_id"":59,""price_adjustment"":0}]",
1605,618,81,1,60456,60456,"[{""name"":""Vừa"",""variant_id"":59,""price_adjustment"":0}]",
1606,618,71,1,41002,41002,"[{""name"":""Vừa"",""variant_id"":59,""price_adjustment"":0}]",
1607,618,80,2,27332,54664,"[{""name"":""Vừa"",""variant_id"":59,""price_adjustment"":0}]",
1608,619,40,2,73001,146002,"[{""name"":""Vừa"",""variant_id"":59,""price_adjustment"":0}]",
1609,619,29,1,38261,38261,"[{""name"":""Vừa"",""variant_id"":59,""price_adjustment"":0}]",
1610,619,39,2,73044,146088,"[{""name"":""Vừa"",""variant_id"":59,""price_adjustment"":0}]",
1611,620,30,3,64830,194490,"[{""name"":""Vừa"",""variant_id"":59,""price_adjustment"":0}]",
1612,620,31,3,50266,150798,"[{""name"":""Vừa"",""variant_id"":59,""price_adjustment"":0}]",
1613,620,34,3,52892,158676,"[{""name"":""Vừa"",""variant_id"":59,""price_adjustment"":0}]",
1614,620,35,2,49310,98620,"[{""name"":""Vừa"",""variant_id"":59,""price_adjustment"":0}]",
1615,621,39,1,28859,28859,"[{""name"":""Vừa"",""variant_id"":59,""price_adjustment"":0}]",
1616,621,32,1,48995,48995,"[{""name"":""Vừa"",""variant_id"":59,""price_adjustment"":0}]",
1617,622,42,1,67450,67450,"[{""name"":""Vừa"",""variant_id"":59,""price_adjustment"":0}]",
1618,622,36,2,43187,86374,"[{""name"":""Vừa"",""variant_id"":59,""price_adjustment"":0}]",
1619,623,80,2,71860,143720,"[{""name"":""Vừa"",""variant_id"":59,""price_adjustment"":0}]",
1620,623,71,3,38017,114051,"[{""name"":""Vừa"",""variant_id"":59,""price_adjustment"":0}]",
1621,623,81,2,32366,64732,"[{""name"":""Vừa"",""variant_id"":59,""price_adjustment"":0}]",
1622,624,22,2,71395,142790,"[{""name"":""Vừa"",""variant_id"":59,""price_adjustment"":0}]",
1623,624,25,3,72652,217956,"[{""name"":""Vừa"",""variant_id"":59,""price_adjustment"":0}]",
1624,625,12,1,38794,38794,"[{""name"":""Vừa"",""variant_id"":59,""price_adjustment"":0}]",
1625,625,6,3,55171,165513,"[{""name"":""Vừa"",""variant_id"":59,""price_adjustment"":0}]",
1626,625,19,1,26862,26862,"[{""name"":""Vừa"",""variant_id"":59,""price_adjustment"":0}]",
1627,626,2,3,53204,159612,"[{""name"":""Vừa"",""variant_id"":59,""price_adjustment"":0}]",
1628,626,14,3,63463,190389,"[{""name"":""Vừa"",""variant_id"":59,""price_adjustment"":0}]",
1629,626,11,3,70523,211569,"[{""name"":""Vừa"",""variant_id"":59,""price_adjustment"":0}]",
1630,626,26,1,52653,52653,"[{""name"":""Vừa"",""variant_id"":59,""price_adjustment"":0}]",
1631,627,59,3,40337,121011,"[{""name"":""Vừa"",""variant_id"":59,""price_adjustment"":0}]",
1632,627,53,2,50701,101402,"[{""name"":""Vừa"",""variant_id"":59,""price_adjustment"":0}]",
1633,628,6,2,51648,103296,"[{""name"":""Vừa"",""variant_id"":59,""price_adjustment"":0}]",
1634,629,3,3,65093,195279,"[{""name"":""Vừa"",""variant_id"":59,""price_adjustment"":0}]",
1635,630,15,1,36022,36022,"[{""name"":""Vừa"",""variant_id"":59,""price_adjustment"":0}]",
1636,631,3,1,64372,64372,"[{""name"":""Vừa"",""variant_id"":59,""price_adjustment"":0}]",
1637,632,1,2,34745,69490,"[{""name"":""Vừa"",""variant_id"":59,""price_adjustment"":0}]",
1638,633,9,1,59884,59884,"[{""name"":""Vừa"",""variant_id"":59,""price_adjustment"":0}]",
1639,634,58,2,36571,73142,"[{""name"":""Vừa"",""variant_id"":59,""price_adjustment"":0}]",
1640,634,69,3,34451,103353,"[{""name"":""Vừa"",""variant_id"":59,""price_adjustment"":0}]",
1641,635,33,2,25482,50964,"[{""name"":""Vừa"",""variant_id"":59,""price_adjustment"":0}]",
1642,636,73,2,29324,58648,"[{""name"":""Vừa"",""variant_id"":59,""price_adjustment"":0}]",
1643,637,78,1,72098,72098,"[{""name"":""Vừa"",""variant_id"":59,""price_adjustment"":0}]",
1644,637,76,1,26436,26436,"[{""name"":""Vừa"",""variant_id"":59,""price_adjustment"":0}]",
1645,637,80,1,32863,32863,"[{""name"":""Vừa"",""variant_id"":59,""price_adjustment"":0}]",
1646,637,71,3,47878,143634,"[{""name"":""Vừa"",""variant_id"":59,""price_adjustment"":0}]",
1647,638,40,2,73529,147058,"[{""name"":""Vừa"",""variant_id"":59,""price_adjustment"":0}]",
1648,638,41,2,32306,64612,"[{""name"":""Vừa"",""variant_id"":59,""price_adjustment"":0}]",
1649,638,34,2,61354,122708,"[{""name"":""Vừa"",""variant_id"":59,""price_adjustment"":0}]",
1650,639,75,2,36875,73750,"[{""name"":""Vừa"",""variant_id"":59,""price_adjustment"":0}]",
1651,639,79,2,35927,71854,"[{""name"":""Vừa"",""variant_id"":59,""price_adjustment"":0}]",
1652,639,74,3,69594,208782,"[{""name"":""Vừa"",""variant_id"":59,""price_adjustment"":0}]",
1653,639,77,1,58048,58048,"[{""name"":""Vừa"",""variant_id"":59,""price_adjustment"":0}]",
1654,640,40,3,47870,143610,"[{""name"":""Vừa"",""variant_id"":59,""price_adjustment"":0}]",
1655,640,39,2,34314,68628,"[{""name"":""Vừa"",""variant_id"":59,""price_adjustment"":0}]",
1656,640,35,3,57640,172920,"[{""name"":""Vừa"",""variant_id"":59,""price_adjustment"":0}]",
1657,641,29,3,40783,122349,"[{""name"":""Vừa"",""variant_id"":59,""price_adjustment"":0}]",
1658,641,30,2,61108,122216,"[{""name"":""Vừa"",""variant_id"":59,""price_adjustment"":0}]",
1659,642,37,2,47838,95676,"[{""name"":""Vừa"",""variant_id"":59,""price_adjustment"":0}]",
1660,642,34,3,58241,174723,"[{""name"":""Vừa"",""variant_id"":59,""price_adjustment"":0}]",
1661,642,30,1,65084,65084,"[{""name"":""Vừa"",""variant_id"":59,""price_adjustment"":0}]",
1662,642,40,2,48171,96342,"[{""name"":""Vừa"",""variant_id"":59,""price_adjustment"":0}]",
1663,643,77,3,33267,99801,"[{""name"":""Vừa"",""variant_id"":59,""price_adjustment"":0}]",
1664,644,75,2,71011,142022,"[{""name"":""Vừa"",""variant_id"":59,""price_adjustment"":0}]",
1665,644,58,1,71291,71291,"[{""name"":""Vừa"",""variant_id"":59,""price_adjustment"":0}]",
1666,644,33,2,27801,55602,"[{""name"":""Vừa"",""variant_id"":59,""price_adjustment"":0}]",
1667,644,2,2,41678,83356,"[{""name"":""Vừa"",""variant_id"":59,""price_adjustment"":0}]",
1668,645,4,2,48465,96930,"[{""name"":""Vừa"",""variant_id"":59,""price_adjustment"":0}]",
1669,645,51,2,53783,107566,"[{""name"":""Vừa"",""variant_id"":59,""price_adjustment"":0}]",
1670,645,35,3,67790,203370,"[{""name"":""Vừa"",""variant_id"":59,""price_adjustment"":0}]",
1671,646,23,2,38083,76166,"[{""name"":""Vừa"",""variant_id"":59,""price_adjustment"":0}]",
1672,646,48,2,27663,55326,"[{""name"":""Vừa"",""variant_id"":59,""price_adjustment"":0}]",
1673,646,17,2,50498,100996,"[{""name"":""Vừa"",""variant_id"":59,""price_adjustment"":0}]",
1674,646,52,1,65581,65581,"[{""name"":""Vừa"",""variant_id"":59,""price_adjustment"":0}]",
1675,647,45,1,74321,74321,"[{""name"":""Vừa"",""variant_id"":59,""price_adjustment"":0}]",
1676,647,39,3,57886,173658,"[{""name"":""Vừa"",""variant_id"":59,""price_adjustment"":0}]",
1677,647,76,2,44888,89776,"[{""name"":""Vừa"",""variant_id"":59,""price_adjustment"":0}]",
1678,647,61,1,43485,43485,"[{""name"":""Vừa"",""variant_id"":59,""price_adjustment"":0}]",
1679,648,54,1,43369,43369,"[{""name"":""Vừa"",""variant_id"":59,""price_adjustment"":0}]",
1680,648,15,2,65767,131534,"[{""name"":""Vừa"",""variant_id"":59,""price_adjustment"":0}]",
1681,648,1,1,34178,34178,"[{""name"":""Vừa"",""variant_id"":59,""price_adjustment"":0}]",
1682,649,36,1,57877,57877,"[{""name"":""Vừa"",""variant_id"":59,""price_adjustment"":0}]",
1683,649,73,3,51649,154947,"[{""name"":""Vừa"",""variant_id"":59,""price_adjustment"":0}]",
1684,649,45,2,57070,114140,"[{""name"":""Vừa"",""variant_id"":59,""price_adjustment"":0}]",
1685,649,53,1,42706,42706,"[{""name"":""Vừa"",""variant_id"":59,""price_adjustment"":0}]",
1686,650,43,3,32526,97578,"[{""name"":""Vừa"",""variant_id"":59,""price_adjustment"":0}]",
1687,650,3,3,54477,163431,"[{""name"":""Vừa"",""variant_id"":59,""price_adjustment"":0}]",
1688,650,47,2,30774,61548,"[{""name"":""Vừa"",""variant_id"":59,""price_adjustment"":0}]",
1689,650,13,2,62653,125306,"[{""name"":""Vừa"",""variant_id"":59,""price_adjustment"":0}]",
1690,651,64,2,57882,115764,"[{""name"":""Vừa"",""variant_id"":59,""price_adjustment"":0}]",
1691,651,37,3,59385,178155,"[{""name"":""Vừa"",""variant_id"":59,""price_adjustment"":0}]",
1692,652,64,3,34698,104094,"[{""name"":""Vừa"",""variant_id"":59,""price_adjustment"":0}]",
1693,652,53,3,61156,183468,"[{""name"":""Vừa"",""variant_id"":59,""price_adjustment"":0}]",
1694,652,4,2,49441,98882,"[{""name"":""Vừa"",""variant_id"":59,""price_adjustment"":0}]",
1695,653,27,2,72857,145714,"[{""name"":""Vừa"",""variant_id"":59,""price_adjustment"":0}]",
1696,653,78,1,58943,58943,"[{""name"":""Vừa"",""variant_id"":59,""price_adjustment"":0}]",
1697,654,4,2,61237,122474,"[{""name"":""Vừa"",""variant_id"":59,""price_adjustment"":0}]",
1698,654,73,2,29385,58770,"[{""name"":""Vừa"",""variant_id"":59,""price_adjustment"":0}]",
1699,655,38,2,36355,72710,"[{""name"":""Vừa"",""variant_id"":59,""price_adjustment"":0}]",
1700,656,27,3,66945,200835,"[{""name"":""Vừa"",""variant_id"":59,""price_adjustment"":0}]",
1701,656,81,1,29298,29298,"[{""name"":""Vừa"",""variant_id"":59,""price_adjustment"":0}]",
1702,656,66,1,47859,47859,"[{""name"":""Vừa"",""variant_id"":59,""price_adjustment"":0}]",
1703,657,7,2,52987,105974,"[{""name"":""Vừa"",""variant_id"":59,""price_adjustment"":0}]",
1704,657,14,3,54620,163860,"[{""name"":""Vừa"",""variant_id"":59,""price_adjustment"":0}]",
1705,657,31,2,46854,93708,"[{""name"":""Vừa"",""variant_id"":59,""price_adjustment"":0}]",
1706,657,29,1,47625,47625,"[{""name"":""Vừa"",""variant_id"":59,""price_adjustment"":0}]",
1707,658,46,1,57208,57208,"[{""name"":""Vừa"",""variant_id"":59,""price_adjustment"":0}]",
1708,659,39,3,52460,157380,"[{""name"":""Vừa"",""variant_id"":59,""price_adjustment"":0}]",
1709,659,44,2,37512,75024,"[{""name"":""Vừa"",""variant_id"":59,""price_adjustment"":0}]",
1710,660,44,2,50796,101592,"[{""name"":""Vừa"",""variant_id"":59,""price_adjustment"":0}]",
1711,660,42,1,57137,57137,"[{""name"":""Vừa"",""variant_id"":59,""price_adjustment"":0}]",
1712,660,33,2,31824,63648,"[{""name"":""Vừa"",""variant_id"":59,""price_adjustment"":0}]",
1713,661,80,2,25577,51154,"[{""name"":""Vừa"",""variant_id"":59,""price_adjustment"":0}]",
1714,662,35,1,55924,55924,"[{""name"":""Vừa"",""variant_id"":59,""price_adjustment"":0}]",
1715,662,39,1,73717,73717,"[{""name"":""Vừa"",""variant_id"":59,""price_adjustment"":0}]",
1716,662,30,2,65275,130550,"[{""name"":""Vừa"",""variant_id"":59,""price_adjustment"":0}]",
1717,662,33,2,73817,147634,"[{""name"":""Vừa"",""variant_id"":59,""price_adjustment"":0}]",
1718,663,32,3,29395,88185,"[{""name"":""Vừa"",""variant_id"":59,""price_adjustment"":0}]",
1719,664,32,1,39055,39055,"[{""name"":""Vừa"",""variant_id"":59,""price_adjustment"":0}]",
1720,664,41,3,54362,163086,"[{""name"":""Vừa"",""variant_id"":59,""price_adjustment"":0}]",
1721,664,38,1,74126,74126,"[{""name"":""Vừa"",""variant_id"":59,""price_adjustment"":0}]",
1722,664,39,3,71796,215388,"[{""name"":""Vừa"",""variant_id"":59,""price_adjustment"":0}]",
1723,665,40,3,41714,125142,"[{""name"":""Vừa"",""variant_id"":59,""price_adjustment"":0}]",
1724,665,32,2,57770,115540,"[{""name"":""Vừa"",""variant_id"":59,""price_adjustment"":0}]",
1725,665,41,2,30178,60356,"[{""name"":""Vừa"",""variant_id"":59,""price_adjustment"":0}]",
1726,665,33,1,43850,43850,"[{""name"":""Vừa"",""variant_id"":59,""price_adjustment"":0}]",
1727,666,35,2,66314,132628,"[{""name"":""Vừa"",""variant_id"":59,""price_adjustment"":0}]",
1728,666,44,1,38946,38946,"[{""name"":""Vừa"",""variant_id"":59,""price_adjustment"":0}]",
1729,667,7,3,41247,123741,"[{""name"":""Vừa"",""variant_id"":59,""price_adjustment"":0}]",
1730,667,14,2,28740,57480,"[{""name"":""Vừa"",""variant_id"":59,""price_adjustment"":0}]",
1731,667,4,3,72529,217587,"[{""name"":""Vừa"",""variant_id"":59,""price_adjustment"":0}]",
1732,667,22,2,74651,149302,"[{""name"":""Vừa"",""variant_id"":59,""price_adjustment"":0}]",
1733,668,2,2,63181,126362,"[{""name"":""Vừa"",""variant_id"":59,""price_adjustment"":0}]",
1734,668,20,3,47644,142932,"[{""name"":""Vừa"",""variant_id"":59,""price_adjustment"":0}]",
1735,668,18,3,45145,135435,"[{""name"":""Vừa"",""variant_id"":59,""price_adjustment"":0}]",
1736,668,22,2,33762,67524,"[{""name"":""Vừa"",""variant_id"":59,""price_adjustment"":0}]",
1737,669,24,3,38484,115452,"[{""name"":""Vừa"",""variant_id"":59,""price_adjustment"":0}]",
1738,669,4,1,61505,61505,"[{""name"":""Vừa"",""variant_id"":59,""price_adjustment"":0}]",
1739,670,10,1,47382,47382,"[{""name"":""Vừa"",""variant_id"":59,""price_adjustment"":0}]",
1740,670,16,1,29465,29465,"[{""name"":""Vừa"",""variant_id"":59,""price_adjustment"":0}]",
1741,671,19,3,57206,171618,"[{""name"":""Vừa"",""variant_id"":59,""price_adjustment"":0}]",
1742,671,18,3,67072,201216,"[{""name"":""Vừa"",""variant_id"":59,""price_adjustment"":0}]",
1743,671,21,3,45081,135243,"[{""name"":""Vừa"",""variant_id"":59,""price_adjustment"":0}]",
1744,672,57,1,66197,66197,"[{""name"":""Vừa"",""variant_id"":59,""price_adjustment"":0}]",
1745,673,5,3,71412,214236,"[{""name"":""Vừa"",""variant_id"":59,""price_adjustment"":0}]",
1746,674,15,2,40846,81692,"[{""name"":""Vừa"",""variant_id"":59,""price_adjustment"":0}]",
1747,674,20,1,25829,25829,"[{""name"":""Vừa"",""variant_id"":59,""price_adjustment"":0}]",
1748,675,5,2,44803,89606,"[{""name"":""Vừa"",""variant_id"":59,""price_adjustment"":0}]",
1749,676,56,1,57929,57929,"[{""name"":""Vừa"",""variant_id"":59,""price_adjustment"":0}]",
1750,676,63,1,32095,32095,"[{""name"":""Vừa"",""variant_id"":59,""price_adjustment"":0}]",
1751,676,48,1,41954,41954,"[{""name"":""Vừa"",""variant_id"":59,""price_adjustment"":0}]",
1752,676,65,2,28851,57702,"[{""name"":""Vừa"",""variant_id"":59,""price_adjustment"":0}]",
1753,677,11,1,73861,73861,"[{""name"":""Vừa"",""variant_id"":59,""price_adjustment"":0}]",
1754,677,23,3,61641,184923,"[{""name"":""Vừa"",""variant_id"":59,""price_adjustment"":0}]",
1755,677,20,3,27237,81711,"[{""name"":""Vừa"",""variant_id"":59,""price_adjustment"":0}]",
1756,677,14,2,37508,75016,"[{""name"":""Vừa"",""variant_id"":59,""price_adjustment"":0}]",
1757,678,18,3,41878,125634,"[{""name"":""Vừa"",""variant_id"":59,""price_adjustment"":0}]",
1758,678,21,2,66848,133696,"[{""name"":""Vừa"",""variant_id"":59,""price_adjustment"":0}]",
1759,678,26,2,34018,68036,"[{""name"":""Vừa"",""variant_id"":59,""price_adjustment"":0}]",
1760,679,43,2,46096,92192,"[{""name"":""Vừa"",""variant_id"":59,""price_adjustment"":0}]",
1761,679,41,1,52269,52269,"[{""name"":""Vừa"",""variant_id"":59,""price_adjustment"":0}]",
1762,679,33,1,26509,26509,"[{""name"":""Vừa"",""variant_id"":59,""price_adjustment"":0}]",
1763,680,36,1,36072,36072,"[{""name"":""Vừa"",""variant_id"":59,""price_adjustment"":0}]",
1764,681,71,2,45441,90882,"[{""name"":""Vừa"",""variant_id"":59,""price_adjustment"":0}]",
1765,681,77,2,62352,124704,"[{""name"":""Vừa"",""variant_id"":59,""price_adjustment"":0}]",
1766,681,76,3,59700,179100,"[{""name"":""Vừa"",""variant_id"":59,""price_adjustment"":0}]",
1767,682,35,1,46124,46124,"[{""name"":""Vừa"",""variant_id"":59,""price_adjustment"":0}]",
1768,682,43,2,72445,144890,"[{""name"":""Vừa"",""variant_id"":59,""price_adjustment"":0}]",
1769,682,31,1,63703,63703,"[{""name"":""Vừa"",""variant_id"":59,""price_adjustment"":0}]",
1770,682,36,3,56621,169863,"[{""name"":""Vừa"",""variant_id"":59,""price_adjustment"":0}]",
1771,683,29,3,54170,162510,"[{""name"":""Vừa"",""variant_id"":59,""price_adjustment"":0}]",
1772,684,5,1,26535,26535,"[{""name"":""Vừa"",""variant_id"":59,""price_adjustment"":0}]",
1773,684,19,1,69071,69071,"[{""name"":""Vừa"",""variant_id"":59,""price_adjustment"":0}]",
1774,685,45,3,59695,179085,"[{""name"":""Vừa"",""variant_id"":59,""price_adjustment"":0}]",
1775,685,61,2,46046,92092,"[{""name"":""Vừa"",""variant_id"":59,""price_adjustment"":0}]",
1776,686,26,1,47006,47006,"[{""name"":""Vừa"",""variant_id"":59,""price_adjustment"":0}]",
1777,686,6,3,40227,120681,"[{""name"":""Vừa"",""variant_id"":59,""price_adjustment"":0}]",
1778,686,54,2,35922,71844,"[{""name"":""Vừa"",""variant_id"":59,""price_adjustment"":0}]",
1779,687,50,2,63497,126994,"[{""name"":""Vừa"",""variant_id"":59,""price_adjustment"":0}]",
1780,687,80,2,45645,91290,"[{""name"":""Vừa"",""variant_id"":59,""price_adjustment"":0}]",
1781,687,1,1,62393,62393,"[{""name"":""Vừa"",""variant_id"":59,""price_adjustment"":0}]",
1782,688,7,2,58030,116060,"[{""name"":""Vừa"",""variant_id"":59,""price_adjustment"":0}]",
1783,688,21,3,74911,224733,"[{""name"":""Vừa"",""variant_id"":59,""price_adjustment"":0}]",
1784,689,60,1,65956,65956,"[{""name"":""Vừa"",""variant_id"":59,""price_adjustment"":0}]",
1785,689,23,3,26701,80103,"[{""name"":""Vừa"",""variant_id"":59,""price_adjustment"":0}]",
1786,689,73,3,70967,212901,"[{""name"":""Vừa"",""variant_id"":59,""price_adjustment"":0}]",
1787,689,37,2,72367,144734,"[{""name"":""Vừa"",""variant_id"":59,""price_adjustment"":0}]",
1788,690,34,3,29497,88491,"[{""name"":""Vừa"",""variant_id"":59,""price_adjustment"":0}]",
1789,690,33,1,74268,74268,"[{""name"":""Vừa"",""variant_id"":59,""price_adjustment"":0}]",
1790,691,46,3,73031,219093,"[{""name"":""Vừa"",""variant_id"":59,""price_adjustment"":0}]",
1791,691,31,3,32364,97092,"[{""name"":""Vừa"",""variant_id"":59,""price_adjustment"":0}]",
1792,692,65,2,43549,87098,"[{""name"":""Vừa"",""variant_id"":59,""price_adjustment"":0}]",
1793,692,68,1,26919,26919,"[{""name"":""Vừa"",""variant_id"":59,""price_adjustment"":0}]",
1794,692,60,3,73332,219996,"[{""name"":""Vừa"",""variant_id"":59,""price_adjustment"":0}]",
1795,693,64,3,31523,94569,"[{""name"":""Vừa"",""variant_id"":59,""price_adjustment"":0}]",
1796,693,65,2,30147,60294,"[{""name"":""Vừa"",""variant_id"":59,""price_adjustment"":0}]",
1797,694,62,3,72328,216984,"[{""name"":""Vừa"",""variant_id"":59,""price_adjustment"":0}]",
1798,694,67,3,42098,126294,"[{""name"":""Vừa"",""variant_id"":59,""price_adjustment"":0}]",
1799,694,60,3,50121,150363,"[{""name"":""Vừa"",""variant_id"":59,""price_adjustment"":0}]",
1800,695,70,2,42993,85986,"[{""name"":""Vừa"",""variant_id"":59,""price_adjustment"":0}]",
1801,695,56,1,50251,50251,"[{""name"":""Vừa"",""variant_id"":59,""price_adjustment"":0}]",
1802,695,48,1,44658,44658,"[{""name"":""Vừa"",""variant_id"":59,""price_adjustment"":0}]",
1803,695,59,2,64921,129842,"[{""name"":""Vừa"",""variant_id"":59,""price_adjustment"":0}]",
1804,696,3,1,47175,47175,"[{""name"":""Vừa"",""variant_id"":59,""price_adjustment"":0}]",
1805,697,47,3,69674,209022,"[{""name"":""Vừa"",""variant_id"":59,""price_adjustment"":0}]",
1806,697,49,3,70273,210819,"[{""name"":""Vừa"",""variant_id"":59,""price_adjustment"":0}]",
1807,697,58,1,50352,50352,"[{""name"":""Vừa"",""variant_id"":59,""price_adjustment"":0}]",
1808,698,8,1,40392,40392,"[{""name"":""Vừa"",""variant_id"":59,""price_adjustment"":0}]",
1809,698,26,3,26837,80511,"[{""name"":""Vừa"",""variant_id"":59,""price_adjustment"":0}]",
1810,698,4,3,62541,187623,"[{""name"":""Vừa"",""variant_id"":59,""price_adjustment"":0}]",
1811,699,7,1,43855,43855,"[{""name"":""Vừa"",""variant_id"":59,""price_adjustment"":0}]",
1812,699,2,1,59969,59969,"[{""name"":""Vừa"",""variant_id"":59,""price_adjustment"":0}]",
1813,700,13,3,32112,96336,"[{""name"":""Vừa"",""variant_id"":59,""price_adjustment"":0}]",
1814,700,10,3,52952,158856,"[{""name"":""Vừa"",""variant_id"":59,""price_adjustment"":0}]",
1815,700,15,2,63991,127982,"[{""name"":""Vừa"",""variant_id"":59,""price_adjustment"":0}]",
1816,700,21,2,50708,101416,"[{""name"":""Vừa"",""variant_id"":59,""price_adjustment"":0}]",
1817,701,17,2,43743,87486,"[{""name"":""Vừa"",""variant_id"":59,""price_adjustment"":0}]",
1818,702,8,2,50358,100716,"[{""name"":""Vừa"",""variant_id"":59,""price_adjustment"":0}]",
1819,702,12,3,52017,156051,"[{""name"":""Vừa"",""variant_id"":59,""price_adjustment"":0}]",
1820,702,7,3,45312,135936,"[{""name"":""Vừa"",""variant_id"":59,""price_adjustment"":0}]",
1821,703,13,3,40544,121632,"[{""name"":""Vừa"",""variant_id"":59,""price_adjustment"":0}]",
1822,703,4,3,52683,158049,"[{""name"":""Vừa"",""variant_id"":59,""price_adjustment"":0}]",
1823,703,6,3,61616,184848,"[{""name"":""Vừa"",""variant_id"":59,""price_adjustment"":0}]",
1824,703,18,2,60198,120396,"[{""name"":""Vừa"",""variant_id"":59,""price_adjustment"":0}]",
1825,704,64,1,35983,35983,"[{""name"":""Vừa"",""variant_id"":59,""price_adjustment"":0}]",
1826,705,33,1,73449,73449,"[{""name"":""Vừa"",""variant_id"":59,""price_adjustment"":0}]",
1827,705,29,3,60067,180201,"[{""name"":""Vừa"",""variant_id"":59,""price_adjustment"":0}]",
1828,706,75,3,41924,125772,"[{""name"":""Vừa"",""variant_id"":59,""price_adjustment"":0}]",
1829,707,79,1,34664,34664,"[{""name"":""Vừa"",""variant_id"":59,""price_adjustment"":0}]",
1830,707,78,3,62232,186696,"[{""name"":""Vừa"",""variant_id"":59,""price_adjustment"":0}]",
1831,707,75,1,25663,25663,"[{""name"":""Vừa"",""variant_id"":59,""price_adjustment"":0}]",
1832,708,72,2,40105,80210,"[{""name"":""Vừa"",""variant_id"":59,""price_adjustment"":0}]",
1833,708,78,2,54003,108006,"[{""name"":""Vừa"",""variant_id"":59,""price_adjustment"":0}]",
1834,709,41,2,46719,93438,"[{""name"":""Vừa"",""variant_id"":59,""price_adjustment"":0}]",
1835,709,29,2,67946,135892,"[{""name"":""Vừa"",""variant_id"":59,""price_adjustment"":0}]",
1836,709,43,3,52833,158499,"[{""name"":""Vừa"",""variant_id"":59,""price_adjustment"":0}]",
1837,709,40,1,42946,42946,"[{""name"":""Vừa"",""variant_id"":59,""price_adjustment"":0}]",
1838,710,72,3,58493,175479,"[{""name"":""Vừa"",""variant_id"":59,""price_adjustment"":0}]",
1839,711,75,3,36702,110106,"[{""name"":""Vừa"",""variant_id"":59,""price_adjustment"":0}]",
1840,711,79,3,61580,184740,"[{""name"":""Vừa"",""variant_id"":59,""price_adjustment"":0}]",
1841,711,81,1,69293,69293,"[{""name"":""Vừa"",""variant_id"":59,""price_adjustment"":0}]",
1842,712,33,3,42291,126873,"[{""name"":""Vừa"",""variant_id"":59,""price_adjustment"":0}]",
1843,712,40,1,42007,42007,"[{""name"":""Vừa"",""variant_id"":59,""price_adjustment"":0}]",
1844,712,30,2,74043,148086,"[{""name"":""Vừa"",""variant_id"":59,""price_adjustment"":0}]",
1845,713,43,2,41400,82800,"[{""name"":""Vừa"",""variant_id"":59,""price_adjustment"":0}]",
1846,714,42,2,42367,84734,"[{""name"":""Vừa"",""variant_id"":59,""price_adjustment"":0}]",
1847,714,37,3,52559,157677,"[{""name"":""Vừa"",""variant_id"":59,""price_adjustment"":0}]",
1848,714,43,1,68695,68695,"[{""name"":""Vừa"",""variant_id"":59,""price_adjustment"":0}]",
1849,715,31,3,49893,149679,"[{""name"":""Vừa"",""variant_id"":59,""price_adjustment"":0}]",
1850,715,43,2,65621,131242,"[{""name"":""Vừa"",""variant_id"":59,""price_adjustment"":0}]",
1851,716,41,3,32640,97920,"[{""name"":""Vừa"",""variant_id"":59,""price_adjustment"":0}]",
1852,716,36,3,32602,97806,"[{""name"":""Vừa"",""variant_id"":59,""price_adjustment"":0}]",
1853,716,35,2,51315,102630,"[{""name"":""Vừa"",""variant_id"":59,""price_adjustment"":0}]",
1854,717,78,2,51901,103802,"[{""name"":""Vừa"",""variant_id"":59,""price_adjustment"":0}]",
1855,717,74,3,73439,220317,"[{""name"":""Vừa"",""variant_id"":59,""price_adjustment"":0}]",
1856,717,80,2,47662,95324,"[{""name"":""Vừa"",""variant_id"":59,""price_adjustment"":0}]",
1857,717,73,2,45672,91344,"[{""name"":""Vừa"",""variant_id"":59,""price_adjustment"":0}]",
1858,718,30,2,64134,128268,"[{""name"":""Vừa"",""variant_id"":59,""price_adjustment"":0}]",
1859,718,40,2,29412,58824,"[{""name"":""Vừa"",""variant_id"":59,""price_adjustment"":0}]",
1860,718,44,2,60372,120744,"[{""name"":""Vừa"",""variant_id"":59,""price_adjustment"":0}]",
1861,718,33,3,55005,165015,"[{""name"":""Vừa"",""variant_id"":59,""price_adjustment"":0}]",
1862,719,32,3,43286,129858,"[{""name"":""Vừa"",""variant_id"":59,""price_adjustment"":0}]",
1863,719,41,3,48313,144939,"[{""name"":""Vừa"",""variant_id"":59,""price_adjustment"":0}]",
1864,719,35,2,54753,109506,"[{""name"":""Vừa"",""variant_id"":59,""price_adjustment"":0}]",
1865,719,44,2,63716,127432,"[{""name"":""Vừa"",""variant_id"":59,""price_adjustment"":0}]",
1866,720,24,1,73332,73332,"[{""name"":""Vừa"",""variant_id"":59,""price_adjustment"":0}]",
1867,721,63,2,69692,139384,"[{""name"":""Vừa"",""variant_id"":59,""price_adjustment"":0}]",
1868,722,19,3,31156,93468,"[{""name"":""Vừa"",""variant_id"":59,""price_adjustment"":0}]",
1869,722,7,1,60763,60763,"[{""name"":""Vừa"",""variant_id"":59,""price_adjustment"":0}]",
1870,722,9,1,65942,65942,"[{""name"":""Vừa"",""variant_id"":59,""price_adjustment"":0}]",
1871,722,3,3,48372,145116,"[{""name"":""Vừa"",""variant_id"":59,""price_adjustment"":0}]",
1872,723,26,3,30311,90933,"[{""name"":""Vừa"",""variant_id"":59,""price_adjustment"":0}]",
1873,723,19,2,60871,121742,"[{""name"":""Vừa"",""variant_id"":59,""price_adjustment"":0}]",
1874,723,5,1,73843,73843,"[{""name"":""Vừa"",""variant_id"":59,""price_adjustment"":0}]",
1875,723,6,1,32057,32057,"[{""name"":""Vừa"",""variant_id"":59,""price_adjustment"":0}]",
1876,724,4,2,27579,55158,"[{""name"":""Vừa"",""variant_id"":59,""price_adjustment"":0}]",
1877,724,6,2,68954,137908,"[{""name"":""Vừa"",""variant_id"":59,""price_adjustment"":0}]",
1878,724,27,3,44796,134388,"[{""name"":""Vừa"",""variant_id"":59,""price_adjustment"":0}]",
1879,725,51,1,65983,65983,"[{""name"":""Vừa"",""variant_id"":59,""price_adjustment"":0}]",
1880,726,61,3,57008,171024,"[{""name"":""Vừa"",""variant_id"":59,""price_adjustment"":0}]",
1881,726,63,3,57050,171150,"[{""name"":""Vừa"",""variant_id"":59,""price_adjustment"":0}]",
1882,726,62,3,30390,91170,"[{""name"":""Vừa"",""variant_id"":59,""price_adjustment"":0}]",
1883,726,50,2,38031,76062,"[{""name"":""Vừa"",""variant_id"":59,""price_adjustment"":0}]",
1884,727,23,2,37044,74088,"[{""name"":""Vừa"",""variant_id"":59,""price_adjustment"":0}]",
1885,728,47,3,42436,127308,"[{""name"":""Vừa"",""variant_id"":59,""price_adjustment"":0}]",
1886,729,2,2,58327,116654,"[{""name"":""Vừa"",""variant_id"":59,""price_adjustment"":0}]",
1887,729,13,2,34914,69828,"[{""name"":""Vừa"",""variant_id"":59,""price_adjustment"":0}]",
1888,729,26,2,25566,51132,"[{""name"":""Vừa"",""variant_id"":59,""price_adjustment"":0}]",
1889,730,24,3,48485,145455,"[{""name"":""Vừa"",""variant_id"":59,""price_adjustment"":0}]",
1890,731,27,3,63053,189159,"[{""name"":""Vừa"",""variant_id"":59,""price_adjustment"":0}]",
1891,731,2,1,31334,31334,"[{""name"":""Vừa"",""variant_id"":59,""price_adjustment"":0}]",
1892,731,25,1,69293,69293,"[{""name"":""Vừa"",""variant_id"":59,""price_adjustment"":0}]",
1893,732,27,3,55901,167703,"[{""name"":""Vừa"",""variant_id"":59,""price_adjustment"":0}]",
1894,733,28,3,44780,134340,"[{""name"":""Vừa"",""variant_id"":59,""price_adjustment"":0}]",
1895,733,4,2,53151,106302,"[{""name"":""Vừa"",""variant_id"":59,""price_adjustment"":0}]",
1896,734,64,3,43139,129417,"[{""name"":""Vừa"",""variant_id"":59,""price_adjustment"":0}]",
1897,734,48,3,26199,78597,"[{""name"":""Vừa"",""variant_id"":59,""price_adjustment"":0}]",
1898,734,52,1,63841,63841,"[{""name"":""Vừa"",""variant_id"":59,""price_adjustment"":0}]",
1899,735,8,2,71612,143224,"[{""name"":""Vừa"",""variant_id"":59,""price_adjustment"":0}]",
1900,735,15,2,71175,142350,"[{""name"":""Vừa"",""variant_id"":59,""price_adjustment"":0}]",
1901,735,26,2,51377,102754,"[{""name"":""Vừa"",""variant_id"":59,""price_adjustment"":0}]",
1902,735,18,1,32801,32801,"[{""name"":""Vừa"",""variant_id"":59,""price_adjustment"":0}]",
1903,736,64,2,59693,119386,"[{""name"":""Vừa"",""variant_id"":59,""price_adjustment"":0}]",
1904,737,61,2,58500,117000,"[{""name"":""Vừa"",""variant_id"":59,""price_adjustment"":0}]",
1905,738,20,3,47602,142806,"[{""name"":""Vừa"",""variant_id"":59,""price_adjustment"":0}]",
1906,738,24,2,37580,75160,"[{""name"":""Vừa"",""variant_id"":59,""price_adjustment"":0}]",
1907,739,24,1,38380,38380,"[{""name"":""Vừa"",""variant_id"":59,""price_adjustment"":0}]",
1908,739,17,1,64551,64551,"[{""name"":""Vừa"",""variant_id"":59,""price_adjustment"":0}]",
1909,739,5,1,27053,27053,"[{""name"":""Vừa"",""variant_id"":59,""price_adjustment"":0}]",
1910,740,33,3,49358,148074,"[{""name"":""Vừa"",""variant_id"":59,""price_adjustment"":0}]",
1911,740,44,1,70955,70955,"[{""name"":""Vừa"",""variant_id"":59,""price_adjustment"":0}]",
1912,740,43,2,27875,55750,"[{""name"":""Vừa"",""variant_id"":59,""price_adjustment"":0}]",
1913,741,78,2,37822,75644,"[{""name"":""Vừa"",""variant_id"":59,""price_adjustment"":0}]",
1914,741,76,1,44791,44791,"[{""name"":""Vừa"",""variant_id"":59,""price_adjustment"":0}]",
1915,741,80,1,51173,51173,"[{""name"":""Vừa"",""variant_id"":59,""price_adjustment"":0}]",
1916,742,78,3,41665,124995,"[{""name"":""Vừa"",""variant_id"":59,""price_adjustment"":0}]",
1917,742,81,3,41791,125373,"[{""name"":""Vừa"",""variant_id"":59,""price_adjustment"":0}]",
1918,743,29,2,71212,142424,"[{""name"":""Vừa"",""variant_id"":59,""price_adjustment"":0}]",
1919,743,44,1,73058,73058,"[{""name"":""Vừa"",""variant_id"":59,""price_adjustment"":0}]",
1920,743,33,2,72820,145640,"[{""name"":""Vừa"",""variant_id"":59,""price_adjustment"":0}]",
1921,743,43,3,74651,223953,"[{""name"":""Vừa"",""variant_id"":59,""price_adjustment"":0}]",
1922,744,79,2,73882,147764,"[{""name"":""Vừa"",""variant_id"":59,""price_adjustment"":0}]",
1923,744,71,2,34288,68576,"[{""name"":""Vừa"",""variant_id"":59,""price_adjustment"":0}]",
1924,744,72,1,30251,30251,"[{""name"":""Vừa"",""variant_id"":59,""price_adjustment"":0}]",
1925,744,81,2,53238,106476,"[{""name"":""Vừa"",""variant_id"":59,""price_adjustment"":0}]",
1926,745,76,1,30174,30174,"[{""name"":""Vừa"",""variant_id"":59,""price_adjustment"":0}]",
1927,745,72,2,32277,64554,"[{""name"":""Vừa"",""variant_id"":59,""price_adjustment"":0}]",
1928,745,79,2,34681,69362,"[{""name"":""Vừa"",""variant_id"":59,""price_adjustment"":0}]",
1929,746,35,2,68649,137298,"[{""name"":""Vừa"",""variant_id"":59,""price_adjustment"":0}]",
1930,747,72,3,53698,161094,"[{""name"":""Vừa"",""variant_id"":59,""price_adjustment"":0}]",
1931,747,74,1,48638,48638,"[{""name"":""Vừa"",""variant_id"":59,""price_adjustment"":0}]",
1932,747,79,3,65178,195534,"[{""name"":""Vừa"",""variant_id"":59,""price_adjustment"":0}]",
1933,747,77,2,38028,76056,"[{""name"":""Vừa"",""variant_id"":59,""price_adjustment"":0}]",
1934,748,71,2,40746,81492,"[{""name"":""Vừa"",""variant_id"":59,""price_adjustment"":0}]",
1935,748,80,2,70427,140854,"[{""name"":""Vừa"",""variant_id"":59,""price_adjustment"":0}]",
1936,748,76,2,66709,133418,"[{""name"":""Vừa"",""variant_id"":59,""price_adjustment"":0}]",
1937,749,37,2,50619,101238,"[{""name"":""Vừa"",""variant_id"":59,""price_adjustment"":0}]",
1938,749,44,2,66053,132106,"[{""name"":""Vừa"",""variant_id"":59,""price_adjustment"":0}]",
1939,749,30,2,69800,139600,"[{""name"":""Vừa"",""variant_id"":59,""price_adjustment"":0}]",
1940,749,31,3,51114,153342,"[{""name"":""Vừa"",""variant_id"":59,""price_adjustment"":0}]",
1941,750,68,1,31922,31922,"[{""name"":""Vừa"",""variant_id"":59,""price_adjustment"":0}]",
1942,750,48,1,64309,64309,"[{""name"":""Vừa"",""variant_id"":59,""price_adjustment"":0}]",
1943,750,58,1,40258,40258,"[{""name"":""Vừa"",""variant_id"":59,""price_adjustment"":0}]",
1944,751,16,1,41292,41292,"[{""name"":""Vừa"",""variant_id"":59,""price_adjustment"":0}]",
1945,751,7,3,37068,111204,"[{""name"":""Vừa"",""variant_id"":59,""price_adjustment"":0}]",
1946,751,8,3,59348,178044,"[{""name"":""Vừa"",""variant_id"":59,""price_adjustment"":0}]",
1947,751,28,1,50769,50769,"[{""name"":""Vừa"",""variant_id"":59,""price_adjustment"":0}]",
1948,752,15,2,65116,130232,"[{""name"":""Vừa"",""variant_id"":59,""price_adjustment"":0}]",
1949,752,11,3,45944,137832,"[{""name"":""Vừa"",""variant_id"":59,""price_adjustment"":0}]",
1950,752,6,1,33657,33657,"[{""name"":""Vừa"",""variant_id"":59,""price_adjustment"":0}]",
1951,753,15,2,68772,137544,"[{""name"":""Vừa"",""variant_id"":59,""price_adjustment"":0}]",
1952,753,14,3,30775,92325,"[{""name"":""Vừa"",""variant_id"":59,""price_adjustment"":0}]",
1953,753,25,2,55491,110982,"[{""name"":""Vừa"",""variant_id"":59,""price_adjustment"":0}]",
1954,753,6,2,66429,132858,"[{""name"":""Vừa"",""variant_id"":59,""price_adjustment"":0}]",
1955,754,21,1,32882,32882,"[{""name"":""Vừa"",""variant_id"":59,""price_adjustment"":0}]",
1956,755,48,1,28784,28784,"[{""name"":""Vừa"",""variant_id"":59,""price_adjustment"":0}]",
1957,755,69,1,67820,67820,"[{""name"":""Vừa"",""variant_id"":59,""price_adjustment"":0}]",
1958,755,52,1,55399,55399,"[{""name"":""Vừa"",""variant_id"":59,""price_adjustment"":0}]",
1959,755,65,3,70169,210507,"[{""name"":""Vừa"",""variant_id"":59,""price_adjustment"":0}]",
1960,756,9,3,27048,81144,"[{""name"":""Vừa"",""variant_id"":59,""price_adjustment"":0}]",
1961,756,17,2,47934,95868,"[{""name"":""Vừa"",""variant_id"":59,""price_adjustment"":0}]",
1962,756,8,2,37700,75400,"[{""name"":""Vừa"",""variant_id"":59,""price_adjustment"":0}]",
1963,756,13,3,52910,158730,"[{""name"":""Vừa"",""variant_id"":59,""price_adjustment"":0}]",
1964,757,62,1,63578,63578,"[{""name"":""Vừa"",""variant_id"":59,""price_adjustment"":0}]",
1965,758,25,2,40562,81124,"[{""name"":""Vừa"",""variant_id"":59,""price_adjustment"":0}]",
1966,758,26,2,38473,76946,"[{""name"":""Vừa"",""variant_id"":59,""price_adjustment"":0}]",
1967,758,17,3,50319,150957,"[{""name"":""Vừa"",""variant_id"":59,""price_adjustment"":0}]",
1968,758,21,3,64743,194229,"[{""name"":""Vừa"",""variant_id"":59,""price_adjustment"":0}]",
1969,759,1,1,56133,56133,"[{""name"":""Vừa"",""variant_id"":59,""price_adjustment"":0}]",
1970,760,69,1,27353,27353,"[{""name"":""Vừa"",""variant_id"":59,""price_adjustment"":0}]",
1971,761,62,2,58404,116808,"[{""name"":""Vừa"",""variant_id"":59,""price_adjustment"":0}]",
1972,761,58,1,38025,38025,"[{""name"":""Vừa"",""variant_id"":59,""price_adjustment"":0}]",
1973,761,48,1,67493,67493,"[{""name"":""Vừa"",""variant_id"":59,""price_adjustment"":0}]",
1974,761,55,3,41915,125745,"[{""name"":""Vừa"",""variant_id"":59,""price_adjustment"":0}]",
1975,762,80,1,64405,64405,"[{""name"":""Vừa"",""variant_id"":59,""price_adjustment"":0}]",
1976,762,59,3,37751,113253,"[{""name"":""Vừa"",""variant_id"":59,""price_adjustment"":0}]",
1977,762,13,1,51790,51790,"[{""name"":""Vừa"",""variant_id"":59,""price_adjustment"":0}]",
1978,762,61,3,62942,188826,"[{""name"":""Vừa"",""variant_id"":59,""price_adjustment"":0}]",
1979,763,56,1,38276,38276,"[{""name"":""Vừa"",""variant_id"":59,""price_adjustment"":0}]",
1980,763,43,3,72585,217755,"[{""name"":""Vừa"",""variant_id"":59,""price_adjustment"":0}]",
1981,764,18,3,46619,139857,"[{""name"":""Vừa"",""variant_id"":59,""price_adjustment"":0}]",
1982,764,51,1,58584,58584,"[{""name"":""Vừa"",""variant_id"":59,""price_adjustment"":0}]",
1983,764,20,3,26201,78603,"[{""name"":""Vừa"",""variant_id"":59,""price_adjustment"":0}]",
1984,764,27,1,40458,40458,"[{""name"":""Vừa"",""variant_id"":59,""price_adjustment"":0}]",
1985,765,66,3,28957,86871,"[{""name"":""Vừa"",""variant_id"":59,""price_adjustment"":0}]",
1986,765,37,3,63650,190950,"[{""name"":""Vừa"",""variant_id"":59,""price_adjustment"":0}]",
1987,765,42,3,34647,103941,"[{""name"":""Vừa"",""variant_id"":59,""price_adjustment"":0}]",
1988,765,17,1,49548,49548,"[{""name"":""Vừa"",""variant_id"":59,""price_adjustment"":0}]",
1989,766,17,3,49119,147357,"[{""name"":""Vừa"",""variant_id"":59,""price_adjustment"":0}]",
1990,767,6,2,45419,90838,"[{""name"":""Vừa"",""variant_id"":59,""price_adjustment"":0}]",
1991,767,36,1,26589,26589,"[{""name"":""Vừa"",""variant_id"":59,""price_adjustment"":0}]",
1992,768,67,2,67508,135016,"[{""name"":""Vừa"",""variant_id"":59,""price_adjustment"":0}]",
1993,769,23,3,27355,82065,"[{""name"":""Vừa"",""variant_id"":59,""price_adjustment"":0}]",
1994,769,27,2,54114,108228,"[{""name"":""Vừa"",""variant_id"":59,""price_adjustment"":0}]",
1995,769,5,3,58600,175800,"[{""name"":""Vừa"",""variant_id"":59,""price_adjustment"":0}]",
1996,769,19,1,65765,65765,"[{""name"":""Vừa"",""variant_id"":59,""price_adjustment"":0}]",
1997,770,23,2,63470,126940,"[{""name"":""Vừa"",""variant_id"":59,""price_adjustment"":0}]",
1998,771,54,3,68196,204588,"[{""name"":""Vừa"",""variant_id"":59,""price_adjustment"":0}]",
1999,771,63,2,67781,135562,"[{""name"":""Vừa"",""variant_id"":59,""price_adjustment"":0}]",
2000,771,61,2,42032,84064,"[{""name"":""Vừa"",""variant_id"":59,""price_adjustment"":0}]",
2001,771,65,1,65309,65309,"[{""name"":""Vừa"",""variant_id"":59,""price_adjustment"":0}]",
2002,772,10,2,58531,117062,"[{""name"":""Vừa"",""variant_id"":59,""price_adjustment"":0}]",
2003,772,28,2,57164,114328,"[{""name"":""Vừa"",""variant_id"":59,""price_adjustment"":0}]",
2004,772,23,1,29458,29458,"[{""name"":""Vừa"",""variant_id"":59,""price_adjustment"":0}]",
2005,773,57,3,71287,213861,"[{""name"":""Vừa"",""variant_id"":59,""price_adjustment"":0}]",
2006,773,60,2,54082,108164,"[{""name"":""Vừa"",""variant_id"":59,""price_adjustment"":0}]",
2007,773,68,2,69890,139780,"[{""name"":""Vừa"",""variant_id"":59,""price_adjustment"":0}]",
2008,773,52,3,50577,151731,"[{""name"":""Vừa"",""variant_id"":59,""price_adjustment"":0}]",
2009,774,1,1,67862,67862,"[{""name"":""Vừa"",""variant_id"":59,""price_adjustment"":0}]",
2010,774,10,1,35365,35365,"[{""name"":""Vừa"",""variant_id"":59,""price_adjustment"":0}]",
2011,774,25,3,27500,82500,"[{""name"":""Vừa"",""variant_id"":59,""price_adjustment"":0}]",
2012,774,28,1,55811,55811,"[{""name"":""Vừa"",""variant_id"":59,""price_adjustment"":0}]",
2013,775,28,1,47703,47703,"[{""name"":""Vừa"",""variant_id"":59,""price_adjustment"":0}]",
2014,775,6,1,59032,59032,"[{""name"":""Vừa"",""variant_id"":59,""price_adjustment"":0}]",
2015,775,2,3,60858,182574,"[{""name"":""Vừa"",""variant_id"":59,""price_adjustment"":0}]",
2016,775,15,1,63441,63441,"[{""name"":""Vừa"",""variant_id"":59,""price_adjustment"":0}]",
2017,776,7,3,54384,163152,"[{""name"":""Vừa"",""variant_id"":59,""price_adjustment"":0}]",
2018,777,56,2,45683,91366,"[{""name"":""Vừa"",""variant_id"":59,""price_adjustment"":0}]",
2019,777,54,2,67353,134706,"[{""name"":""Vừa"",""variant_id"":59,""price_adjustment"":0}]",
2020,777,60,2,40021,80042,"[{""name"":""Vừa"",""variant_id"":59,""price_adjustment"":0}]",
2021,777,49,3,55206,165618,"[{""name"":""Vừa"",""variant_id"":59,""price_adjustment"":0}]",
2022,778,76,3,36509,109527,"[{""name"":""Vừa"",""variant_id"":59,""price_adjustment"":0}]",
2023,778,75,1,49480,49480,"[{""name"":""Vừa"",""variant_id"":59,""price_adjustment"":0}]",
2024,779,74,2,57245,114490,"[{""name"":""Vừa"",""variant_id"":59,""price_adjustment"":0}]",
2025,779,80,3,25772,77316,"[{""name"":""Vừa"",""variant_id"":59,""price_adjustment"":0}]",
2026,779,72,2,55721,111442,"[{""name"":""Vừa"",""variant_id"":59,""price_adjustment"":0}]",
2027,780,72,3,25598,76794,"[{""name"":""Vừa"",""variant_id"":59,""price_adjustment"":0}]",
2028,780,76,1,63669,63669,"[{""name"":""Vừa"",""variant_id"":59,""price_adjustment"":0}]",
2029,780,75,1,67601,67601,"[{""name"":""Vừa"",""variant_id"":59,""price_adjustment"":0}]",
2030,780,73,3,55927,167781,"[{""name"":""Vừa"",""variant_id"":59,""price_adjustment"":0}]",
2031,781,43,2,72496,144992,"[{""name"":""Vừa"",""variant_id"":59,""price_adjustment"":0}]",
2032,782,79,2,32956,65912,"[{""name"":""Vừa"",""variant_id"":59,""price_adjustment"":0}]",
2033,782,75,1,32432,32432,"[{""name"":""Vừa"",""variant_id"":59,""price_adjustment"":0}]",
2034,782,71,3,33289,99867,"[{""name"":""Vừa"",""variant_id"":59,""price_adjustment"":0}]",
2035,783,31,3,51218,153654,"[{""name"":""Vừa"",""variant_id"":59,""price_adjustment"":0}]",
2036,783,42,1,59162,59162,"[{""name"":""Vừa"",""variant_id"":59,""price_adjustment"":0}]",
2037,783,32,1,61188,61188,"[{""name"":""Vừa"",""variant_id"":59,""price_adjustment"":0}]",
2038,783,35,3,54479,163437,"[{""name"":""Vừa"",""variant_id"":59,""price_adjustment"":0}]",
2039,784,44,2,35472,70944,"[{""name"":""Vừa"",""variant_id"":59,""price_adjustment"":0}]",
2040,785,40,3,61503,184509,"[{""name"":""Vừa"",""variant_id"":59,""price_adjustment"":0}]",
2041,785,43,3,35646,106938,"[{""name"":""Vừa"",""variant_id"":59,""price_adjustment"":0}]",
2042,785,41,2,48073,96146,"[{""name"":""Vừa"",""variant_id"":59,""price_adjustment"":0}]",
2043,786,34,2,39534,79068,"[{""name"":""Vừa"",""variant_id"":59,""price_adjustment"":0}]",
2044,787,36,3,50541,151623,"[{""name"":""Vừa"",""variant_id"":59,""price_adjustment"":0}]",
2045,787,30,3,32987,98961,"[{""name"":""Vừa"",""variant_id"":59,""price_adjustment"":0}]",
2046,788,39,2,59966,119932,"[{""name"":""Vừa"",""variant_id"":59,""price_adjustment"":0}]",
2047,788,32,2,57819,115638,"[{""name"":""Vừa"",""variant_id"":59,""price_adjustment"":0}]",
2048,789,32,1,60583,60583,"[{""name"":""Vừa"",""variant_id"":59,""price_adjustment"":0}]",
2049,789,36,1,53917,53917,"[{""name"":""Vừa"",""variant_id"":59,""price_adjustment"":0}]",
2050,789,34,1,66594,66594,"[{""name"":""Vừa"",""variant_id"":59,""price_adjustment"":0}]",
2051,789,29,3,60859,182577,"[{""name"":""Vừa"",""variant_id"":59,""price_adjustment"":0}]",
2052,790,40,3,28808,86424,"[{""name"":""Vừa"",""variant_id"":59,""price_adjustment"":0}]",
2053,790,37,1,61018,61018,"[{""name"":""Vừa"",""variant_id"":59,""price_adjustment"":0}]",
2054,791,43,3,59114,177342,"[{""name"":""Vừa"",""variant_id"":59,""price_adjustment"":0}]",
2055,791,38,2,68843,137686,"[{""name"":""Vừa"",""variant_id"":59,""price_adjustment"":0}]",
2056,792,35,3,29316,87948,"[{""name"":""Vừa"",""variant_id"":59,""price_adjustment"":0}]",
2057,792,41,2,74437,148874,"[{""name"":""Vừa"",""variant_id"":59,""price_adjustment"":0}]",
2058,793,17,2,68904,137808,"[{""name"":""Vừa"",""variant_id"":59,""price_adjustment"":0}]",
2059,793,7,1,60777,60777,"[{""name"":""Vừa"",""variant_id"":59,""price_adjustment"":0}]",
2060,793,28,1,63543,63543,"[{""name"":""Vừa"",""variant_id"":59,""price_adjustment"":0}]",
2061,794,7,1,73129,73129,"[{""name"":""Vừa"",""variant_id"":59,""price_adjustment"":0}]",
2062,794,5,1,68176,68176,"[{""name"":""Vừa"",""variant_id"":59,""price_adjustment"":0}]",
2063,794,27,3,63415,190245,"[{""name"":""Vừa"",""variant_id"":59,""price_adjustment"":0}]",
2064,794,28,3,34102,102306,"[{""name"":""Vừa"",""variant_id"":59,""price_adjustment"":0}]",
2065,795,25,2,56597,113194,"[{""name"":""Vừa"",""variant_id"":59,""price_adjustment"":0}]",
2066,795,23,3,47935,143805,"[{""name"":""Vừa"",""variant_id"":59,""price_adjustment"":0}]",
2067,796,9,3,26416,79248,"[{""name"":""Vừa"",""variant_id"":59,""price_adjustment"":0}]",
2068,796,25,2,36425,72850,"[{""name"":""Vừa"",""variant_id"":59,""price_adjustment"":0}]",
2069,796,6,1,54025,54025,"[{""name"":""Vừa"",""variant_id"":59,""price_adjustment"":0}]",
2070,797,26,1,49383,49383,"[{""name"":""Vừa"",""variant_id"":59,""price_adjustment"":0}]",
2071,797,19,2,60255,120510,"[{""name"":""Vừa"",""variant_id"":59,""price_adjustment"":0}]",
2072,797,27,1,44438,44438,"[{""name"":""Vừa"",""variant_id"":59,""price_adjustment"":0}]",
2073,798,53,3,69175,207525,"[{""name"":""Vừa"",""variant_id"":59,""price_adjustment"":0}]",
2074,798,51,2,40248,80496,"[{""name"":""Vừa"",""variant_id"":59,""price_adjustment"":0}]",
2075,798,58,1,64966,64966,"[{""name"":""Vừa"",""variant_id"":59,""price_adjustment"":0}]",
2076,799,67,1,59976,59976,"[{""name"":""Vừa"",""variant_id"":59,""price_adjustment"":0}]",
2077,799,47,1,72742,72742,"[{""name"":""Vừa"",""variant_id"":59,""price_adjustment"":0}]",
2078,799,51,3,45853,137559,"[{""name"":""Vừa"",""variant_id"":59,""price_adjustment"":0}]",
2079,800,56,1,67292,67292,"[{""name"":""Vừa"",""variant_id"":59,""price_adjustment"":0}]",
2080,801,65,2,67723,135446,"[{""name"":""Vừa"",""variant_id"":59,""price_adjustment"":0}]",
2081,802,22,3,47286,141858,"[{""name"":""Vừa"",""variant_id"":59,""price_adjustment"":0}]",
2082,802,17,1,58323,58323,"[{""name"":""Vừa"",""variant_id"":59,""price_adjustment"":0}]",
2083,803,22,3,40732,122196,"[{""name"":""Vừa"",""variant_id"":59,""price_adjustment"":0}]",
2084,803,25,2,43333,86666,"[{""name"":""Vừa"",""variant_id"":59,""price_adjustment"":0}]",
2085,803,23,2,50133,100266,"[{""name"":""Vừa"",""variant_id"":59,""price_adjustment"":0}]",
2086,803,12,1,28105,28105,"[{""name"":""Vừa"",""variant_id"":59,""price_adjustment"":0}]",
2087,804,3,2,60310,120620,"[{""name"":""Vừa"",""variant_id"":59,""price_adjustment"":0}]",
2088,804,5,2,45028,90056,"[{""name"":""Vừa"",""variant_id"":59,""price_adjustment"":0}]",
2089,804,14,3,39360,118080,"[{""name"":""Vừa"",""variant_id"":59,""price_adjustment"":0}]",
2090,804,13,3,32399,97197,"[{""name"":""Vừa"",""variant_id"":59,""price_adjustment"":0}]",
2091,805,69,3,67375,202125,"[{""name"":""Vừa"",""variant_id"":59,""price_adjustment"":0}]",
2092,805,64,2,38537,77074,"[{""name"":""Vừa"",""variant_id"":59,""price_adjustment"":0}]",
2093,805,68,1,40485,40485,"[{""name"":""Vừa"",""variant_id"":59,""price_adjustment"":0}]",
2094,806,6,2,46218,92436,"[{""name"":""Vừa"",""variant_id"":59,""price_adjustment"":0}]",
2095,806,20,1,56967,56967,"[{""name"":""Vừa"",""variant_id"":59,""price_adjustment"":0}]",
2096,807,64,2,58501,117002,"[{""name"":""Vừa"",""variant_id"":59,""price_adjustment"":0}]",
2097,807,48,2,36748,73496,"[{""name"":""Vừa"",""variant_id"":59,""price_adjustment"":0}]",
2098,807,69,2,65016,130032,"[{""name"":""Vừa"",""variant_id"":59,""price_adjustment"":0}]",
2099,808,7,3,40212,120636,"[{""name"":""Vừa"",""variant_id"":59,""price_adjustment"":0}]",
2100,808,10,3,58140,174420,"[{""name"":""Vừa"",""variant_id"":59,""price_adjustment"":0}]",
2101,809,7,2,70198,140396,"[{""name"":""Vừa"",""variant_id"":59,""price_adjustment"":0}]",
2102,809,11,3,60476,181428,"[{""name"":""Vừa"",""variant_id"":59,""price_adjustment"":0}]",
2103,810,70,1,29238,29238,"[{""name"":""Vừa"",""variant_id"":59,""price_adjustment"":0}]",
2104,810,61,2,69829,139658,"[{""name"":""Vừa"",""variant_id"":59,""price_adjustment"":0}]",
2105,810,50,2,27318,54636,"[{""name"":""Vừa"",""variant_id"":59,""price_adjustment"":0}]",
2106,810,53,3,37933,113799,"[{""name"":""Vừa"",""variant_id"":59,""price_adjustment"":0}]",
2107,811,62,3,72410,217230,"[{""name"":""Vừa"",""variant_id"":59,""price_adjustment"":0}]",
2108,812,24,3,68267,204801,"[{""name"":""Vừa"",""variant_id"":59,""price_adjustment"":0}]",
2109,813,8,2,54367,108734,"[{""name"":""Vừa"",""variant_id"":59,""price_adjustment"":0}]",
2110,814,17,2,42360,84720,"[{""name"":""Vừa"",""variant_id"":59,""price_adjustment"":0}]",
2111,814,25,3,52501,157503,"[{""name"":""Vừa"",""variant_id"":59,""price_adjustment"":0}]",
2112,814,18,2,73394,146788,"[{""name"":""Vừa"",""variant_id"":59,""price_adjustment"":0}]",
2113,815,51,2,31425,62850,"[{""name"":""Vừa"",""variant_id"":59,""price_adjustment"":0}]",
2114,815,56,2,46187,92374,"[{""name"":""Vừa"",""variant_id"":59,""price_adjustment"":0}]",
2115,815,55,1,71661,71661,"[{""name"":""Vừa"",""variant_id"":59,""price_adjustment"":0}]",
2116,815,68,1,49753,49753,"[{""name"":""Vừa"",""variant_id"":59,""price_adjustment"":0}]",
2117,816,61,1,36575,36575,"[{""name"":""Vừa"",""variant_id"":59,""price_adjustment"":0}]",
2118,817,63,3,49977,149931,"[{""name"":""Vừa"",""variant_id"":59,""price_adjustment"":0}]",
2119,817,62,3,66635,199905,"[{""name"":""Vừa"",""variant_id"":59,""price_adjustment"":0}]",
2120,817,58,1,40142,40142,"[{""name"":""Vừa"",""variant_id"":59,""price_adjustment"":0}]",
2121,818,18,1,60639,60639,"[{""name"":""Vừa"",""variant_id"":59,""price_adjustment"":0}]",
2122,819,67,2,35677,71354,"[{""name"":""Vừa"",""variant_id"":59,""price_adjustment"":0}]",
2123,820,37,2,28413,56826,"[{""name"":""Vừa"",""variant_id"":59,""price_adjustment"":0}]",
2124,820,34,3,72572,217716,"[{""name"":""Vừa"",""variant_id"":59,""price_adjustment"":0}]",
2125,820,42,3,26446,79338,"[{""name"":""Vừa"",""variant_id"":59,""price_adjustment"":0}]",
2126,821,73,3,70492,211476,"[{""name"":""Vừa"",""variant_id"":59,""price_adjustment"":0}]",
2127,821,80,3,53500,160500,"[{""name"":""Vừa"",""variant_id"":59,""price_adjustment"":0}]",
2128,821,76,3,43054,129162,"[{""name"":""Vừa"",""variant_id"":59,""price_adjustment"":0}]",
2129,821,71,3,61100,183300,"[{""name"":""Vừa"",""variant_id"":59,""price_adjustment"":0}]",
2130,822,31,2,55100,110200,"[{""name"":""Vừa"",""variant_id"":59,""price_adjustment"":0}]",
2131,822,39,2,53633,107266,"[{""name"":""Vừa"",""variant_id"":59,""price_adjustment"":0}]",
2132,823,35,3,38997,116991,"[{""name"":""Vừa"",""variant_id"":59,""price_adjustment"":0}]",
2133,823,36,2,56630,113260,"[{""name"":""Vừa"",""variant_id"":59,""price_adjustment"":0}]",
2134,823,33,2,53048,106096,"[{""name"":""Vừa"",""variant_id"":59,""price_adjustment"":0}]",
2135,823,37,1,30984,30984,"[{""name"":""Vừa"",""variant_id"":59,""price_adjustment"":0}]",
2136,824,74,1,25682,25682,"[{""name"":""Vừa"",""variant_id"":59,""price_adjustment"":0}]",
2137,824,79,3,49874,149622,"[{""name"":""Vừa"",""variant_id"":59,""price_adjustment"":0}]",
2138,824,76,1,31599,31599,"[{""name"":""Vừa"",""variant_id"":59,""price_adjustment"":0}]",
2139,825,39,3,54929,164787,"[{""name"":""Vừa"",""variant_id"":59,""price_adjustment"":0}]",
2140,826,41,3,59578,178734,"[{""name"":""Vừa"",""variant_id"":59,""price_adjustment"":0}]",
2141,826,33,2,66899,133798,"[{""name"":""Vừa"",""variant_id"":59,""price_adjustment"":0}]",
2142,826,44,2,56126,112252,"[{""name"":""Vừa"",""variant_id"":59,""price_adjustment"":0}]",
2143,826,42,1,27633,27633,"[{""name"":""Vừa"",""variant_id"":59,""price_adjustment"":0}]",
2144,827,76,1,62677,62677,"[{""name"":""Vừa"",""variant_id"":59,""price_adjustment"":0}]",
2145,827,71,3,74048,222144,"[{""name"":""Vừa"",""variant_id"":59,""price_adjustment"":0}]",
2146,827,78,2,52662,105324,"[{""name"":""Vừa"",""variant_id"":59,""price_adjustment"":0}]",
2147,827,74,3,57132,171396,"[{""name"":""Vừa"",""variant_id"":59,""price_adjustment"":0}]",
2148,828,38,1,44384,44384,"[{""name"":""Vừa"",""variant_id"":59,""price_adjustment"":0}]",
2149,828,35,3,40947,122841,"[{""name"":""Vừa"",""variant_id"":59,""price_adjustment"":0}]",
2150,828,42,3,71613,214839,"[{""name"":""Vừa"",""variant_id"":59,""price_adjustment"":0}]",
2151,828,37,1,61145,61145,"[{""name"":""Vừa"",""variant_id"":59,""price_adjustment"":0}]",
2152,829,77,1,51600,51600,"[{""name"":""Vừa"",""variant_id"":59,""price_adjustment"":0}]",
2153,829,80,2,72929,145858,"[{""name"":""Vừa"",""variant_id"":59,""price_adjustment"":0}]",
2154,829,78,3,68513,205539,"[{""name"":""Vừa"",""variant_id"":59,""price_adjustment"":0}]",
2155,829,75,2,29341,58682,"[{""name"":""Vừa"",""variant_id"":59,""price_adjustment"":0}]",
2156,830,81,2,30949,61898,"[{""name"":""Vừa"",""variant_id"":59,""price_adjustment"":0}]",
2157,830,79,3,64620,193860,"[{""name"":""Vừa"",""variant_id"":59,""price_adjustment"":0}]",
2158,831,23,3,59927,179781,"[{""name"":""Vừa"",""variant_id"":59,""price_adjustment"":0}]",
2159,831,21,2,52549,105098,"[{""name"":""Vừa"",""variant_id"":59,""price_adjustment"":0}]",
2160,832,3,2,26716,53432,"[{""name"":""Vừa"",""variant_id"":59,""price_adjustment"":0}]",
2161,832,25,1,51059,51059,"[{""name"":""Vừa"",""variant_id"":59,""price_adjustment"":0}]",
2162,832,28,1,35370,35370,"[{""name"":""Vừa"",""variant_id"":59,""price_adjustment"":0}]",
2163,832,22,2,70162,140324,"[{""name"":""Vừa"",""variant_id"":59,""price_adjustment"":0}]",
2164,833,20,2,56674,113348,"[{""name"":""Vừa"",""variant_id"":59,""price_adjustment"":0}]",
2165,833,26,2,48334,96668,"[{""name"":""Vừa"",""variant_id"":59,""price_adjustment"":0}]",
2166,833,17,3,46991,140973,"[{""name"":""Vừa"",""variant_id"":59,""price_adjustment"":0}]",
2167,834,67,3,73366,220098,"[{""name"":""Vừa"",""variant_id"":59,""price_adjustment"":0}]",
2168,835,50,3,61637,184911,"[{""name"":""Vừa"",""variant_id"":59,""price_adjustment"":0}]",
2169,835,48,3,31699,95097,"[{""name"":""Vừa"",""variant_id"":59,""price_adjustment"":0}]",
2170,836,51,3,49654,148962,"[{""name"":""Vừa"",""variant_id"":59,""price_adjustment"":0}]",
2171,836,70,2,64915,129830,"[{""name"":""Vừa"",""variant_id"":59,""price_adjustment"":0}]",
2172,836,57,1,69901,69901,"[{""name"":""Vừa"",""variant_id"":59,""price_adjustment"":0}]",
2173,836,69,2,47083,94166,"[{""name"":""Vừa"",""variant_id"":59,""price_adjustment"":0}]",
2174,837,68,2,51020,102040,"[{""name"":""Vừa"",""variant_id"":59,""price_adjustment"":0}]",
2175,838,12,2,41301,82602,"[{""name"":""Vừa"",""variant_id"":59,""price_adjustment"":0}]",
2176,838,8,1,62135,62135,"[{""name"":""Vừa"",""variant_id"":59,""price_adjustment"":0}]",
2177,839,16,3,35495,106485,"[{""name"":""Vừa"",""variant_id"":59,""price_adjustment"":0}]",
2178,839,27,2,72089,144178,"[{""name"":""Vừa"",""variant_id"":59,""price_adjustment"":0}]",
2179,839,5,2,65856,131712,"[{""name"":""Vừa"",""variant_id"":59,""price_adjustment"":0}]",
2180,840,49,1,40490,40490,"[{""name"":""Vừa"",""variant_id"":59,""price_adjustment"":0}]",
2181,840,70,2,54579,109158,"[{""name"":""Vừa"",""variant_id"":59,""price_adjustment"":0}]",
2182,840,51,2,43712,87424,"[{""name"":""Vừa"",""variant_id"":59,""price_adjustment"":0}]",
2183,840,65,3,33134,99402,"[{""name"":""Vừa"",""variant_id"":59,""price_adjustment"":0}]",
2184,841,5,2,30828,61656,"[{""name"":""Vừa"",""variant_id"":59,""price_adjustment"":0}]",
2185,842,63,2,45181,90362,"[{""name"":""Vừa"",""variant_id"":59,""price_adjustment"":0}]",
2186,843,28,1,32949,32949,"[{""name"":""Vừa"",""variant_id"":59,""price_adjustment"":0}]",
2187,843,16,3,27045,81135,"[{""name"":""Vừa"",""variant_id"":59,""price_adjustment"":0}]",
2188,843,15,3,60850,182550,"[{""name"":""Vừa"",""variant_id"":59,""price_adjustment"":0}]",
2189,843,14,2,26550,53100,"[{""name"":""Vừa"",""variant_id"":59,""price_adjustment"":0}]",
2190,844,22,1,62291,62291,"[{""name"":""Vừa"",""variant_id"":59,""price_adjustment"":0}]",
2191,845,22,2,61263,122526,"[{""name"":""Vừa"",""variant_id"":59,""price_adjustment"":0}]",
2192,845,5,3,29394,88182,"[{""name"":""Vừa"",""variant_id"":59,""price_adjustment"":0}]",
2193,845,15,1,68456,68456,"[{""name"":""Vừa"",""variant_id"":59,""price_adjustment"":0}]",
2194,845,3,2,36032,72064,"[{""name"":""Vừa"",""variant_id"":59,""price_adjustment"":0}]",
2195,846,13,1,59152,59152,"[{""name"":""Vừa"",""variant_id"":59,""price_adjustment"":0}]",
2196,846,1,1,29162,29162,"[{""name"":""Vừa"",""variant_id"":59,""price_adjustment"":0}]",
2197,847,5,1,42978,42978,"[{""name"":""Vừa"",""variant_id"":59,""price_adjustment"":0}]",
2198,847,1,3,54013,162039,"[{""name"":""Vừa"",""variant_id"":59,""price_adjustment"":0}]",
2199,847,9,2,28941,57882,"[{""name"":""Vừa"",""variant_id"":59,""price_adjustment"":0}]",
2200,847,27,2,33555,67110,"[{""name"":""Vừa"",""variant_id"":59,""price_adjustment"":0}]",
2201,848,50,3,49676,149028,"[{""name"":""Vừa"",""variant_id"":59,""price_adjustment"":0}]",
2202,848,57,1,25747,25747,"[{""name"":""Vừa"",""variant_id"":59,""price_adjustment"":0}]",
2203,848,69,3,30108,90324,"[{""name"":""Vừa"",""variant_id"":59,""price_adjustment"":0}]",
2204,849,34,2,36465,72930,"[{""name"":""Vừa"",""variant_id"":59,""price_adjustment"":0}]",
2205,849,36,2,25031,50062,"[{""name"":""Vừa"",""variant_id"":59,""price_adjustment"":0}]",
2206,849,37,3,67002,201006,"[{""name"":""Vừa"",""variant_id"":59,""price_adjustment"":0}]",
2207,850,73,1,56660,56660,"[{""name"":""Vừa"",""variant_id"":59,""price_adjustment"":0}]",
2208,850,72,3,44442,133326,"[{""name"":""Vừa"",""variant_id"":59,""price_adjustment"":0}]",
2209,851,79,3,32567,97701,"[{""name"":""Vừa"",""variant_id"":59,""price_adjustment"":0}]",
2210,852,38,3,51781,155343,"[{""name"":""Vừa"",""variant_id"":59,""price_adjustment"":0}]",
2211,852,32,2,34329,68658,"[{""name"":""Vừa"",""variant_id"":59,""price_adjustment"":0}]",
2212,852,30,3,43393,130179,"[{""name"":""Vừa"",""variant_id"":59,""price_adjustment"":0}]",
2213,852,40,2,51427,102854,"[{""name"":""Vừa"",""variant_id"":59,""price_adjustment"":0}]",
2214,853,75,2,41275,82550,"[{""name"":""Vừa"",""variant_id"":59,""price_adjustment"":0}]",
2215,853,73,1,37831,37831,"[{""name"":""Vừa"",""variant_id"":59,""price_adjustment"":0}]",
2216,853,72,1,26252,26252,"[{""name"":""Vừa"",""variant_id"":59,""price_adjustment"":0}]",
2217,853,79,1,25754,25754,"[{""name"":""Vừa"",""variant_id"":59,""price_adjustment"":0}]",
2218,854,76,2,57250,114500,"[{""name"":""Vừa"",""variant_id"":59,""price_adjustment"":0}]",
2219,854,79,3,52742,158226,"[{""name"":""Vừa"",""variant_id"":59,""price_adjustment"":0}]",
2220,855,31,3,44365,133095,"[{""name"":""Vừa"",""variant_id"":59,""price_adjustment"":0}]",
2221,855,34,1,56233,56233,"[{""name"":""Vừa"",""variant_id"":59,""price_adjustment"":0}]",
2222,856,78,2,57558,115116,"[{""name"":""Vừa"",""variant_id"":59,""price_adjustment"":0}]",
2223,856,74,1,25051,25051,"[{""name"":""Vừa"",""variant_id"":59,""price_adjustment"":0}]",
2224,856,75,1,51621,51621,"[{""name"":""Vừa"",""variant_id"":59,""price_adjustment"":0}]",
2225,856,81,1,74690,74690,"[{""name"":""Vừa"",""variant_id"":59,""price_adjustment"":0}]",
2226,857,81,1,65206,65206,"[{""name"":""Vừa"",""variant_id"":59,""price_adjustment"":0}]",
2227,857,77,2,72419,144838,"[{""name"":""Vừa"",""variant_id"":59,""price_adjustment"":0}]",
2228,857,80,1,26875,26875,"[{""name"":""Vừa"",""variant_id"":59,""price_adjustment"":0}]",
2229,857,71,1,31814,31814,"[{""name"":""Vừa"",""variant_id"":59,""price_adjustment"":0}]",
2230,858,30,1,66287,66287,"[{""name"":""Vừa"",""variant_id"":59,""price_adjustment"":0}]",
2231,858,31,2,31213,62426,"[{""name"":""Vừa"",""variant_id"":59,""price_adjustment"":0}]",
2232,858,37,2,51315,102630,"[{""name"":""Vừa"",""variant_id"":59,""price_adjustment"":0}]",
2233,858,41,1,38520,38520,"[{""name"":""Vừa"",""variant_id"":59,""price_adjustment"":0}]",
2234,859,53,1,34824,34824,"[{""name"":""Vừa"",""variant_id"":59,""price_adjustment"":0}]",
2235,859,64,1,25930,25930,"[{""name"":""Vừa"",""variant_id"":59,""price_adjustment"":0}]",
2236,860,4,1,71875,71875,"[{""name"":""Vừa"",""variant_id"":59,""price_adjustment"":0}]",
2237,860,9,2,62034,124068,"[{""name"":""Vừa"",""variant_id"":59,""price_adjustment"":0}]",
2238,861,68,2,60609,121218,"[{""name"":""Vừa"",""variant_id"":59,""price_adjustment"":0}]",
2239,862,25,2,25674,51348,"[{""name"":""Vừa"",""variant_id"":59,""price_adjustment"":0}]",
2240,862,8,2,39254,78508,"[{""name"":""Vừa"",""variant_id"":59,""price_adjustment"":0}]",
2241,862,4,1,61865,61865,"[{""name"":""Vừa"",""variant_id"":59,""price_adjustment"":0}]",
2242,862,5,1,32189,32189,"[{""name"":""Vừa"",""variant_id"":59,""price_adjustment"":0}]",
2243,863,70,3,50837,152511,"[{""name"":""Vừa"",""variant_id"":59,""price_adjustment"":0}]",
2244,863,60,2,66021,132042,"[{""name"":""Vừa"",""variant_id"":59,""price_adjustment"":0}]",
2245,863,59,1,27106,27106,"[{""name"":""Vừa"",""variant_id"":59,""price_adjustment"":0}]",
2246,864,22,1,74787,74787,"[{""name"":""Vừa"",""variant_id"":59,""price_adjustment"":0}]",
2247,865,67,1,27930,27930,"[{""name"":""Vừa"",""variant_id"":59,""price_adjustment"":0}]",
2248,866,21,3,61080,183240,"[{""name"":""Vừa"",""variant_id"":59,""price_adjustment"":0}]",
2249,866,7,2,55285,110570,"[{""name"":""Vừa"",""variant_id"":59,""price_adjustment"":0}]",
2250,866,10,2,57169,114338,"[{""name"":""Vừa"",""variant_id"":59,""price_adjustment"":0}]",
2251,867,11,2,31144,62288,"[{""name"":""Vừa"",""variant_id"":59,""price_adjustment"":0}]",
2252,867,9,2,69266,138532,"[{""name"":""Vừa"",""variant_id"":59,""price_adjustment"":0}]",
2253,867,25,1,69460,69460,"[{""name"":""Vừa"",""variant_id"":59,""price_adjustment"":0}]",
2254,868,19,1,68857,68857,"[{""name"":""Vừa"",""variant_id"":59,""price_adjustment"":0}]",
2255,869,60,2,52677,105354,"[{""name"":""Vừa"",""variant_id"":59,""price_adjustment"":0}]",
2256,869,61,3,58957,176871,"[{""name"":""Vừa"",""variant_id"":59,""price_adjustment"":0}]",
2257,869,65,3,26245,78735,"[{""name"":""Vừa"",""variant_id"":59,""price_adjustment"":0}]",
2258,870,68,1,53988,53988,"[{""name"":""Vừa"",""variant_id"":59,""price_adjustment"":0}]",
2259,871,17,2,48397,96794,"[{""name"":""Vừa"",""variant_id"":59,""price_adjustment"":0}]",
2260,871,4,2,37372,74744,"[{""name"":""Vừa"",""variant_id"":59,""price_adjustment"":0}]",
2261,871,27,2,61512,123024,"[{""name"":""Vừa"",""variant_id"":59,""price_adjustment"":0}]",
2262,872,8,2,71813,143626,"[{""name"":""Vừa"",""variant_id"":59,""price_adjustment"":0}]",
2263,873,52,1,67893,67893,"[{""name"":""Vừa"",""variant_id"":59,""price_adjustment"":0}]",
2264,873,69,3,43156,129468,"[{""name"":""Vừa"",""variant_id"":59,""price_adjustment"":0}]",
2265,873,1,1,29867,29867,"[{""name"":""Vừa"",""variant_id"":59,""price_adjustment"":0}]",
2266,874,27,2,51908,103816,"[{""name"":""Vừa"",""variant_id"":59,""price_adjustment"":0}]",
2267,875,48,1,33197,33197,"[{""name"":""Vừa"",""variant_id"":59,""price_adjustment"":0}]",
2268,875,26,2,61320,122640,"[{""name"":""Vừa"",""variant_id"":59,""price_adjustment"":0}]",
2269,876,74,3,53040,159120,"[{""name"":""Vừa"",""variant_id"":59,""price_adjustment"":0}]",
2270,876,63,2,51550,103100,"[{""name"":""Vừa"",""variant_id"":59,""price_adjustment"":0}]",
2271,876,19,1,56070,56070,"[{""name"":""Vừa"",""variant_id"":59,""price_adjustment"":0}]",
2272,877,32,2,44349,88698,"[{""name"":""Vừa"",""variant_id"":59,""price_adjustment"":0}]",
2273,877,50,1,69928,69928,"[{""name"":""Vừa"",""variant_id"":59,""price_adjustment"":0}]",
2274,877,51,1,27558,27558,"[{""name"":""Vừa"",""variant_id"":59,""price_adjustment"":0}]",
2275,877,27,2,48413,96826,"[{""name"":""Vừa"",""variant_id"":59,""price_adjustment"":0}]",
2276,878,23,1,67103,67103,"[{""name"":""Vừa"",""variant_id"":59,""price_adjustment"":0}]",
2277,878,7,3,57427,172281,"[{""name"":""Vừa"",""variant_id"":59,""price_adjustment"":0}]",
2278,878,78,2,69807,139614,"[{""name"":""Vừa"",""variant_id"":59,""price_adjustment"":0}]",
2279,878,35,2,49331,98662,"[{""name"":""Vừa"",""variant_id"":59,""price_adjustment"":0}]",
2280,879,2,1,33731,33731,"[{""name"":""Vừa"",""variant_id"":59,""price_adjustment"":0}]",
2281,879,68,1,25821,25821,"[{""name"":""Vừa"",""variant_id"":59,""price_adjustment"":0}]",
2282,879,29,3,61742,185226,"[{""name"":""Vừa"",""variant_id"":59,""price_adjustment"":0}]",
2283,879,77,1,69344,69344,"[{""name"":""Vừa"",""variant_id"":59,""price_adjustment"":0}]",
2284,880,9,2,61784,123568,"[{""name"":""Vừa"",""variant_id"":59,""price_adjustment"":0}]",
2285,881,1,1,42694,42694,"[{""name"":""Vừa"",""variant_id"":59,""price_adjustment"":0}]",
2286,881,45,3,60166,180498,"[{""name"":""Vừa"",""variant_id"":59,""price_adjustment"":0}]",
2287,881,18,1,73194,73194,"[{""name"":""Vừa"",""variant_id"":59,""price_adjustment"":0}]",
2288,881,66,1,26920,26920,"[{""name"":""Vừa"",""variant_id"":59,""price_adjustment"":0}]",
2289,882,52,1,70534,70534,"[{""name"":""Vừa"",""variant_id"":59,""price_adjustment"":0}]",
2290,882,24,2,55766,111532,"[{""name"":""Vừa"",""variant_id"":59,""price_adjustment"":0}]",
2291,883,57,2,71529,143058,"[{""name"":""Vừa"",""variant_id"":59,""price_adjustment"":0}]",
2292,883,18,2,66683,133366,"[{""name"":""Vừa"",""variant_id"":59,""price_adjustment"":0}]",
2293,883,58,3,49209,147627,"[{""name"":""Vừa"",""variant_id"":59,""price_adjustment"":0}]",
2294,883,5,3,52689,158067,"[{""name"":""Vừa"",""variant_id"":59,""price_adjustment"":0}]",
2295,884,3,3,65803,197409,"[{""name"":""Vừa"",""variant_id"":59,""price_adjustment"":0}]",
2296,884,24,1,27176,27176,"[{""name"":""Vừa"",""variant_id"":59,""price_adjustment"":0}]",
2297,884,36,2,50847,101694,"[{""name"":""Vừa"",""variant_id"":59,""price_adjustment"":0}]",
2298,884,39,3,53032,159096,"[{""name"":""Vừa"",""variant_id"":59,""price_adjustment"":0}]",
2299,885,1,2,73548,147096,"[{""name"":""Vừa"",""variant_id"":59,""price_adjustment"":0}]",
2300,886,5,3,70408,211224,"[{""name"":""Vừa"",""variant_id"":59,""price_adjustment"":0}]",
2301,886,20,2,74612,149224,"[{""name"":""Vừa"",""variant_id"":59,""price_adjustment"":0}]",
2302,886,17,3,66611,199833,"[{""name"":""Vừa"",""variant_id"":59,""price_adjustment"":0}]",
2303,887,56,3,53647,160941,"[{""name"":""Vừa"",""variant_id"":59,""price_adjustment"":0}]",
2304,887,60,2,61027,122054,"[{""name"":""Vừa"",""variant_id"":59,""price_adjustment"":0}]",
2305,887,69,1,54089,54089,"[{""name"":""Vừa"",""variant_id"":59,""price_adjustment"":0}]",
2306,887,65,1,35119,35119,"[{""name"":""Vừa"",""variant_id"":59,""price_adjustment"":0}]",
2307,888,9,3,71076,213228,"[{""name"":""Vừa"",""variant_id"":59,""price_adjustment"":0}]",
2308,889,22,2,31094,62188,"[{""name"":""Vừa"",""variant_id"":59,""price_adjustment"":0}]",
2309,889,12,3,74038,222114,"[{""name"":""Vừa"",""variant_id"":59,""price_adjustment"":0}]",
2310,889,18,3,31586,94758,"[{""name"":""Vừa"",""variant_id"":59,""price_adjustment"":0}]",
2311,890,26,3,55958,167874,"[{""name"":""Vừa"",""variant_id"":59,""price_adjustment"":0}]",
2312,890,16,1,72815,72815,"[{""name"":""Vừa"",""variant_id"":59,""price_adjustment"":0}]",
2313,890,9,2,25985,51970,"[{""name"":""Vừa"",""variant_id"":59,""price_adjustment"":0}]",
2314,890,15,1,40707,40707,"[{""name"":""Vừa"",""variant_id"":59,""price_adjustment"":0}]",
2315,891,20,2,42173,84346,"[{""name"":""Vừa"",""variant_id"":59,""price_adjustment"":0}]",
2316,891,28,2,41668,83336,"[{""name"":""Vừa"",""variant_id"":59,""price_adjustment"":0}]",
2317,891,10,1,70018,70018,"[{""name"":""Vừa"",""variant_id"":59,""price_adjustment"":0}]",
2318,892,70,2,53773,107546,"[{""name"":""Vừa"",""variant_id"":59,""price_adjustment"":0}]",
2319,893,7,1,58705,58705,"[{""name"":""Vừa"",""variant_id"":59,""price_adjustment"":0}]",
2320,893,23,2,33374,66748,"[{""name"":""Vừa"",""variant_id"":59,""price_adjustment"":0}]",
2321,893,9,3,40752,122256,"[{""name"":""Vừa"",""variant_id"":59,""price_adjustment"":0}]",
2322,894,23,3,70617,211851,"[{""name"":""Vừa"",""variant_id"":59,""price_adjustment"":0}]",
2323,894,28,3,63324,189972,"[{""name"":""Vừa"",""variant_id"":59,""price_adjustment"":0}]",
2324,894,13,3,31864,95592,"[{""name"":""Vừa"",""variant_id"":59,""price_adjustment"":0}]",
2325,894,22,1,70919,70919,"[{""name"":""Vừa"",""variant_id"":59,""price_adjustment"":0}]",
2326,895,55,1,26429,26429,"[{""name"":""Vừa"",""variant_id"":59,""price_adjustment"":0}]",
2327,895,68,3,29281,87843,"[{""name"":""Vừa"",""variant_id"":59,""price_adjustment"":0}]",
2328,895,57,3,47655,142965,"[{""name"":""Vừa"",""variant_id"":59,""price_adjustment"":0}]",
2329,895,64,1,68865,68865,"[{""name"":""Vừa"",""variant_id"":59,""price_adjustment"":0}]",
2330,896,41,1,69875,69875,"[{""name"":""Vừa"",""variant_id"":59,""price_adjustment"":0}]",
2331,896,30,2,57864,115728,"[{""name"":""Vừa"",""variant_id"":59,""price_adjustment"":0}]",
2332,896,29,3,66507,199521,"[{""name"":""Vừa"",""variant_id"":59,""price_adjustment"":0}]",
2333,896,34,2,49347,98694,"[{""name"":""Vừa"",""variant_id"":59,""price_adjustment"":0}]",
2334,897,32,2,30360,60720,"[{""name"":""Vừa"",""variant_id"":59,""price_adjustment"":0}]",
2335,897,44,1,73742,73742,"[{""name"":""Vừa"",""variant_id"":59,""price_adjustment"":0}]",
2336,897,37,3,46318,138954,"[{""name"":""Vừa"",""variant_id"":59,""price_adjustment"":0}]",
2337,897,38,1,69482,69482,"[{""name"":""Vừa"",""variant_id"":59,""price_adjustment"":0}]",
2338,898,80,2,45085,90170,"[{""name"":""Vừa"",""variant_id"":59,""price_adjustment"":0}]",
2339,898,73,2,49483,98966,"[{""name"":""Vừa"",""variant_id"":59,""price_adjustment"":0}]",
2340,899,35,3,71318,213954,"[{""name"":""Vừa"",""variant_id"":59,""price_adjustment"":0}]",
2341,899,44,1,60740,60740,"[{""name"":""Vừa"",""variant_id"":59,""price_adjustment"":0}]",
2342,899,37,3,55767,167301,"[{""name"":""Vừa"",""variant_id"":59,""price_adjustment"":0}]",
2343,899,34,3,32895,98685,"[{""name"":""Vừa"",""variant_id"":59,""price_adjustment"":0}]",
2344,900,39,1,47390,47390,"[{""name"":""Vừa"",""variant_id"":59,""price_adjustment"":0}]",
2345,900,37,3,61532,184596,"[{""name"":""Vừa"",""variant_id"":59,""price_adjustment"":0}]",
2346,901,17,2,61639,123278,"[{""name"":""Vừa"",""variant_id"":59,""price_adjustment"":0}]",
2347,901,4,2,44532,89064,"[{""name"":""Vừa"",""variant_id"":59,""price_adjustment"":0}]",
2348,902,38,2,57053,114106,"[{""name"":""Vừa"",""variant_id"":59,""price_adjustment"":0}]",
2349,902,36,3,37006,111018,"[{""name"":""Vừa"",""variant_id"":59,""price_adjustment"":0}]",
2350,902,4,3,29030,87090,"[{""name"":""Vừa"",""variant_id"":59,""price_adjustment"":0}]",
2351,903,57,1,53772,53772,"[{""name"":""Vừa"",""variant_id"":59,""price_adjustment"":0}]",
2352,903,75,3,67201,201603,"[{""name"":""Vừa"",""variant_id"":59,""price_adjustment"":0}]",
2353,903,45,3,74493,223479,"[{""name"":""Vừa"",""variant_id"":59,""price_adjustment"":0}]",
2354,903,65,3,25205,75615,"[{""name"":""Vừa"",""variant_id"":59,""price_adjustment"":0}]",
2355,904,38,2,68404,136808,"[{""name"":""Vừa"",""variant_id"":59,""price_adjustment"":0}]",
2356,904,4,3,53474,160422,"[{""name"":""Vừa"",""variant_id"":59,""price_adjustment"":0}]",
2357,904,9,3,60803,182409,"[{""name"":""Vừa"",""variant_id"":59,""price_adjustment"":0}]",
2358,904,16,1,49215,49215,"[{""name"":""Vừa"",""variant_id"":59,""price_adjustment"":0}]",
2359,905,20,2,26374,52748,"[{""name"":""Vừa"",""variant_id"":59,""price_adjustment"":0}]",
2360,905,15,1,25454,25454,"[{""name"":""Vừa"",""variant_id"":59,""price_adjustment"":0}]",
2361,905,25,1,60314,60314,"[{""name"":""Vừa"",""variant_id"":59,""price_adjustment"":0}]",
2362,906,4,3,46939,140817,"[{""name"":""Vừa"",""variant_id"":59,""price_adjustment"":0}]",
2363,906,19,1,37789,37789,"[{""name"":""Vừa"",""variant_id"":59,""price_adjustment"":0}]",
2364,906,36,1,39383,39383,"[{""name"":""Vừa"",""variant_id"":59,""price_adjustment"":0}]",
2365,906,78,3,26259,78777,"[{""name"":""Vừa"",""variant_id"":59,""price_adjustment"":0}]",
2366,907,51,2,43936,87872,"[{""name"":""Vừa"",""variant_id"":59,""price_adjustment"":0}]",
2367,907,65,1,68436,68436,"[{""name"":""Vừa"",""variant_id"":59,""price_adjustment"":0}]",
2368,908,53,1,53717,53717,"[{""name"":""Vừa"",""variant_id"":59,""price_adjustment"":0}]",
2369,909,16,1,45861,45861,"[{""name"":""Vừa"",""variant_id"":59,""price_adjustment"":0}]",
2370,910,15,2,31727,63454,"[{""name"":""Vừa"",""variant_id"":59,""price_adjustment"":0}]",
2371,910,61,1,62612,62612,"[{""name"":""Vừa"",""variant_id"":59,""price_adjustment"":0}]",
2372,910,53,1,48491,48491,"[{""name"":""Vừa"",""variant_id"":59,""price_adjustment"":0}]",
2373,911,69,1,60736,60736,"[{""name"":""Vừa"",""variant_id"":59,""price_adjustment"":0}]",
2374,912,45,2,70854,141708,"[{""name"":""Vừa"",""variant_id"":59,""price_adjustment"":0}]",
2375,912,55,3,47500,142500,"[{""name"":""Vừa"",""variant_id"":59,""price_adjustment"":0}]",
2376,913,24,1,66911,66911,"[{""name"":""Vừa"",""variant_id"":59,""price_adjustment"":0}]",
2377,913,58,3,67083,201249,"[{""name"":""Vừa"",""variant_id"":59,""price_adjustment"":0}]",
2378,913,78,2,69366,138732,"[{""name"":""Vừa"",""variant_id"":59,""price_adjustment"":0}]",
2379,913,12,1,31850,31850,"[{""name"":""Vừa"",""variant_id"":59,""price_adjustment"":0}]",
2380,914,51,3,58375,175125,"[{""name"":""Vừa"",""variant_id"":59,""price_adjustment"":0}]",
2381,915,24,2,42308,84616,"[{""name"":""Vừa"",""variant_id"":59,""price_adjustment"":0}]",
2382,916,62,3,35453,106359,"[{""name"":""Vừa"",""variant_id"":59,""price_adjustment"":0}]",
2383,916,66,2,46046,92092,"[{""name"":""Vừa"",""variant_id"":59,""price_adjustment"":0}]",
2384,916,7,3,30943,92829,"[{""name"":""Vừa"",""variant_id"":59,""price_adjustment"":0}]",
2385,916,45,1,54063,54063,"[{""name"":""Vừa"",""variant_id"":59,""price_adjustment"":0}]",
2386,917,70,3,61445,184335,"[{""name"":""Vừa"",""variant_id"":59,""price_adjustment"":0}]",
2387,917,57,2,47558,95116,"[{""name"":""Vừa"",""variant_id"":59,""price_adjustment"":0}]",
2388,918,81,3,56540,169620,"[{""name"":""Vừa"",""variant_id"":59,""price_adjustment"":0}]",
2389,918,49,3,27764,83292,"[{""name"":""Vừa"",""variant_id"":59,""price_adjustment"":0}]",
2390,918,64,2,45315,90630,"[{""name"":""Vừa"",""variant_id"":59,""price_adjustment"":0}]",
2391,919,33,3,62922,188766,"[{""name"":""Vừa"",""variant_id"":59,""price_adjustment"":0}]",
2392,919,29,1,59925,59925,"[{""name"":""Vừa"",""variant_id"":59,""price_adjustment"":0}]",
2393,920,50,1,71815,71815,"[{""name"":""Vừa"",""variant_id"":59,""price_adjustment"":0}]",
2394,920,2,1,39338,39338,"[{""name"":""Vừa"",""variant_id"":59,""price_adjustment"":0}]",
2395,920,71,2,37365,74730,"[{""name"":""Vừa"",""variant_id"":59,""price_adjustment"":0}]",
2396,921,9,1,60105,60105,"[{""name"":""Vừa"",""variant_id"":59,""price_adjustment"":0}]",
2397,921,29,1,31027,31027,"[{""name"":""Vừa"",""variant_id"":59,""price_adjustment"":0}]",
2398,922,28,2,47445,94890,"[{""name"":""Vừa"",""variant_id"":59,""price_adjustment"":0}]",
2399,922,60,3,52641,157923,"[{""name"":""Vừa"",""variant_id"":59,""price_adjustment"":0}]",
2400,922,65,1,74642,74642,"[{""name"":""Vừa"",""variant_id"":59,""price_adjustment"":0}]",
2401,922,9,3,55165,165495,"[{""name"":""Vừa"",""variant_id"":59,""price_adjustment"":0}]",
2402,923,67,3,68392,205176,"[{""name"":""Vừa"",""variant_id"":59,""price_adjustment"":0}]",
2403,923,10,1,57690,57690,"[{""name"":""Vừa"",""variant_id"":59,""price_adjustment"":0}]",
2404,923,50,1,73932,73932,"[{""name"":""Vừa"",""variant_id"":59,""price_adjustment"":0}]",
2405,924,1,1,43052,43052,"[{""name"":""Vừa"",""variant_id"":59,""price_adjustment"":0}]",
2406,925,64,1,33290,33290,"[{""name"":""Vừa"",""variant_id"":59,""price_adjustment"":0}]",
2407,925,66,3,32592,97776,"[{""name"":""Vừa"",""variant_id"":59,""price_adjustment"":0}]",
2408,925,69,3,59351,178053,"[{""name"":""Vừa"",""variant_id"":59,""price_adjustment"":0}]",
2409,926,6,3,61514,184542,"[{""name"":""Vừa"",""variant_id"":59,""price_adjustment"":0}]",
2410,926,24,2,57349,114698,"[{""name"":""Vừa"",""variant_id"":59,""price_adjustment"":0}]",
2411,926,28,3,56250,168750,"[{""name"":""Vừa"",""variant_id"":59,""price_adjustment"":0}]",
2412,926,1,2,35308,70616,"[{""name"":""Vừa"",""variant_id"":59,""price_adjustment"":0}]",
2413,927,12,3,49469,148407,"[{""name"":""Vừa"",""variant_id"":59,""price_adjustment"":0}]",
2414,928,52,1,66828,66828,"[{""name"":""Vừa"",""variant_id"":59,""price_adjustment"":0}]",
2415,928,68,3,30930,92790,"[{""name"":""Vừa"",""variant_id"":59,""price_adjustment"":0}]",
2416,929,22,1,65331,65331,"[{""name"":""Vừa"",""variant_id"":59,""price_adjustment"":0}]",
2417,929,7,2,48061,96122,"[{""name"":""Vừa"",""variant_id"":59,""price_adjustment"":0}]",
2418,930,47,3,65636,196908,"[{""name"":""Vừa"",""variant_id"":59,""price_adjustment"":0}]",
2419,930,69,1,38136,38136,"[{""name"":""Vừa"",""variant_id"":59,""price_adjustment"":0}]",
2420,930,63,1,66682,66682,"[{""name"":""Vừa"",""variant_id"":59,""price_adjustment"":0}]",
2421,930,60,1,69529,69529,"[{""name"":""Vừa"",""variant_id"":59,""price_adjustment"":0}]",
2422,931,52,2,46778,93556,"[{""name"":""Vừa"",""variant_id"":59,""price_adjustment"":0}]",
2423,931,58,1,38640,38640,"[{""name"":""Vừa"",""variant_id"":59,""price_adjustment"":0}]",
2424,931,60,1,41101,41101,"[{""name"":""Vừa"",""variant_id"":59,""price_adjustment"":0}]",
2425,931,56,3,41029,123087,"[{""name"":""Vừa"",""variant_id"":59,""price_adjustment"":0}]",
2426,932,1,1,66674,66674,"[{""name"":""Vừa"",""variant_id"":59,""price_adjustment"":0}]",
2427,932,23,3,71921,215763,"[{""name"":""Vừa"",""variant_id"":59,""price_adjustment"":0}]",
2428,932,7,2,52450,104900,"[{""name"":""Vừa"",""variant_id"":59,""price_adjustment"":0}]",
2429,932,9,3,62455,187365,"[{""name"":""Vừa"",""variant_id"":59,""price_adjustment"":0}]",
2430,933,4,2,54174,108348,"[{""name"":""Vừa"",""variant_id"":59,""price_adjustment"":0}]",
2431,934,2,2,67740,135480,"[{""name"":""Vừa"",""variant_id"":59,""price_adjustment"":0}]",
2432,935,8,3,57432,172296,"[{""name"":""Vừa"",""variant_id"":59,""price_adjustment"":0}]",
2433,935,9,3,72355,217065,"[{""name"":""Vừa"",""variant_id"":59,""price_adjustment"":0}]",
2434,936,53,1,72696,72696,"[{""name"":""Vừa"",""variant_id"":59,""price_adjustment"":0}]",
2435,937,5,2,57167,114334,"[{""name"":""Vừa"",""variant_id"":59,""price_adjustment"":0}]",
2436,937,9,1,27076,27076,"[{""name"":""Vừa"",""variant_id"":59,""price_adjustment"":0}]",
2437,937,2,2,74509,149018,"[{""name"":""Vừa"",""variant_id"":59,""price_adjustment"":0}]",
2438,938,52,1,71911,71911,"[{""name"":""Vừa"",""variant_id"":59,""price_adjustment"":0}]",
2439,938,10,1,56394,56394,"[{""name"":""Vừa"",""variant_id"":59,""price_adjustment"":0}]",
2440,938,35,1,25573,25573,"[{""name"":""Vừa"",""variant_id"":59,""price_adjustment"":0}]",
2441,939,21,2,33607,67214,"[{""name"":""Vừa"",""variant_id"":59,""price_adjustment"":0}]",
2442,939,32,2,66455,132910,"[{""name"":""Vừa"",""variant_id"":59,""price_adjustment"":0}]",
2443,939,78,1,68672,68672,"[{""name"":""Vừa"",""variant_id"":59,""price_adjustment"":0}]",
2444,940,13,2,71766,143532,"[{""name"":""Vừa"",""variant_id"":59,""price_adjustment"":0}]",
2445,940,57,1,65672,65672,"[{""name"":""Vừa"",""variant_id"":59,""price_adjustment"":0}]",
2446,940,55,3,41157,123471,"[{""name"":""Vừa"",""variant_id"":59,""price_adjustment"":0}]",
2447,940,52,3,25486,76458,"[{""name"":""Vừa"",""variant_id"":59,""price_adjustment"":0}]",
2448,941,30,2,72558,145116,"[{""name"":""Vừa"",""variant_id"":59,""price_adjustment"":0}]",
2449,941,16,3,49888,149664,"[{""name"":""Vừa"",""variant_id"":59,""price_adjustment"":0}]",
2450,941,1,1,55792,55792,"[{""name"":""Vừa"",""variant_id"":59,""price_adjustment"":0}]",
2451,942,56,3,65014,195042,"[{""name"":""Vừa"",""variant_id"":59,""price_adjustment"":0}]",
2452,943,33,2,38469,76938,"[{""name"":""Vừa"",""variant_id"":59,""price_adjustment"":0}]",
2453,944,40,1,55143,55143,"[{""name"":""Vừa"",""variant_id"":59,""price_adjustment"":0}]",
2454,945,81,1,35561,35561,"[{""name"":""Vừa"",""variant_id"":59,""price_adjustment"":0}]",
2455,945,2,1,68829,68829,"[{""name"":""Vừa"",""variant_id"":59,""price_adjustment"":0}]",
2456,945,35,1,33202,33202,"[{""name"":""Vừa"",""variant_id"":59,""price_adjustment"":0}]",
2457,946,25,1,39410,39410,"[{""name"":""Vừa"",""variant_id"":59,""price_adjustment"":0}]",
2458,946,8,3,69428,208284,"[{""name"":""Vừa"",""variant_id"":59,""price_adjustment"":0}]",
2459,946,3,2,59060,118120,"[{""name"":""Vừa"",""variant_id"":59,""price_adjustment"":0}]",
2460,947,1,3,68735,206205,"[{""name"":""Vừa"",""variant_id"":59,""price_adjustment"":0}]",
2461,947,24,2,46776,93552,"[{""name"":""Vừa"",""variant_id"":59,""price_adjustment"":0}]",
2462,948,3,3,42796,128388,"[{""name"":""Vừa"",""variant_id"":59,""price_adjustment"":0}]",
2463,949,28,2,48550,97100,"[{""name"":""Vừa"",""variant_id"":59,""price_adjustment"":0}]",
2464,949,13,1,44484,44484,"[{""name"":""Vừa"",""variant_id"":59,""price_adjustment"":0}]",
2465,950,1,3,33484,100452,"[{""name"":""Vừa"",""variant_id"":59,""price_adjustment"":0}]",
2466,951,58,1,61279,61279,"[{""name"":""Vừa"",""variant_id"":59,""price_adjustment"":0}]",
2467,951,48,1,69825,69825,"[{""name"":""Vừa"",""variant_id"":59,""price_adjustment"":0}]",
2468,951,69,2,53232,106464,"[{""name"":""Vừa"",""variant_id"":59,""price_adjustment"":0}]",
2469,951,70,1,59851,59851,"[{""name"":""Vừa"",""variant_id"":59,""price_adjustment"":0}]",
2470,952,75,1,66244,66244,"[{""name"":""Vừa"",""variant_id"":59,""price_adjustment"":0}]",
2471,952,72,2,53219,106438,"[{""name"":""Vừa"",""variant_id"":59,""price_adjustment"":0}]",
2472,953,30,1,54640,54640,"[{""name"":""Vừa"",""variant_id"":59,""price_adjustment"":0}]",
2473,953,44,3,56658,169974,"[{""name"":""Vừa"",""variant_id"":59,""price_adjustment"":0}]",
2474,954,80,3,32512,97536,"[{""name"":""Vừa"",""variant_id"":59,""price_adjustment"":0}]",
2475,954,77,2,49092,98184,"[{""name"":""Vừa"",""variant_id"":59,""price_adjustment"":0}]",
2476,955,36,2,50840,101680,"[{""name"":""Vừa"",""variant_id"":59,""price_adjustment"":0}]",
2477,955,29,2,38825,77650,"[{""name"":""Vừa"",""variant_id"":59,""price_adjustment"":0}]",
2478,955,44,3,46089,138267,"[{""name"":""Vừa"",""variant_id"":59,""price_adjustment"":0}]",
2479,956,32,1,47734,47734,"[{""name"":""Vừa"",""variant_id"":59,""price_adjustment"":0}]",
2480,956,35,3,52054,156162,"[{""name"":""Vừa"",""variant_id"":59,""price_adjustment"":0}]",
2481,956,40,1,26924,26924,"[{""name"":""Vừa"",""variant_id"":59,""price_adjustment"":0}]",
2482,957,76,2,52172,104344,"[{""name"":""Vừa"",""variant_id"":59,""price_adjustment"":0}]",
2483,957,74,1,52811,52811,"[{""name"":""Vừa"",""variant_id"":59,""price_adjustment"":0}]",
2484,957,75,3,25905,77715,"[{""name"":""Vừa"",""variant_id"":59,""price_adjustment"":0}]",
2485,957,78,2,31760,63520,"[{""name"":""Vừa"",""variant_id"":59,""price_adjustment"":0}]",
2486,958,30,1,73735,73735,"[{""name"":""Vừa"",""variant_id"":59,""price_adjustment"":0}]",
2487,958,44,1,59618,59618,"[{""name"":""Vừa"",""variant_id"":59,""price_adjustment"":0}]",
2488,958,43,1,56259,56259,"[{""name"":""Vừa"",""variant_id"":59,""price_adjustment"":0}]",
2489,959,41,1,28652,28652,"[{""name"":""Vừa"",""variant_id"":59,""price_adjustment"":0}]",
2490,959,35,3,40312,120936,"[{""name"":""Vừa"",""variant_id"":59,""price_adjustment"":0}]",
2491,960,30,1,70227,70227,"[{""name"":""Vừa"",""variant_id"":59,""price_adjustment"":0}]",
2492,960,29,1,43666,43666,"[{""name"":""Vừa"",""variant_id"":59,""price_adjustment"":0}]",
2493,961,75,1,69934,69934,"[{""name"":""Vừa"",""variant_id"":59,""price_adjustment"":0}]",
2494,962,81,2,53474,106948,"[{""name"":""Vừa"",""variant_id"":59,""price_adjustment"":0}]",
2495,962,77,2,63240,126480,"[{""name"":""Vừa"",""variant_id"":59,""price_adjustment"":0}]",
2496,962,79,2,60832,121664,"[{""name"":""Vừa"",""variant_id"":59,""price_adjustment"":0}]",
2497,962,71,2,42790,85580,"[{""name"":""Vừa"",""variant_id"":59,""price_adjustment"":0}]",
2498,963,22,1,30540,30540,"[{""name"":""Vừa"",""variant_id"":59,""price_adjustment"":0}]",
2499,963,10,3,71243,213729,"[{""name"":""Vừa"",""variant_id"":59,""price_adjustment"":0}]",
2500,963,21,1,59347,59347,"[{""name"":""Vừa"",""variant_id"":59,""price_adjustment"":0}]",
2501,963,17,2,54763,109526,"[{""name"":""Vừa"",""variant_id"":59,""price_adjustment"":0}]",
2502,964,59,3,38853,116559,"[{""name"":""Vừa"",""variant_id"":59,""price_adjustment"":0}]",
2503,964,52,1,62725,62725,"[{""name"":""Vừa"",""variant_id"":59,""price_adjustment"":0}]",
2504,964,69,2,45984,91968,"[{""name"":""Vừa"",""variant_id"":59,""price_adjustment"":0}]",
2505,965,22,2,41798,83596,"[{""name"":""Vừa"",""variant_id"":59,""price_adjustment"":0}]",
2506,965,15,1,30204,30204,"[{""name"":""Vừa"",""variant_id"":59,""price_adjustment"":0}]",
2507,965,3,1,30011,30011,"[{""name"":""Vừa"",""variant_id"":59,""price_adjustment"":0}]",
2508,965,12,2,25980,51960,"[{""name"":""Vừa"",""variant_id"":59,""price_adjustment"":0}]",
2509,966,47,3,59682,179046,"[{""name"":""Vừa"",""variant_id"":59,""price_adjustment"":0}]",
2510,966,61,1,53486,53486,"[{""name"":""Vừa"",""variant_id"":59,""price_adjustment"":0}]",
2511,967,9,3,64414,193242,"[{""name"":""Vừa"",""variant_id"":59,""price_adjustment"":0}]",
2512,967,24,2,34075,68150,"[{""name"":""Vừa"",""variant_id"":59,""price_adjustment"":0}]",
2513,967,5,1,34012,34012,"[{""name"":""Vừa"",""variant_id"":59,""price_adjustment"":0}]",
2514,968,68,3,26346,79038,"[{""name"":""Vừa"",""variant_id"":59,""price_adjustment"":0}]",
2515,969,65,2,59376,118752,"[{""name"":""Vừa"",""variant_id"":59,""price_adjustment"":0}]",
2516,969,57,3,48991,146973,"[{""name"":""Vừa"",""variant_id"":59,""price_adjustment"":0}]",
2517,969,48,3,64699,194097,"[{""name"":""Vừa"",""variant_id"":59,""price_adjustment"":0}]",
2518,970,69,1,33160,33160,"[{""name"":""Vừa"",""variant_id"":59,""price_adjustment"":0}]",
2519,970,66,3,56806,170418,"[{""name"":""Vừa"",""variant_id"":59,""price_adjustment"":0}]",
2520,970,47,3,60784,182352,"[{""name"":""Vừa"",""variant_id"":59,""price_adjustment"":0}]",
2521,970,61,1,36615,36615,"[{""name"":""Vừa"",""variant_id"":59,""price_adjustment"":0}]",
2522,971,25,3,67803,203409,"[{""name"":""Vừa"",""variant_id"":59,""price_adjustment"":0}]",
2523,972,12,2,26506,53012,"[{""name"":""Vừa"",""variant_id"":59,""price_adjustment"":0}]",
2524,972,21,3,36253,108759,"[{""name"":""Vừa"",""variant_id"":59,""price_adjustment"":0}]",
2525,973,54,2,66348,132696,"[{""name"":""Vừa"",""variant_id"":59,""price_adjustment"":0}]",
2526,973,53,2,67735,135470,"[{""name"":""Vừa"",""variant_id"":59,""price_adjustment"":0}]",
2527,973,50,3,43206,129618,"[{""name"":""Vừa"",""variant_id"":59,""price_adjustment"":0}]",
2528,973,58,1,28017,28017,"[{""name"":""Vừa"",""variant_id"":59,""price_adjustment"":0}]",
2529,974,56,2,70604,141208,"[{""name"":""Vừa"",""variant_id"":59,""price_adjustment"":0}]",
2530,974,54,2,66766,133532,"[{""name"":""Vừa"",""variant_id"":59,""price_adjustment"":0}]",
2531,974,57,3,54928,164784,"[{""name"":""Vừa"",""variant_id"":59,""price_adjustment"":0}]",
2532,974,48,1,63353,63353,"[{""name"":""Vừa"",""variant_id"":59,""price_adjustment"":0}]",
2533,975,3,3,43801,131403,"[{""name"":""Vừa"",""variant_id"":59,""price_adjustment"":0}]",
2534,975,22,3,36914,110742,"[{""name"":""Vừa"",""variant_id"":59,""price_adjustment"":0}]",
2535,975,27,3,45391,136173,"[{""name"":""Vừa"",""variant_id"":59,""price_adjustment"":0}]",
2536,976,16,1,35182,35182,"[{""name"":""Vừa"",""variant_id"":59,""price_adjustment"":0}]",
2537,976,21,1,36972,36972,"[{""name"":""Vừa"",""variant_id"":59,""price_adjustment"":0}]",
2538,976,15,3,27948,83844,"[{""name"":""Vừa"",""variant_id"":59,""price_adjustment"":0}]",
2539,976,28,3,56225,168675,"[{""name"":""Vừa"",""variant_id"":59,""price_adjustment"":0}]",
2540,977,61,3,71434,214302,"[{""name"":""Vừa"",""variant_id"":59,""price_adjustment"":0}]",
2541,977,64,1,35562,35562,"[{""name"":""Vừa"",""variant_id"":59,""price_adjustment"":0}]",
2542,978,31,2,31218,62436,"[{""name"":""Vừa"",""variant_id"":59,""price_adjustment"":0}]",
2543,978,22,3,72078,216234,"[{""name"":""Vừa"",""variant_id"":59,""price_adjustment"":0}]",
2544,978,40,3,30520,91560,"[{""name"":""Vừa"",""variant_id"":59,""price_adjustment"":0}]",
2545,979,1,1,35889,35889,"[{""name"":""Vừa"",""variant_id"":59,""price_adjustment"":0}]",
2546,979,2,1,69523,69523,"[{""name"":""Vừa"",""variant_id"":59,""price_adjustment"":0}]",
2547,980,78,2,69696,139392,"[{""name"":""Vừa"",""variant_id"":59,""price_adjustment"":0}]",
2548,980,42,3,58692,176076,"[{""name"":""Vừa"",""variant_id"":59,""price_adjustment"":0}]",
2549,981,41,2,52523,105046,"[{""name"":""Vừa"",""variant_id"":59,""price_adjustment"":0}]",
2550,981,48,1,44663,44663,"[{""name"":""Vừa"",""variant_id"":59,""price_adjustment"":0}]",
2551,981,74,2,53264,106528,"[{""name"":""Vừa"",""variant_id"":59,""price_adjustment"":0}]",
2552,981,43,3,41979,125937,"[{""name"":""Vừa"",""variant_id"":59,""price_adjustment"":0}]",
2553,982,50,1,25155,25155,"[{""name"":""Vừa"",""variant_id"":59,""price_adjustment"":0}]",
2554,982,23,1,61871,61871,"[{""name"":""Vừa"",""variant_id"":59,""price_adjustment"":0}]",
2555,982,56,2,74821,149642,"[{""name"":""Vừa"",""variant_id"":59,""price_adjustment"":0}]",
2556,983,3,1,58548,58548,"[{""name"":""Vừa"",""variant_id"":59,""price_adjustment"":0}]",
2557,983,34,2,26067,52134,"[{""name"":""Vừa"",""variant_id"":59,""price_adjustment"":0}]",
2558,983,6,2,43320,86640,"[{""name"":""Vừa"",""variant_id"":59,""price_adjustment"":0}]",
2559,984,81,2,56141,112282,"[{""name"":""Vừa"",""variant_id"":59,""price_adjustment"":0}]",
2560,984,57,1,34001,34001,"[{""name"":""Vừa"",""variant_id"":59,""price_adjustment"":0}]",
2561,984,63,1,62035,62035,"[{""name"":""Vừa"",""variant_id"":59,""price_adjustment"":0}]",
2562,984,26,1,49515,49515,"[{""name"":""Vừa"",""variant_id"":59,""price_adjustment"":0}]",
2563,985,53,2,43164,86328,"[{""name"":""Vừa"",""variant_id"":59,""price_adjustment"":0}]",
2564,985,14,3,57569,172707,"[{""name"":""Vừa"",""variant_id"":59,""price_adjustment"":0}]",
2565,985,66,1,74943,74943,"[{""name"":""Vừa"",""variant_id"":59,""price_adjustment"":0}]",
2566,985,61,1,53267,53267,"[{""name"":""Vừa"",""variant_id"":59,""price_adjustment"":0}]",
2567,986,11,1,50558,50558,"[{""name"":""Vừa"",""variant_id"":59,""price_adjustment"":0}]",
2568,986,26,1,55352,55352,"[{""name"":""Vừa"",""variant_id"":59,""price_adjustment"":0}]",
2569,986,65,1,71233,71233,"[{""name"":""Vừa"",""variant_id"":59,""price_adjustment"":0}]",
2570,987,38,2,25247,50494,"[{""name"":""Vừa"",""variant_id"":59,""price_adjustment"":0}]",
2571,988,35,3,39833,119499,"[{""name"":""Vừa"",""variant_id"":59,""price_adjustment"":0}]",
2572,988,45,1,45924,45924,"[{""name"":""Vừa"",""variant_id"":59,""price_adjustment"":0}]",
2573,989,34,2,64805,129610,"[{""name"":""Vừa"",""variant_id"":59,""price_adjustment"":0}]",
2574,989,63,1,46601,46601,"[{""name"":""Vừa"",""variant_id"":59,""price_adjustment"":0}]",
2575,989,16,3,40257,120771,"[{""name"":""Vừa"",""variant_id"":59,""price_adjustment"":0}]",
2576,989,75,3,31617,94851,"[{""name"":""Vừa"",""variant_id"":59,""price_adjustment"":0}]",
2577,990,34,3,41248,123744,"[{""name"":""Vừa"",""variant_id"":59,""price_adjustment"":0}]",
2578,990,49,1,62732,62732,"[{""name"":""Vừa"",""variant_id"":59,""price_adjustment"":0}]",
2579,991,15,1,70167,70167,"[{""name"":""Vừa"",""variant_id"":59,""price_adjustment"":0}]",
2580,992,17,2,73251,146502,"[{""name"":""Vừa"",""variant_id"":59,""price_adjustment"":0}]",
2581,992,21,1,54582,54582,"[{""name"":""Vừa"",""variant_id"":59,""price_adjustment"":0}]",
2582,993,8,3,58288,174864,"[{""name"":""Vừa"",""variant_id"":59,""price_adjustment"":0}]",
2583,994,19,3,33985,101955,"[{""name"":""Vừa"",""variant_id"":59,""price_adjustment"":0}]",
2584,994,24,2,31603,63206,"[{""name"":""Vừa"",""variant_id"":59,""price_adjustment"":0}]",
2585,994,1,3,29532,88596,"[{""name"":""Vừa"",""variant_id"":59,""price_adjustment"":0}]",
2586,994,4,2,28991,57982,"[{""name"":""Vừa"",""variant_id"":59,""price_adjustment"":0}]",
2587,995,11,3,48816,146448,"[{""name"":""Vừa"",""variant_id"":59,""price_adjustment"":0}]",
2588,995,7,2,37564,75128,"[{""name"":""Vừa"",""variant_id"":59,""price_adjustment"":0}]",
2589,995,28,1,49208,49208,"[{""name"":""Vừa"",""variant_id"":59,""price_adjustment"":0}]",
2590,996,24,2,41457,82914,"[{""name"":""Vừa"",""variant_id"":59,""price_adjustment"":0}]",
2591,996,1,2,61360,122720,"[{""name"":""Vừa"",""variant_id"":59,""price_adjustment"":0}]",
2592,996,9,1,67058,67058,"[{""name"":""Vừa"",""variant_id"":59,""price_adjustment"":0}]",
2593,997,19,2,66567,133134,"[{""name"":""Vừa"",""variant_id"":59,""price_adjustment"":0}]",
2594,997,18,3,73921,221763,"[{""name"":""Vừa"",""variant_id"":59,""price_adjustment"":0}]",
2595,997,15,1,59486,59486,"[{""name"":""Vừa"",""variant_id"":59,""price_adjustment"":0}]",
2596,997,14,2,50739,101478,"[{""name"":""Vừa"",""variant_id"":59,""price_adjustment"":0}]",
2597,998,8,1,43247,43247,"[{""name"":""Vừa"",""variant_id"":59,""price_adjustment"":0}]",
2598,998,5,3,54745,164235,"[{""name"":""Vừa"",""variant_id"":59,""price_adjustment"":0}]",
2599,998,2,2,47559,95118,"[{""name"":""Vừa"",""variant_id"":59,""price_adjustment"":0}]",
2600,999,70,2,67545,135090,"[{""name"":""Vừa"",""variant_id"":59,""price_adjustment"":0}]",
2601,999,47,3,48600,145800,"[{""name"":""Vừa"",""variant_id"":59,""price_adjustment"":0}]",
2602,999,67,1,29009,29009,"[{""name"":""Vừa"",""variant_id"":59,""price_adjustment"":0}]",
2603,1000,21,1,48011,48011,"[{""name"":""Vừa"",""variant_id"":59,""price_adjustment"":0}]",
2604,1001,73,2,49770,99540,"[{""name"":""Vừa"",""variant_id"":59,""price_adjustment"":0}]",
2605,1002,1,2,52581,105162,"[{""name"":""Vừa"",""variant_id"":59,""price_adjustment"":0}]",
2606,1002,6,3,50167,150501,"[{""name"":""Vừa"",""variant_id"":59,""price_adjustment"":0}]",
2607,1002,50,2,65545,131090,"[{""name"":""Vừa"",""variant_id"":59,""price_adjustment"":0}]",
2608,1002,18,3,52100,156300,"[{""name"":""Vừa"",""variant_id"":59,""price_adjustment"":0}]",
2609,1003,18,1,42598,42598,"[{""name"":""Vừa"",""variant_id"":59,""price_adjustment"":0}]",
2610,1003,41,1,38675,38675,"[{""name"":""Vừa"",""variant_id"":59,""price_adjustment"":0}]",
2611,1003,49,1,72278,72278,"[{""name"":""Vừa"",""variant_id"":59,""price_adjustment"":0}]",
2612,1003,39,2,41103,82206,"[{""name"":""Vừa"",""variant_id"":59,""price_adjustment"":0}]",
2613,1004,34,1,57737,57737,"[{""name"":""Vừa"",""variant_id"":59,""price_adjustment"":0}]",
2614,1005,57,1,41256,41256,"[{""name"":""Vừa"",""variant_id"":59,""price_adjustment"":0}]",
2615,1005,15,1,28154,28154,"[{""name"":""Vừa"",""variant_id"":59,""price_adjustment"":0}]",
2616,1005,69,3,33069,99207,"[{""name"":""Vừa"",""variant_id"":59,""price_adjustment"":0}]",
2617,1005,11,3,35639,106917,"[{""name"":""Vừa"",""variant_id"":59,""price_adjustment"":0}]",
2618,1006,34,3,39071,117213,"[{""name"":""Vừa"",""variant_id"":59,""price_adjustment"":0}]",
2619,1006,66,3,37908,113724,"[{""name"":""Vừa"",""variant_id"":59,""price_adjustment"":0}]",
2620,1007,11,1,38984,38984,"[{""name"":""Vừa"",""variant_id"":59,""price_adjustment"":0}]",
2621,1007,6,1,49243,49243,"[{""name"":""Vừa"",""variant_id"":59,""price_adjustment"":0}]",
2622,1007,53,2,68554,137108,"[{""name"":""Vừa"",""variant_id"":59,""price_adjustment"":0}]",
2623,1007,56,2,36118,72236,"[{""name"":""Vừa"",""variant_id"":59,""price_adjustment"":0}]",
2624,1008,11,2,31278,62556,"[{""name"":""Vừa"",""variant_id"":59,""price_adjustment"":0}]",
2625,1009,77,2,44404,88808,"[{""name"":""Vừa"",""variant_id"":59,""price_adjustment"":0}]",
2626,1009,48,1,33990,33990,"[{""name"":""Vừa"",""variant_id"":59,""price_adjustment"":0}]",
2627,1010,35,3,27114,81342,"[{""name"":""Vừa"",""variant_id"":59,""price_adjustment"":0}]",
2628,1010,54,3,62841,188523,"[{""name"":""Vừa"",""variant_id"":59,""price_adjustment"":0}]",
2629,1011,34,1,41399,41399,"[{""name"":""Vừa"",""variant_id"":59,""price_adjustment"":0}]",
2630,1011,43,1,68858,68858,"[{""name"":""Vừa"",""variant_id"":59,""price_adjustment"":0}]",
2631,1011,1,1,31085,31085,"[{""name"":""Vừa"",""variant_id"":59,""price_adjustment"":0}]",
2632,1012,44,1,35379,35379,"[{""name"":""Vừa"",""variant_id"":59,""price_adjustment"":0}]",
2633,1013,13,3,36260,108780,"[{""name"":""Vừa"",""variant_id"":59,""price_adjustment"":0}]",
2634,1013,52,2,31306,62612,"[{""name"":""Vừa"",""variant_id"":59,""price_adjustment"":0}]",
2635,1013,24,1,74308,74308,"[{""name"":""Vừa"",""variant_id"":59,""price_adjustment"":0}]",
2636,1014,7,2,66850,133700,"[{""name"":""Vừa"",""variant_id"":59,""price_adjustment"":0}]",
2637,1015,75,1,64854,64854,"[{""name"":""Vừa"",""variant_id"":59,""price_adjustment"":0}]",
2638,1015,50,2,38575,77150,"[{""name"":""Vừa"",""variant_id"":59,""price_adjustment"":0}]",
2639,1015,40,1,29706,29706,"[{""name"":""Vừa"",""variant_id"":59,""price_adjustment"":0}]",
2640,1016,50,1,36926,36926,"[{""name"":""Vừa"",""variant_id"":59,""price_adjustment"":0}]",
2641,1017,45,2,39026,78052,"[{""name"":""Vừa"",""variant_id"":59,""price_adjustment"":0}]",
2642,1017,44,3,58299,174897,"[{""name"":""Vừa"",""variant_id"":59,""price_adjustment"":0}]",
2643,1018,26,1,38292,38292,"[{""name"":""Vừa"",""variant_id"":59,""price_adjustment"":0}]",
2644,1018,4,3,51423,154269,"[{""name"":""Vừa"",""variant_id"":59,""price_adjustment"":0}]",
2645,1019,52,1,41342,41342,"[{""name"":""Vừa"",""variant_id"":59,""price_adjustment"":0}]",
2646,1020,38,1,61346,61346,"[{""name"":""Vừa"",""variant_id"":59,""price_adjustment"":0}]",
2647,1021,1,1,47402,47402,"[{""name"":""Vừa"",""variant_id"":59,""price_adjustment"":0}]",
2648,1021,43,2,34085,68170,"[{""name"":""Vừa"",""variant_id"":59,""price_adjustment"":0}]",
2649,1021,42,2,71012,142024,"[{""name"":""Vừa"",""variant_id"":59,""price_adjustment"":0}]",
2650,1021,30,2,45783,91566,"[{""name"":""Vừa"",""variant_id"":59,""price_adjustment"":0}]",
2651,1022,17,2,32799,65598,"[{""name"":""Vừa"",""variant_id"":59,""price_adjustment"":0}]",
2652,1022,3,3,46944,140832,"[{""name"":""Vừa"",""variant_id"":59,""price_adjustment"":0}]",
2653,1022,58,3,36887,110661,"[{""name"":""Vừa"",""variant_id"":59,""price_adjustment"":0}]",
2654,1022,73,3,34705,104115,"[{""name"":""Vừa"",""variant_id"":59,""price_adjustment"":0}]",
2655,1023,38,3,57614,172842,"[{""name"":""Vừa"",""variant_id"":59,""price_adjustment"":0}]",
2656,1023,76,1,46229,46229,"[{""name"":""Vừa"",""variant_id"":59,""price_adjustment"":0}]",
2657,1024,56,1,36459,36459,"[{""name"":""Vừa"",""variant_id"":59,""price_adjustment"":0}]",
2658,1024,29,2,64193,128386,"[{""name"":""Vừa"",""variant_id"":59,""price_adjustment"":0}]",
2659,1024,66,1,73680,73680,"[{""name"":""Vừa"",""variant_id"":59,""price_adjustment"":0}]",
2660,1025,68,1,40365,40365,"[{""name"":""Vừa"",""variant_id"":59,""price_adjustment"":0}]",
2661,1025,13,2,25807,51614,"[{""name"":""Vừa"",""variant_id"":59,""price_adjustment"":0}]",
2662,1025,32,3,58440,175320,"[{""name"":""Vừa"",""variant_id"":59,""price_adjustment"":0}]",
2663,1025,77,3,31587,94761,"[{""name"":""Vừa"",""variant_id"":59,""price_adjustment"":0}]",
2664,1026,61,3,67594,202782,"[{""name"":""Vừa"",""variant_id"":59,""price_adjustment"":0}]",
2665,1026,13,3,69037,207111,"[{""name"":""Vừa"",""variant_id"":59,""price_adjustment"":0}]",
2666,1026,18,1,35982,35982,"[{""name"":""Vừa"",""variant_id"":59,""price_adjustment"":0}]",
2667,1027,81,1,47370,47370,"[{""name"":""Vừa"",""variant_id"":59,""price_adjustment"":0}]",
2668,1027,12,2,71234,142468,"[{""name"":""Vừa"",""variant_id"":59,""price_adjustment"":0}]",
2669,1028,60,2,51576,103152,"[{""name"":""Vừa"",""variant_id"":59,""price_adjustment"":0}]",
2670,1028,76,1,32150,32150,"[{""name"":""Vừa"",""variant_id"":59,""price_adjustment"":0}]",
2671,1029,28,3,30366,91098,"[{""name"":""Vừa"",""variant_id"":59,""price_adjustment"":0}]",
2672,1030,15,2,34946,69892,"[{""name"":""Vừa"",""variant_id"":59,""price_adjustment"":0}]",
2673,1030,39,1,29797,29797,"[{""name"":""Vừa"",""variant_id"":59,""price_adjustment"":0}]",
2674,1030,5,3,38667,116001,"[{""name"":""Vừa"",""variant_id"":59,""price_adjustment"":0}]",
2675,1031,17,2,52651,105302,"[{""name"":""Vừa"",""variant_id"":59,""price_adjustment"":0}]",
2676,1031,56,2,34320,68640,"[{""name"":""Vừa"",""variant_id"":59,""price_adjustment"":0}]",
2677,1032,38,1,61210,61210,"[{""name"":""Vừa"",""variant_id"":59,""price_adjustment"":0}]",
2678,1033,6,3,64900,194700,"[{""name"":""Vừa"",""variant_id"":59,""price_adjustment"":0}]",
2679,1034,43,3,66250,198750,"[{""name"":""Vừa"",""variant_id"":59,""price_adjustment"":0}]",
2680,1034,17,1,33319,33319,"[{""name"":""Vừa"",""variant_id"":59,""price_adjustment"":0}]",
2681,1034,81,1,66748,66748,"[{""name"":""Vừa"",""variant_id"":59,""price_adjustment"":0}]",
2682,1034,38,1,41352,41352,"[{""name"":""Vừa"",""variant_id"":59,""price_adjustment"":0}]",
2683,1035,60,3,62938,188814,"[{""name"":""Vừa"",""variant_id"":59,""price_adjustment"":0}]",
2684,1036,60,2,73041,146082,"[{""name"":""Vừa"",""variant_id"":59,""price_adjustment"":0}]",
2685,1036,68,2,31967,63934,"[{""name"":""Vừa"",""variant_id"":59,""price_adjustment"":0}]",
2686,1036,53,1,27962,27962,"[{""name"":""Vừa"",""variant_id"":59,""price_adjustment"":0}]",
2687,1036,63,1,43647,43647,"[{""name"":""Vừa"",""variant_id"":59,""price_adjustment"":0}]",
2688,1037,9,2,57688,115376,"[{""name"":""Vừa"",""variant_id"":59,""price_adjustment"":0}]",
2689,1037,25,3,35064,105192,"[{""name"":""Vừa"",""variant_id"":59,""price_adjustment"":0}]",
2690,1038,25,1,26022,26022,"[{""name"":""Vừa"",""variant_id"":59,""price_adjustment"":0}]",
2691,1038,27,2,64770,129540,"[{""name"":""Vừa"",""variant_id"":59,""price_adjustment"":0}]",
2692,1039,18,2,42938,85876,"[{""name"":""Vừa"",""variant_id"":59,""price_adjustment"":0}]",
2693,1039,28,3,33345,100035,"[{""name"":""Vừa"",""variant_id"":59,""price_adjustment"":0}]",
2694,1039,21,1,65151,65151,"[{""name"":""Vừa"",""variant_id"":59,""price_adjustment"":0}]",
2695,1040,15,2,49502,99004,"[{""name"":""Vừa"",""variant_id"":59,""price_adjustment"":0}]",
2696,1041,19,2,41927,83854,"[{""name"":""Vừa"",""variant_id"":59,""price_adjustment"":0}]",
2697,1041,11,3,54366,163098,"[{""name"":""Vừa"",""variant_id"":59,""price_adjustment"":0}]",
2698,1042,71,1,39284,39284,"[{""name"":""Vừa"",""variant_id"":59,""price_adjustment"":0}]",
2699,1043,41,3,33033,99099,"[{""name"":""Vừa"",""variant_id"":59,""price_adjustment"":0}]",
2700,1043,43,2,33474,66948,"[{""name"":""Vừa"",""variant_id"":59,""price_adjustment"":0}]",
2701,1044,73,3,48915,146745,"[{""name"":""Vừa"",""variant_id"":59,""price_adjustment"":0}]",
2702,1045,81,2,60310,120620,"[{""name"":""Vừa"",""variant_id"":59,""price_adjustment"":0}]",
2703,1045,77,2,70494,140988,"[{""name"":""Vừa"",""variant_id"":59,""price_adjustment"":0}]",
2704,1045,80,2,58717,117434,"[{""name"":""Vừa"",""variant_id"":59,""price_adjustment"":0}]",
2705,1046,76,2,42977,85954,"[{""name"":""Vừa"",""variant_id"":59,""price_adjustment"":0}]",
2706,1046,81,1,57313,57313,"[{""name"":""Vừa"",""variant_id"":59,""price_adjustment"":0}]",
2707,1047,44,3,58590,175770,"[{""name"":""Vừa"",""variant_id"":59,""price_adjustment"":0}]",
2708,1047,41,1,31422,31422,"[{""name"":""Vừa"",""variant_id"":59,""price_adjustment"":0}]",
2709,1047,31,3,62928,188784,"[{""name"":""Vừa"",""variant_id"":59,""price_adjustment"":0}]",
2710,1048,41,1,28608,28608,"[{""name"":""Vừa"",""variant_id"":59,""price_adjustment"":0}]",
2711,1049,72,1,67181,67181,"[{""name"":""Vừa"",""variant_id"":59,""price_adjustment"":0}]",
2712,1049,74,1,59143,59143,"[{""name"":""Vừa"",""variant_id"":59,""price_adjustment"":0}]",
2713,1049,81,2,31331,62662,"[{""name"":""Vừa"",""variant_id"":59,""price_adjustment"":0}]",
2714,1049,76,3,60824,182472,"[{""name"":""Vừa"",""variant_id"":59,""price_adjustment"":0}]",
2715,1050,38,3,29060,87180,"[{""name"":""Vừa"",""variant_id"":59,""price_adjustment"":0}]",
2716,1051,52,1,65280,65280,"[{""name"":""Vừa"",""variant_id"":59,""price_adjustment"":0}]",
2717,1051,79,3,64559,193677,"[{""name"":""Vừa"",""variant_id"":59,""price_adjustment"":0}]",
2718,1051,77,2,36177,72354,"[{""name"":""Vừa"",""variant_id"":59,""price_adjustment"":0}]",
2719,1051,41,3,36043,108129,"[{""name"":""Vừa"",""variant_id"":59,""price_adjustment"":0}]",
2720,1052,62,1,29343,29343,"[{""name"":""Vừa"",""variant_id"":59,""price_adjustment"":0}]",
2721,1052,79,1,41786,41786,"[{""name"":""Vừa"",""variant_id"":59,""price_adjustment"":0}]",
2722,1053,50,1,41519,41519,"[{""name"":""Vừa"",""variant_id"":59,""price_adjustment"":0}]",
2723,1053,78,3,50867,152601,"[{""name"":""Vừa"",""variant_id"":59,""price_adjustment"":0}]",
2724,1053,63,2,52334,104668,"[{""name"":""Vừa"",""variant_id"":59,""price_adjustment"":0}]",
2725,1054,55,2,72214,144428,"[{""name"":""Vừa"",""variant_id"":59,""price_adjustment"":0}]",
2726,1054,79,1,66454,66454,"[{""name"":""Vừa"",""variant_id"":59,""price_adjustment"":0}]",
2727,1054,24,2,49147,98294,"[{""name"":""Vừa"",""variant_id"":59,""price_adjustment"":0}]",
2728,1054,22,3,63672,191016,"[{""name"":""Vừa"",""variant_id"":59,""price_adjustment"":0}]",
2729,1055,23,3,47306,141918,"[{""name"":""Vừa"",""variant_id"":59,""price_adjustment"":0}]",
2730,1055,79,3,34631,103893,"[{""name"":""Vừa"",""variant_id"":59,""price_adjustment"":0}]",
2731,1056,53,1,45039,45039,"[{""name"":""Vừa"",""variant_id"":59,""price_adjustment"":0}]",
2732,1056,67,3,27007,81021,"[{""name"":""Vừa"",""variant_id"":59,""price_adjustment"":0}]",
2733,1056,21,1,33136,33136,"[{""name"":""Vừa"",""variant_id"":59,""price_adjustment"":0}]",
2734,1057,78,3,26453,79359,"[{""name"":""Vừa"",""variant_id"":59,""price_adjustment"":0}]",
2735,1057,72,3,48816,146448,"[{""name"":""Vừa"",""variant_id"":59,""price_adjustment"":0}]",
2736,1058,17,2,65598,131196,"[{""name"":""Vừa"",""variant_id"":59,""price_adjustment"":0}]",
2737,1058,77,2,30659,61318,"[{""name"":""Vừa"",""variant_id"":59,""price_adjustment"":0}]",
2738,1058,7,2,47135,94270,"[{""name"":""Vừa"",""variant_id"":59,""price_adjustment"":0}]",
2739,1059,77,3,53145,159435,"[{""name"":""Vừa"",""variant_id"":59,""price_adjustment"":0}]",
2740,1059,44,1,49200,49200,"[{""name"":""Vừa"",""variant_id"":59,""price_adjustment"":0}]",
2741,1060,74,2,30522,61044,"[{""name"":""Vừa"",""variant_id"":59,""price_adjustment"":0}]",
2742,1060,2,2,44170,88340,"[{""name"":""Vừa"",""variant_id"":59,""price_adjustment"":0}]",
2743,1060,37,2,40879,81758,"[{""name"":""Vừa"",""variant_id"":59,""price_adjustment"":0}]",
2744,1060,11,3,29179,87537,"[{""name"":""Vừa"",""variant_id"":59,""price_adjustment"":0}]",
2745,1061,39,3,31904,95712,"[{""name"":""Vừa"",""variant_id"":59,""price_adjustment"":0}]",
2746,1061,49,2,60264,120528,"[{""name"":""Vừa"",""variant_id"":59,""price_adjustment"":0}]",
2747,1062,46,3,45747,137241,"[{""name"":""Vừa"",""variant_id"":59,""price_adjustment"":0}]",
2748,1063,46,3,40230,120690,"[{""name"":""Vừa"",""variant_id"":59,""price_adjustment"":0}]",
2749,1063,73,2,63587,127174,"[{""name"":""Vừa"",""variant_id"":59,""price_adjustment"":0}]",
2750,1063,1,2,74167,148334,"[{""name"":""Vừa"",""variant_id"":59,""price_adjustment"":0}]",
2751,1064,62,2,58407,116814,"[{""name"":""Vừa"",""variant_id"":59,""price_adjustment"":0}]",
2752,1065,59,3,40081,120243,"[{""name"":""Vừa"",""variant_id"":59,""price_adjustment"":0}]",
2753,1065,70,1,25890,25890,"[{""name"":""Vừa"",""variant_id"":59,""price_adjustment"":0}]",
2754,1066,10,3,51958,155874,"[{""name"":""Vừa"",""variant_id"":59,""price_adjustment"":0}]",
2755,1066,8,1,31819,31819,"[{""name"":""Vừa"",""variant_id"":59,""price_adjustment"":0}]",
2756,1067,25,3,57196,171588,"[{""name"":""Vừa"",""variant_id"":59,""price_adjustment"":0}]",
2757,1067,8,3,52430,157290,"[{""name"":""Vừa"",""variant_id"":59,""price_adjustment"":0}]",
2758,1068,4,3,72957,218871,"[{""name"":""Vừa"",""variant_id"":59,""price_adjustment"":0}]",
2759,1068,8,1,73221,73221,"[{""name"":""Vừa"",""variant_id"":59,""price_adjustment"":0}]",
2760,1068,13,1,60873,60873,"[{""name"":""Vừa"",""variant_id"":59,""price_adjustment"":0}]",
2761,1069,23,2,29200,58400,"[{""name"":""Vừa"",""variant_id"":59,""price_adjustment"":0}]",
2762,1069,4,2,26957,53914,"[{""name"":""Vừa"",""variant_id"":59,""price_adjustment"":0}]",
2763,1069,8,3,59806,179418,"[{""name"":""Vừa"",""variant_id"":59,""price_adjustment"":0}]",
2764,1069,10,2,40884,81768,"[{""name"":""Vừa"",""variant_id"":59,""price_adjustment"":0}]",
2765,1070,55,3,38421,115263,"[{""name"":""Vừa"",""variant_id"":59,""price_adjustment"":0}]",
2766,1071,11,1,26535,26535,"[{""name"":""Vừa"",""variant_id"":59,""price_adjustment"":0}]",
2767,1071,18,1,31879,31879,"[{""name"":""Vừa"",""variant_id"":59,""price_adjustment"":0}]",
2768,1072,54,2,69220,138440,"[{""name"":""Vừa"",""variant_id"":59,""price_adjustment"":0}]",
2769,1072,70,1,48026,48026,"[{""name"":""Vừa"",""variant_id"":59,""price_adjustment"":0}]",
2770,1072,51,3,74422,223266,"[{""name"":""Vừa"",""variant_id"":59,""price_adjustment"":0}]",
2771,1072,64,3,62062,186186,"[{""name"":""Vừa"",""variant_id"":59,""price_adjustment"":0}]",
2772,1073,64,1,35592,35592,"[{""name"":""Vừa"",""variant_id"":59,""price_adjustment"":0}]",
2773,1073,55,1,30679,30679,"[{""name"":""Vừa"",""variant_id"":59,""price_adjustment"":0}]",
2774,1073,60,1,35007,35007,"[{""name"":""Vừa"",""variant_id"":59,""price_adjustment"":0}]",
2775,1074,36,3,60154,180462,"[{""name"":""Vừa"",""variant_id"":59,""price_adjustment"":0}]",
2776,1074,39,1,37782,37782,"[{""name"":""Vừa"",""variant_id"":59,""price_adjustment"":0}]",
2777,1074,32,3,62126,186378,"[{""name"":""Vừa"",""variant_id"":59,""price_adjustment"":0}]",
2778,1074,41,2,26677,53354,"[{""name"":""Vừa"",""variant_id"":59,""price_adjustment"":0}]",
2779,1075,35,2,48383,96766,"[{""name"":""Vừa"",""variant_id"":59,""price_adjustment"":0}]",
2780,1075,44,3,73887,221661,"[{""name"":""Vừa"",""variant_id"":59,""price_adjustment"":0}]",
2781,1075,42,2,53166,106332,"[{""name"":""Vừa"",""variant_id"":59,""price_adjustment"":0}]",
2782,1076,29,2,69022,138044,"[{""name"":""Vừa"",""variant_id"":59,""price_adjustment"":0}]",
2783,1076,39,2,64896,129792,"[{""name"":""Vừa"",""variant_id"":59,""price_adjustment"":0}]",
2784,1077,41,3,33451,100353,"[{""name"":""Vừa"",""variant_id"":59,""price_adjustment"":0}]",
2785,1077,33,1,42223,42223,"[{""name"":""Vừa"",""variant_id"":59,""price_adjustment"":0}]",
2786,1077,36,1,42561,42561,"[{""name"":""Vừa"",""variant_id"":59,""price_adjustment"":0}]",
2787,1077,43,2,39059,78118,"[{""name"":""Vừa"",""variant_id"":59,""price_adjustment"":0}]",
2788,1078,36,2,31172,62344,"[{""name"":""Vừa"",""variant_id"":59,""price_adjustment"":0}]",
2789,1078,42,2,42716,85432,"[{""name"":""Vừa"",""variant_id"":59,""price_adjustment"":0}]",
2790,1078,33,2,73920,147840,"[{""name"":""Vừa"",""variant_id"":59,""price_adjustment"":0}]",
2791,1079,81,2,54920,109840,"[{""name"":""Vừa"",""variant_id"":59,""price_adjustment"":0}]",
2792,1079,78,3,48143,144429,"[{""name"":""Vừa"",""variant_id"":59,""price_adjustment"":0}]",
2793,1079,77,2,43446,86892,"[{""name"":""Vừa"",""variant_id"":59,""price_adjustment"":0}]",
2794,1080,43,1,49437,49437,"[{""name"":""Vừa"",""variant_id"":59,""price_adjustment"":0}]",
2795,1080,34,3,71939,215817,"[{""name"":""Vừa"",""variant_id"":59,""price_adjustment"":0}]",
2796,1081,75,1,70839,70839,"[{""name"":""Vừa"",""variant_id"":59,""price_adjustment"":0}]",
2797,1082,39,3,30852,92556,"[{""name"":""Vừa"",""variant_id"":59,""price_adjustment"":0}]",
2798,1082,29,3,34438,103314,"[{""name"":""Vừa"",""variant_id"":59,""price_adjustment"":0}]",
2799,1083,28,3,28850,86550,"[{""name"":""Vừa"",""variant_id"":59,""price_adjustment"":0}]",
2800,1083,43,2,59611,119222,"[{""name"":""Vừa"",""variant_id"":59,""price_adjustment"":0}]",
2801,1084,73,2,55782,111564,"[{""name"":""Vừa"",""variant_id"":59,""price_adjustment"":0}]",
2802,1085,7,3,52250,156750,"[{""name"":""Vừa"",""variant_id"":59,""price_adjustment"":0}]",
2803,1085,78,3,70741,212223,"[{""name"":""Vừa"",""variant_id"":59,""price_adjustment"":0}]",
2804,1085,25,1,61558,61558,"[{""name"":""Vừa"",""variant_id"":59,""price_adjustment"":0}]",
2805,1086,59,3,62126,186378,"[{""name"":""Vừa"",""variant_id"":59,""price_adjustment"":0}]",
2806,1086,68,3,64298,192894,"[{""name"":""Vừa"",""variant_id"":59,""price_adjustment"":0}]",
2807,1086,16,2,68940,137880,"[{""name"":""Vừa"",""variant_id"":59,""price_adjustment"":0}]",
2808,1086,80,1,37411,37411,"[{""name"":""Vừa"",""variant_id"":59,""price_adjustment"":0}]",
2809,1087,80,2,50565,101130,"[{""name"":""Vừa"",""variant_id"":59,""price_adjustment"":0}]",
2810,1087,47,3,61244,183732,"[{""name"":""Vừa"",""variant_id"":59,""price_adjustment"":0}]",
2811,1088,22,1,35396,35396,"[{""name"":""Vừa"",""variant_id"":59,""price_adjustment"":0}]",
2812,1088,74,1,32434,32434,"[{""name"":""Vừa"",""variant_id"":59,""price_adjustment"":0}]",
2813,1088,23,1,29670,29670,"[{""name"":""Vừa"",""variant_id"":59,""price_adjustment"":0}]",
2814,1088,47,1,71937,71937,"[{""name"":""Vừa"",""variant_id"":59,""price_adjustment"":0}]",
2815,1089,63,2,53601,107202,"[{""name"":""Vừa"",""variant_id"":59,""price_adjustment"":0}]",
2816,1089,80,1,53814,53814,"[{""name"":""Vừa"",""variant_id"":59,""price_adjustment"":0}]",
2817,1089,71,3,27699,83097,"[{""name"":""Vừa"",""variant_id"":59,""price_adjustment"":0}]",
2818,1089,73,1,27963,27963,"[{""name"":""Vừa"",""variant_id"":59,""price_adjustment"":0}]",
2819,1090,73,1,51901,51901,"[{""name"":""Vừa"",""variant_id"":59,""price_adjustment"":0}]",
2820,1090,29,3,72021,216063,"[{""name"":""Vừa"",""variant_id"":59,""price_adjustment"":0}]",
2821,1090,62,1,49508,49508,"[{""name"":""Vừa"",""variant_id"":59,""price_adjustment"":0}]",
2822,1091,34,3,74934,224802,"[{""name"":""Vừa"",""variant_id"":59,""price_adjustment"":0}]",
2823,1091,5,2,72604,145208,"[{""name"":""Vừa"",""variant_id"":59,""price_adjustment"":0}]",
2824,1091,64,1,74444,74444,"[{""name"":""Vừa"",""variant_id"":59,""price_adjustment"":0}]",
2825,1091,55,3,74587,223761,"[{""name"":""Vừa"",""variant_id"":59,""price_adjustment"":0}]",
2826,1092,37,2,73983,147966,"[{""name"":""Vừa"",""variant_id"":59,""price_adjustment"":0}]",
2827,1093,63,3,34901,104703,"[{""name"":""Vừa"",""variant_id"":59,""price_adjustment"":0}]",
2828,1093,41,1,37896,37896,"[{""name"":""Vừa"",""variant_id"":59,""price_adjustment"":0}]",
2829,1093,27,1,25398,25398,"[{""name"":""Vừa"",""variant_id"":59,""price_adjustment"":0}]",
2830,1093,57,1,41888,41888,"[{""name"":""Vừa"",""variant_id"":59,""price_adjustment"":0}]",
2831,1094,34,2,54982,109964,"[{""name"":""Vừa"",""variant_id"":59,""price_adjustment"":0}]",
2832,1094,29,1,48075,48075,"[{""name"":""Vừa"",""variant_id"":59,""price_adjustment"":0}]",
2833,1095,62,2,66167,132334,"[{""name"":""Vừa"",""variant_id"":59,""price_adjustment"":0}]",
2834,1095,77,3,57784,173352,"[{""name"":""Vừa"",""variant_id"":59,""price_adjustment"":0}]",
2835,1095,69,1,73299,73299,"[{""name"":""Vừa"",""variant_id"":59,""price_adjustment"":0}]",
2836,1095,7,2,71006,142012,"[{""name"":""Vừa"",""variant_id"":59,""price_adjustment"":0}]",
2837,1096,38,3,65053,195159,"[{""name"":""Vừa"",""variant_id"":59,""price_adjustment"":0}]",
2838,1096,44,3,50975,152925,"[{""name"":""Vừa"",""variant_id"":59,""price_adjustment"":0}]",
2839,1096,30,2,63663,127326,"[{""name"":""Vừa"",""variant_id"":59,""price_adjustment"":0}]",
2840,1097,41,3,47161,141483,"[{""name"":""Vừa"",""variant_id"":59,""price_adjustment"":0}]",
2841,1097,38,2,33989,67978,"[{""name"":""Vừa"",""variant_id"":59,""price_adjustment"":0}]",
2842,1097,29,1,70781,70781,"[{""name"":""Vừa"",""variant_id"":59,""price_adjustment"":0}]",
2843,1098,80,3,36315,108945,"[{""name"":""Vừa"",""variant_id"":59,""price_adjustment"":0}]",
2844,1098,77,3,61839,185517,"[{""name"":""Vừa"",""variant_id"":59,""price_adjustment"":0}]",
2845,1098,78,3,66160,198480,"[{""name"":""Vừa"",""variant_id"":59,""price_adjustment"":0}]",
2846,1099,73,3,60511,181533,"[{""name"":""Vừa"",""variant_id"":59,""price_adjustment"":0}]",
2847,1099,78,3,44703,134109,"[{""name"":""Vừa"",""variant_id"":59,""price_adjustment"":0}]",
2848,1099,81,3,41249,123747,"[{""name"":""Vừa"",""variant_id"":59,""price_adjustment"":0}]",
2849,1100,34,1,71605,71605,"[{""name"":""Vừa"",""variant_id"":59,""price_adjustment"":0}]",
2850,1101,42,3,63769,191307,"[{""name"":""Vừa"",""variant_id"":59,""price_adjustment"":0}]",
2851,1102,44,2,66222,132444,"[{""name"":""Vừa"",""variant_id"":59,""price_adjustment"":0}]",
2852,1102,43,1,51476,51476,"[{""name"":""Vừa"",""variant_id"":59,""price_adjustment"":0}]",
2853,1103,39,3,27950,83850,"[{""name"":""Vừa"",""variant_id"":59,""price_adjustment"":0}]",
2854,1104,81,1,55532,55532,"[{""name"":""Vừa"",""variant_id"":59,""price_adjustment"":0}]",
2855,1105,39,1,47405,47405,"[{""name"":""Vừa"",""variant_id"":59,""price_adjustment"":0}]",
2856,1105,43,1,52788,52788,"[{""name"":""Vừa"",""variant_id"":59,""price_adjustment"":0}]",
2857,1105,30,1,56391,56391,"[{""name"":""Vừa"",""variant_id"":59,""price_adjustment"":0}]",
2858,1106,75,3,68634,205902,"[{""name"":""Vừa"",""variant_id"":59,""price_adjustment"":0}]",
2859,1106,78,1,72207,72207,"[{""name"":""Vừa"",""variant_id"":59,""price_adjustment"":0}]",
2860,1106,79,2,49967,99934,"[{""name"":""Vừa"",""variant_id"":59,""price_adjustment"":0}]",
2861,1106,71,2,47431,94862,"[{""name"":""Vừa"",""variant_id"":59,""price_adjustment"":0}]",
2862,1107,8,3,28072,84216,"[{""name"":""Vừa"",""variant_id"":59,""price_adjustment"":0}]",
2863,1107,72,1,47205,47205,"[{""name"":""Vừa"",""variant_id"":59,""price_adjustment"":0}]",
2864,1108,1,1,34928,34928,"[{""name"":""Vừa"",""variant_id"":59,""price_adjustment"":0}]",
2865,1108,48,1,43916,43916,"[{""name"":""Vừa"",""variant_id"":59,""price_adjustment"":0}]",
2866,1108,20,3,40410,121230,"[{""name"":""Vừa"",""variant_id"":59,""price_adjustment"":0}]",
2867,1108,78,1,67436,67436,"[{""name"":""Vừa"",""variant_id"":59,""price_adjustment"":0}]",
2868,1109,48,1,47570,47570,"[{""name"":""Vừa"",""variant_id"":59,""price_adjustment"":0}]",
2869,1110,62,3,29873,89619,"[{""name"":""Vừa"",""variant_id"":59,""price_adjustment"":0}]",
2870,1110,76,2,70319,140638,"[{""name"":""Vừa"",""variant_id"":59,""price_adjustment"":0}]",
2871,1110,34,1,49918,49918,"[{""name"":""Vừa"",""variant_id"":59,""price_adjustment"":0}]",
2872,1110,22,1,30651,30651,"[{""name"":""Vừa"",""variant_id"":59,""price_adjustment"":0}]",
2873,1111,44,3,35067,105201,"[{""name"":""Vừa"",""variant_id"":59,""price_adjustment"":0}]",
2874,1112,7,2,74457,148914,"[{""name"":""Vừa"",""variant_id"":59,""price_adjustment"":0}]",
2875,1112,54,1,72247,72247,"[{""name"":""Vừa"",""variant_id"":59,""price_adjustment"":0}]",
2876,1113,61,3,36880,110640,"[{""name"":""Vừa"",""variant_id"":59,""price_adjustment"":0}]",
2877,1113,52,3,55946,167838,"[{""name"":""Vừa"",""variant_id"":59,""price_adjustment"":0}]",
2878,1113,1,3,35838,107514,"[{""name"":""Vừa"",""variant_id"":59,""price_adjustment"":0}]",
2879,1113,79,1,25592,25592,"[{""name"":""Vừa"",""variant_id"":59,""price_adjustment"":0}]",
2880,1114,22,1,48876,48876,"[{""name"":""Vừa"",""variant_id"":59,""price_adjustment"":0}]",
2881,1114,18,2,70785,141570,"[{""name"":""Vừa"",""variant_id"":59,""price_adjustment"":0}]",
2882,1114,12,1,45156,45156,"[{""name"":""Vừa"",""variant_id"":59,""price_adjustment"":0}]",
2883,1114,1,1,33729,33729,"[{""name"":""Vừa"",""variant_id"":59,""price_adjustment"":0}]",
2884,1115,8,2,49496,98992,"[{""name"":""Vừa"",""variant_id"":59,""price_adjustment"":0}]",
2885,1115,46,3,71004,213012,"[{""name"":""Vừa"",""variant_id"":59,""price_adjustment"":0}]",
2886,1116,29,1,50757,50757,"[{""name"":""Vừa"",""variant_id"":59,""price_adjustment"":0}]",
2887,1117,14,1,40667,40667,"[{""name"":""Vừa"",""variant_id"":59,""price_adjustment"":0}]",
2888,1117,69,1,67783,67783,"[{""name"":""Vừa"",""variant_id"":59,""price_adjustment"":0}]",
2889,1117,37,3,42392,127176,"[{""name"":""Vừa"",""variant_id"":59,""price_adjustment"":0}]",
2890,1117,80,1,72422,72422,"[{""name"":""Vừa"",""variant_id"":59,""price_adjustment"":0}]",
2891,1118,19,3,69531,208593,"[{""name"":""Vừa"",""variant_id"":59,""price_adjustment"":0}]",
2892,1118,70,3,36467,109401,"[{""name"":""Vừa"",""variant_id"":59,""price_adjustment"":0}]",
2893,1118,5,1,25251,25251,"[{""name"":""Vừa"",""variant_id"":59,""price_adjustment"":0}]",
2894,1118,18,1,49973,49973,"[{""name"":""Vừa"",""variant_id"":59,""price_adjustment"":0}]",
2895,1119,34,1,56485,56485,"[{""name"":""Vừa"",""variant_id"":59,""price_adjustment"":0}]",
2896,1119,58,1,65975,65975,"[{""name"":""Vừa"",""variant_id"":59,""price_adjustment"":0}]",
2897,1120,46,3,68605,205815,"[{""name"":""Vừa"",""variant_id"":59,""price_adjustment"":0}]",
2898,1120,25,1,26907,26907,"[{""name"":""Vừa"",""variant_id"":59,""price_adjustment"":0}]",
2899,1120,13,2,40936,81872,"[{""name"":""Vừa"",""variant_id"":59,""price_adjustment"":0}]",
2900,1121,38,3,51362,154086,"[{""name"":""Vừa"",""variant_id"":59,""price_adjustment"":0}]",
2901,1121,18,1,35006,35006,"[{""name"":""Vừa"",""variant_id"":59,""price_adjustment"":0}]",
2902,1122,43,3,71474,214422,"[{""name"":""Vừa"",""variant_id"":59,""price_adjustment"":0}]",
2903,1122,32,2,48648,97296,"[{""name"":""Vừa"",""variant_id"":59,""price_adjustment"":0}]",
2904,1122,21,1,31266,31266,"[{""name"":""Vừa"",""variant_id"":59,""price_adjustment"":0}]",
2905,1122,68,1,26402,26402,"[{""name"":""Vừa"",""variant_id"":59,""price_adjustment"":0}]",
2906,1123,67,2,33907,67814,"[{""name"":""Vừa"",""variant_id"":59,""price_adjustment"":0}]",
2907,1124,19,3,45102,135306,"[{""name"":""Vừa"",""variant_id"":59,""price_adjustment"":0}]",
2908,1124,35,1,59558,59558,"[{""name"":""Vừa"",""variant_id"":59,""price_adjustment"":0}]",
2909,1124,56,2,34254,68508,"[{""name"":""Vừa"",""variant_id"":59,""price_adjustment"":0}]",
2910,1124,49,3,37835,113505,"[{""name"":""Vừa"",""variant_id"":59,""price_adjustment"":0}]",
2911,1125,59,2,30764,61528,"[{""name"":""Vừa"",""variant_id"":59,""price_adjustment"":0}]",
2912,1126,30,2,36740,73480,"[{""name"":""Vừa"",""variant_id"":59,""price_adjustment"":0}]",
2913,1126,1,3,60961,182883,"[{""name"":""Vừa"",""variant_id"":59,""price_adjustment"":0}]",
2914,1126,16,3,45400,136200,"[{""name"":""Vừa"",""variant_id"":59,""price_adjustment"":0}]",
2915,1127,15,3,29669,89007,"[{""name"":""Vừa"",""variant_id"":59,""price_adjustment"":0}]",
2916,1127,40,3,72436,217308,"[{""name"":""Vừa"",""variant_id"":59,""price_adjustment"":0}]",
2917,1128,56,2,42067,84134,"[{""name"":""Vừa"",""variant_id"":59,""price_adjustment"":0}]",
2918,1128,66,1,27465,27465,"[{""name"":""Vừa"",""variant_id"":59,""price_adjustment"":0}]",
2919,1129,77,2,66682,133364,"[{""name"":""Vừa"",""variant_id"":59,""price_adjustment"":0}]",
2920,1130,78,3,35330,105990,"[{""name"":""Vừa"",""variant_id"":59,""price_adjustment"":0}]",
2921,1131,23,3,41790,125370,"[{""name"":""Vừa"",""variant_id"":59,""price_adjustment"":0}]",
2922,1131,16,2,33929,67858,"[{""name"":""Vừa"",""variant_id"":59,""price_adjustment"":0}]",
2923,1132,25,3,43772,131316,"[{""name"":""Vừa"",""variant_id"":59,""price_adjustment"":0}]",
2924,1132,9,2,73087,146174,"[{""name"":""Vừa"",""variant_id"":59,""price_adjustment"":0}]",
2925,1133,19,1,60472,60472,"[{""name"":""Vừa"",""variant_id"":59,""price_adjustment"":0}]",
2926,1133,25,3,69417,208251,"[{""name"":""Vừa"",""variant_id"":59,""price_adjustment"":0}]",
2927,1134,13,3,36568,109704,"[{""name"":""Vừa"",""variant_id"":59,""price_adjustment"":0}]",
2928,1134,17,3,26317,78951,"[{""name"":""Vừa"",""variant_id"":59,""price_adjustment"":0}]",
2929,1135,25,2,49146,98292,"[{""name"":""Vừa"",""variant_id"":59,""price_adjustment"":0}]",
2930,1136,54,2,44255,88510,"[{""name"":""Vừa"",""variant_id"":59,""price_adjustment"":0}]",
2931,1137,62,2,74309,148618,"[{""name"":""Vừa"",""variant_id"":59,""price_adjustment"":0}]",
2932,1137,66,3,69519,208557,"[{""name"":""Vừa"",""variant_id"":59,""price_adjustment"":0}]",
2933,1137,48,1,57892,57892,"[{""name"":""Vừa"",""variant_id"":59,""price_adjustment"":0}]",
2934,1138,51,3,32874,98622,"[{""name"":""Vừa"",""variant_id"":59,""price_adjustment"":0}]",
2935,1139,58,1,67812,67812,"[{""name"":""Vừa"",""variant_id"":59,""price_adjustment"":0}]",
2936,1139,56,2,41141,82282,"[{""name"":""Vừa"",""variant_id"":59,""price_adjustment"":0}]",
2937,1139,50,2,52227,104454,"[{""name"":""Vừa"",""variant_id"":59,""price_adjustment"":0}]",
2938,1139,57,1,72621,72621,"[{""name"":""Vừa"",""variant_id"":59,""price_adjustment"":0}]",
2939,1140,58,2,31512,63024,"[{""name"":""Vừa"",""variant_id"":59,""price_adjustment"":0}]",
2940,1141,23,2,37345,74690,"[{""name"":""Vừa"",""variant_id"":59,""price_adjustment"":0}]",
2941,1141,27,3,59626,178878,"[{""name"":""Vừa"",""variant_id"":59,""price_adjustment"":0}]",
2942,1142,56,1,34577,34577,"[{""name"":""Vừa"",""variant_id"":59,""price_adjustment"":0}]",
2943,1142,49,1,64536,64536,"[{""name"":""Vừa"",""variant_id"":59,""price_adjustment"":0}]",
2944,1142,52,3,70011,210033,"[{""name"":""Vừa"",""variant_id"":59,""price_adjustment"":0}]",
2945,1143,69,2,29006,58012,"[{""name"":""Vừa"",""variant_id"":59,""price_adjustment"":0}]",
2946,1143,62,1,31514,31514,"[{""name"":""Vừa"",""variant_id"":59,""price_adjustment"":0}]",
2947,1144,67,1,45726,45726,"[{""name"":""Vừa"",""variant_id"":59,""price_adjustment"":0}]",
2948,1145,64,3,36223,108669,"[{""name"":""Vừa"",""variant_id"":59,""price_adjustment"":0}]",
2949,1145,53,1,30935,30935,"[{""name"":""Vừa"",""variant_id"":59,""price_adjustment"":0}]",
2950,1145,66,3,50524,151572,"[{""name"":""Vừa"",""variant_id"":59,""price_adjustment"":0}]",
2951,1145,50,2,62534,125068,"[{""name"":""Vừa"",""variant_id"":59,""price_adjustment"":0}]",
2952,1146,66,1,70338,70338,"[{""name"":""Vừa"",""variant_id"":59,""price_adjustment"":0}]",
2953,1147,61,2,52871,105742,"[{""name"":""Vừa"",""variant_id"":59,""price_adjustment"":0}]",
2954,1147,52,2,69855,139710,"[{""name"":""Vừa"",""variant_id"":59,""price_adjustment"":0}]",
2955,1147,65,3,32663,97989,"[{""name"":""Vừa"",""variant_id"":59,""price_adjustment"":0}]",
2956,1147,47,1,29424,29424,"[{""name"":""Vừa"",""variant_id"":59,""price_adjustment"":0}]",
2957,1148,4,3,40171,120513,"[{""name"":""Vừa"",""variant_id"":59,""price_adjustment"":0}]",
2958,1148,5,1,30109,30109,"[{""name"":""Vừa"",""variant_id"":59,""price_adjustment"":0}]",
2959,1148,9,3,58709,176127,"[{""name"":""Vừa"",""variant_id"":59,""price_adjustment"":0}]",
2960,1149,26,3,55636,166908,"[{""name"":""Vừa"",""variant_id"":59,""price_adjustment"":0}]",
2961,1149,27,1,31414,31414,"[{""name"":""Vừa"",""variant_id"":59,""price_adjustment"":0}]",
2962,1150,40,1,68700,68700,"[{""name"":""Vừa"",""variant_id"":59,""price_adjustment"":0}]",
2963,1150,31,2,61943,123886,"[{""name"":""Vừa"",""variant_id"":59,""price_adjustment"":0}]",
2964,1150,30,3,46146,138438,"[{""name"":""Vừa"",""variant_id"":59,""price_adjustment"":0}]",
2965,1151,42,3,62065,186195,"[{""name"":""Vừa"",""variant_id"":59,""price_adjustment"":0}]",
2966,1151,44,3,38621,115863,"[{""name"":""Vừa"",""variant_id"":59,""price_adjustment"":0}]",
2967,1152,79,1,25871,25871,"[{""name"":""Vừa"",""variant_id"":59,""price_adjustment"":0}]",
2968,1153,31,1,49672,49672,"[{""name"":""Vừa"",""variant_id"":59,""price_adjustment"":0}]",
2969,1153,35,2,61398,122796,"[{""name"":""Vừa"",""variant_id"":59,""price_adjustment"":0}]",
2970,1153,32,2,68039,136078,"[{""name"":""Vừa"",""variant_id"":59,""price_adjustment"":0}]",
2971,1153,29,3,35274,105822,"[{""name"":""Vừa"",""variant_id"":59,""price_adjustment"":0}]",
2972,1154,33,1,71040,71040,"[{""name"":""Vừa"",""variant_id"":59,""price_adjustment"":0}]",
2973,1154,36,3,28397,85191,"[{""name"":""Vừa"",""variant_id"":59,""price_adjustment"":0}]",
2974,1155,30,3,57938,173814,"[{""name"":""Vừa"",""variant_id"":59,""price_adjustment"":0}]",
2975,1155,41,1,57130,57130,"[{""name"":""Vừa"",""variant_id"":59,""price_adjustment"":0}]",
2976,1155,42,3,38936,116808,"[{""name"":""Vừa"",""variant_id"":59,""price_adjustment"":0}]",
2977,1155,37,2,44211,88422,"[{""name"":""Vừa"",""variant_id"":59,""price_adjustment"":0}]",
2978,1156,33,3,55775,167325,"[{""name"":""Vừa"",""variant_id"":59,""price_adjustment"":0}]",
2979,1156,31,1,39705,39705,"[{""name"":""Vừa"",""variant_id"":59,""price_adjustment"":0}]",
2980,1156,44,1,64682,64682,"[{""name"":""Vừa"",""variant_id"":59,""price_adjustment"":0}]",
2981,1157,69,2,66548,133096,"[{""name"":""Vừa"",""variant_id"":59,""price_adjustment"":0}]",
2982,1158,23,2,64259,128518,"[{""name"":""Vừa"",""variant_id"":59,""price_adjustment"":0}]",
2983,1158,5,3,53721,161163,"[{""name"":""Vừa"",""variant_id"":59,""price_adjustment"":0}]",
2984,1158,19,1,51634,51634,"[{""name"":""Vừa"",""variant_id"":59,""price_adjustment"":0}]",
2985,1158,18,1,29120,29120,"[{""name"":""Vừa"",""variant_id"":59,""price_adjustment"":0}]",
2986,1159,64,3,25722,77166,"[{""name"":""Vừa"",""variant_id"":59,""price_adjustment"":0}]",
2987,1159,61,1,71677,71677,"[{""name"":""Vừa"",""variant_id"":59,""price_adjustment"":0}]",
2988,1159,62,2,56165,112330,"[{""name"":""Vừa"",""variant_id"":59,""price_adjustment"":0}]",
2989,1159,47,3,73261,219783,"[{""name"":""Vừa"",""variant_id"":59,""price_adjustment"":0}]",
2990,1160,4,3,58237,174711,"[{""name"":""Vừa"",""variant_id"":59,""price_adjustment"":0}]",
2991,1161,7,1,71967,71967,"[{""name"":""Vừa"",""variant_id"":59,""price_adjustment"":0}]",
2992,1161,3,1,53984,53984,"[{""name"":""Vừa"",""variant_id"":59,""price_adjustment"":0}]",
2993,1162,11,1,33972,33972,"[{""name"":""Vừa"",""variant_id"":59,""price_adjustment"":0}]",
2994,1162,4,2,42800,85600,"[{""name"":""Vừa"",""variant_id"":59,""price_adjustment"":0}]",
2995,1162,5,2,50073,100146,"[{""name"":""Vừa"",""variant_id"":59,""price_adjustment"":0}]",
2996,1162,21,1,26318,26318,"[{""name"":""Vừa"",""variant_id"":59,""price_adjustment"":0}]",
2997,1163,57,1,60591,60591,"[{""name"":""Vừa"",""variant_id"":59,""price_adjustment"":0}]",
2998,1163,48,3,56285,168855,"[{""name"":""Vừa"",""variant_id"":59,""price_adjustment"":0}]",
2999,1163,51,3,46405,139215,"[{""name"":""Vừa"",""variant_id"":59,""price_adjustment"":0}]",
3000,1163,58,1,27544,27544,"[{""name"":""Vừa"",""variant_id"":59,""price_adjustment"":0}]",
3001,1164,68,2,53426,106852,"[{""name"":""Vừa"",""variant_id"":59,""price_adjustment"":0}]",
3002,1164,60,3,32945,98835,"[{""name"":""Vừa"",""variant_id"":59,""price_adjustment"":0}]",
3003,1164,47,1,31054,31054,"[{""name"":""Vừa"",""variant_id"":59,""price_adjustment"":0}]",
3004,1165,57,1,40029,40029,"[{""name"":""Vừa"",""variant_id"":59,""price_adjustment"":0}]",
3005,1165,53,1,66336,66336,"[{""name"":""Vừa"",""variant_id"":59,""price_adjustment"":0}]",
3006,1166,4,2,46322,92644,"[{""name"":""Vừa"",""variant_id"":59,""price_adjustment"":0}]",
3007,1166,15,3,30330,90990,"[{""name"":""Vừa"",""variant_id"":59,""price_adjustment"":0}]",
3008,1167,70,2,32556,65112,"[{""name"":""Vừa"",""variant_id"":59,""price_adjustment"":0}]",
3009,1167,51,1,25294,25294,"[{""name"":""Vừa"",""variant_id"":59,""price_adjustment"":0}]",
3010,1168,13,2,50560,101120,"[{""name"":""Vừa"",""variant_id"":59,""price_adjustment"":0}]",
3011,1168,6,3,27448,82344,"[{""name"":""Vừa"",""variant_id"":59,""price_adjustment"":0}]",
3012,1168,4,3,54170,162510,"[{""name"":""Vừa"",""variant_id"":59,""price_adjustment"":0}]",
3013,1169,17,2,61599,123198,"[{""name"":""Vừa"",""variant_id"":59,""price_adjustment"":0}]",
3014,1169,14,2,62031,124062,"[{""name"":""Vừa"",""variant_id"":59,""price_adjustment"":0}]",
3015,1170,50,2,38918,77836,"[{""name"":""Vừa"",""variant_id"":59,""price_adjustment"":0}]",
3016,1170,58,1,61777,61777,"[{""name"":""Vừa"",""variant_id"":59,""price_adjustment"":0}]",
3017,1170,53,1,36291,36291,"[{""name"":""Vừa"",""variant_id"":59,""price_adjustment"":0}]",
3018,1170,67,1,50617,50617,"[{""name"":""Vừa"",""variant_id"":59,""price_adjustment"":0}]",
3019,1171,69,2,47967,95934,"[{""name"":""Vừa"",""variant_id"":59,""price_adjustment"":0}]",
3020,1171,63,3,37596,112788,"[{""name"":""Vừa"",""variant_id"":59,""price_adjustment"":0}]",
3021,1172,56,3,40873,122619,"[{""name"":""Vừa"",""variant_id"":59,""price_adjustment"":0}]",
3022,1172,67,2,60098,120196,"[{""name"":""Vừa"",""variant_id"":59,""price_adjustment"":0}]",
3023,1173,7,3,60843,182529,"[{""name"":""Vừa"",""variant_id"":59,""price_adjustment"":0}]",
3024,1173,15,1,58331,58331,"[{""name"":""Vừa"",""variant_id"":59,""price_adjustment"":0}]",
3025,1173,3,2,43537,87074,"[{""name"":""Vừa"",""variant_id"":59,""price_adjustment"":0}]",
3026,1174,48,2,67345,134690,"[{""name"":""Vừa"",""variant_id"":59,""price_adjustment"":0}]",
3027,1174,61,2,62964,125928,"[{""name"":""Vừa"",""variant_id"":59,""price_adjustment"":0}]",
3028,1175,3,2,70489,140978,"[{""name"":""Vừa"",""variant_id"":59,""price_adjustment"":0}]",
3029,1175,23,3,74866,224598,"[{""name"":""Vừa"",""variant_id"":59,""price_adjustment"":0}]",
3030,1175,19,3,27422,82266,"[{""name"":""Vừa"",""variant_id"":59,""price_adjustment"":0}]",
3031,1175,21,3,65987,197961,"[{""name"":""Vừa"",""variant_id"":59,""price_adjustment"":0}]",
3032,1176,28,3,38596,115788,"[{""name"":""Vừa"",""variant_id"":59,""price_adjustment"":0}]",
3033,1176,19,3,27158,81474,"[{""name"":""Vừa"",""variant_id"":59,""price_adjustment"":0}]",
3034,1176,1,3,72861,218583,"[{""name"":""Vừa"",""variant_id"":59,""price_adjustment"":0}]",
3035,1176,24,3,59897,179691,"[{""name"":""Vừa"",""variant_id"":59,""price_adjustment"":0}]",
3036,1177,21,1,54250,54250,"[{""name"":""Vừa"",""variant_id"":59,""price_adjustment"":0}]",
3037,1177,22,2,49809,99618,"[{""name"":""Vừa"",""variant_id"":59,""price_adjustment"":0}]",
3038,1177,8,2,60448,120896,"[{""name"":""Vừa"",""variant_id"":59,""price_adjustment"":0}]",
3039,1177,4,2,47685,95370,"[{""name"":""Vừa"",""variant_id"":59,""price_adjustment"":0}]",
3040,1178,53,2,65363,130726,"[{""name"":""Vừa"",""variant_id"":59,""price_adjustment"":0}]",
3041,1178,49,2,59206,118412,"[{""name"":""Vừa"",""variant_id"":59,""price_adjustment"":0}]",
3042,1178,56,3,28880,86640,"[{""name"":""Vừa"",""variant_id"":59,""price_adjustment"":0}]",
3043,1178,59,1,27912,27912,"[{""name"":""Vừa"",""variant_id"":59,""price_adjustment"":0}]",
3044,1179,21,2,40459,80918,"[{""name"":""Vừa"",""variant_id"":59,""price_adjustment"":0}]",
3045,1180,1,2,27447,54894,"[{""name"":""Vừa"",""variant_id"":59,""price_adjustment"":0}]",
3046,1180,7,3,51322,153966,"[{""name"":""Vừa"",""variant_id"":59,""price_adjustment"":0}]",
3047,1180,5,1,53315,53315,"[{""name"":""Vừa"",""variant_id"":59,""price_adjustment"":0}]",
3048,1181,26,2,38789,77578,"[{""name"":""Vừa"",""variant_id"":59,""price_adjustment"":0}]",
3049,1181,22,2,74322,148644,"[{""name"":""Vừa"",""variant_id"":59,""price_adjustment"":0}]",
3050,1182,15,3,64491,193473,"[{""name"":""Vừa"",""variant_id"":59,""price_adjustment"":0}]",
3051,1183,1,2,30182,60364,"[{""name"":""Vừa"",""variant_id"":59,""price_adjustment"":0}]",
3052,1183,26,2,50299,100598,"[{""name"":""Vừa"",""variant_id"":59,""price_adjustment"":0}]",
3053,1183,25,3,26895,80685,"[{""name"":""Vừa"",""variant_id"":59,""price_adjustment"":0}]",
3054,1183,18,3,53111,159333,"[{""name"":""Vừa"",""variant_id"":59,""price_adjustment"":0}]",
3055,1184,28,2,67938,135876,"[{""name"":""Vừa"",""variant_id"":59,""price_adjustment"":0}]",
3056,1185,7,3,40319,120957,"[{""name"":""Vừa"",""variant_id"":59,""price_adjustment"":0}]",
3057,1185,9,2,59081,118162,"[{""name"":""Vừa"",""variant_id"":59,""price_adjustment"":0}]",
3058,1186,31,1,38811,38811,"[{""name"":""Vừa"",""variant_id"":59,""price_adjustment"":0}]",
3059,1187,31,3,39840,119520,"[{""name"":""Vừa"",""variant_id"":59,""price_adjustment"":0}]",
3060,1188,37,2,53401,106802,"[{""name"":""Vừa"",""variant_id"":59,""price_adjustment"":0}]",
3061,1188,42,1,56688,56688,"[{""name"":""Vừa"",""variant_id"":59,""price_adjustment"":0}]",
3062,1188,29,2,69607,139214,"[{""name"":""Vừa"",""variant_id"":59,""price_adjustment"":0}]",
3063,1188,40,2,45979,91958,"[{""name"":""Vừa"",""variant_id"":59,""price_adjustment"":0}]",
3064,1189,40,1,70512,70512,"[{""name"":""Vừa"",""variant_id"":59,""price_adjustment"":0}]",
3065,1189,31,2,34798,69596,"[{""name"":""Vừa"",""variant_id"":59,""price_adjustment"":0}]",
3066,1189,36,2,52302,104604,"[{""name"":""Vừa"",""variant_id"":59,""price_adjustment"":0}]",
3067,1189,41,3,58315,174945,"[{""name"":""Vừa"",""variant_id"":59,""price_adjustment"":0}]",
3068,1190,43,3,69586,208758,"[{""name"":""Vừa"",""variant_id"":59,""price_adjustment"":0}]",
3069,1191,42,1,60252,60252,"[{""name"":""Vừa"",""variant_id"":59,""price_adjustment"":0}]",
3070,1191,37,1,67946,67946,"[{""name"":""Vừa"",""variant_id"":59,""price_adjustment"":0}]",
3071,1191,39,1,73261,73261,"[{""name"":""Vừa"",""variant_id"":59,""price_adjustment"":0}]",
3072,1191,40,3,61767,185301,"[{""name"":""Vừa"",""variant_id"":59,""price_adjustment"":0}]",
3073,1192,44,2,26742,53484,"[{""name"":""Vừa"",""variant_id"":59,""price_adjustment"":0}]",
3074,1193,39,2,42754,85508,"[{""name"":""Vừa"",""variant_id"":59,""price_adjustment"":0}]",
3075,1193,43,3,29811,89433,"[{""name"":""Vừa"",""variant_id"":59,""price_adjustment"":0}]",
3076,1194,72,1,50790,50790,"[{""name"":""Vừa"",""variant_id"":59,""price_adjustment"":0}]",
3077,1194,81,1,67745,67745,"[{""name"":""Vừa"",""variant_id"":59,""price_adjustment"":0}]",
3078,1194,75,1,28931,28931,"[{""name"":""Vừa"",""variant_id"":59,""price_adjustment"":0}]",
3079,1194,79,2,31218,62436,"[{""name"":""Vừa"",""variant_id"":59,""price_adjustment"":0}]",
3080,1195,32,2,40278,80556,"[{""name"":""Vừa"",""variant_id"":59,""price_adjustment"":0}]",
3081,1195,40,2,48959,97918,"[{""name"":""Vừa"",""variant_id"":59,""price_adjustment"":0}]",
3082,1196,35,3,29695,89085,"[{""name"":""Vừa"",""variant_id"":59,""price_adjustment"":0}]",
3083,1196,40,3,58641,175923,"[{""name"":""Vừa"",""variant_id"":59,""price_adjustment"":0}]",
3084,1197,73,2,55457,110914,"[{""name"":""Vừa"",""variant_id"":59,""price_adjustment"":0}]",
3085,1197,78,2,54633,109266,"[{""name"":""Vừa"",""variant_id"":59,""price_adjustment"":0}]",
3086,1197,74,2,56946,113892,"[{""name"":""Vừa"",""variant_id"":59,""price_adjustment"":0}]",
3087,1198,33,1,25800,25800,"[{""name"":""Vừa"",""variant_id"":59,""price_adjustment"":0}]",
3088,1198,30,3,45293,135879,"[{""name"":""Vừa"",""variant_id"":59,""price_adjustment"":0}]",
3089,1198,38,1,33893,33893,"[{""name"":""Vừa"",""variant_id"":59,""price_adjustment"":0}]",
3090,1198,44,2,69287,138574,"[{""name"":""Vừa"",""variant_id"":59,""price_adjustment"":0}]",
3091,1199,18,2,72926,145852,"[{""name"":""Vừa"",""variant_id"":59,""price_adjustment"":0}]",
3092,1199,25,1,56792,56792,"[{""name"":""Vừa"",""variant_id"":59,""price_adjustment"":0}]",
3093,1199,22,1,34054,34054,"[{""name"":""Vừa"",""variant_id"":59,""price_adjustment"":0}]",
3094,1200,14,3,67804,203412,"[{""name"":""Vừa"",""variant_id"":59,""price_adjustment"":0}]",
3095,1200,7,3,27852,83556,"[{""name"":""Vừa"",""variant_id"":59,""price_adjustment"":0}]",
3096,1200,12,3,64213,192639,"[{""name"":""Vừa"",""variant_id"":59,""price_adjustment"":0}]",
3097,1201,17,3,44530,133590,"[{""name"":""Vừa"",""variant_id"":59,""price_adjustment"":0}]",
3098,1201,5,2,74724,149448,"[{""name"":""Vừa"",""variant_id"":59,""price_adjustment"":0}]",
3099,1201,2,2,49038,98076,"[{""name"":""Vừa"",""variant_id"":59,""price_adjustment"":0}]",
3100,1201,15,1,42999,42999,"[{""name"":""Vừa"",""variant_id"":59,""price_adjustment"":0}]",
3101,1202,8,2,31526,63052,"[{""name"":""Vừa"",""variant_id"":59,""price_adjustment"":0}]",
3102,1203,22,2,31472,62944,"[{""name"":""Vừa"",""variant_id"":59,""price_adjustment"":0}]",
3103,1203,3,3,45805,137415,"[{""name"":""Vừa"",""variant_id"":59,""price_adjustment"":0}]",
3104,1203,2,1,41841,41841,"[{""name"":""Vừa"",""variant_id"":59,""price_adjustment"":0}]",
3105,1204,4,1,74641,74641,"[{""name"":""Vừa"",""variant_id"":59,""price_adjustment"":0}]",
3106,1204,7,2,31494,62988,"[{""name"":""Vừa"",""variant_id"":59,""price_adjustment"":0}]",
3107,1204,18,1,47483,47483,"[{""name"":""Vừa"",""variant_id"":59,""price_adjustment"":0}]",
3108,1204,5,3,26113,78339,"[{""name"":""Vừa"",""variant_id"":59,""price_adjustment"":0}]",
3109,1205,68,2,52902,105804,"[{""name"":""Vừa"",""variant_id"":59,""price_adjustment"":0}]",
3110,1205,47,1,58182,58182,"[{""name"":""Vừa"",""variant_id"":59,""price_adjustment"":0}]",
3111,1205,60,1,25888,25888,"[{""name"":""Vừa"",""variant_id"":59,""price_adjustment"":0}]",
3112,1206,17,2,72995,145990,"[{""name"":""Vừa"",""variant_id"":59,""price_adjustment"":0}]",
3113,1206,9,1,69085,69085,"[{""name"":""Vừa"",""variant_id"":59,""price_adjustment"":0}]",
3114,1207,4,3,40102,120306,"[{""name"":""Vừa"",""variant_id"":59,""price_adjustment"":0}]",
3115,1207,19,2,37501,75002,"[{""name"":""Vừa"",""variant_id"":59,""price_adjustment"":0}]",
3116,1207,25,3,63201,189603,"[{""name"":""Vừa"",""variant_id"":59,""price_adjustment"":0}]",
3117,1208,55,1,31088,31088,"[{""name"":""Vừa"",""variant_id"":59,""price_adjustment"":0}]",
3118,1208,67,1,60833,60833,"[{""name"":""Vừa"",""variant_id"":59,""price_adjustment"":0}]",
3119,1208,62,2,39625,79250,"[{""name"":""Vừa"",""variant_id"":59,""price_adjustment"":0}]",
3120,1209,9,1,55184,55184,"[{""name"":""Vừa"",""variant_id"":59,""price_adjustment"":0}]",
3121,1209,5,1,49702,49702,"[{""name"":""Vừa"",""variant_id"":59,""price_adjustment"":0}]",
3122,1209,4,2,71465,142930,"[{""name"":""Vừa"",""variant_id"":59,""price_adjustment"":0}]",
3123,1210,3,2,28634,57268,"[{""name"":""Vừa"",""variant_id"":59,""price_adjustment"":0}]",
3124,1210,14,3,67611,202833,"[{""name"":""Vừa"",""variant_id"":59,""price_adjustment"":0}]",
3125,1211,4,1,25901,25901,"[{""name"":""Vừa"",""variant_id"":59,""price_adjustment"":0}]",
3126,1212,26,2,57296,114592,"[{""name"":""Vừa"",""variant_id"":59,""price_adjustment"":0}]",
3127,1212,13,3,74050,222150,"[{""name"":""Vừa"",""variant_id"":59,""price_adjustment"":0}]",
3128,1212,11,3,60491,181473,"[{""name"":""Vừa"",""variant_id"":59,""price_adjustment"":0}]",
3129,1212,15,3,55543,166629,"[{""name"":""Vừa"",""variant_id"":59,""price_adjustment"":0}]",
3130,1213,62,2,71520,143040,"[{""name"":""Vừa"",""variant_id"":59,""price_adjustment"":0}]",
3131,1213,68,2,28774,57548,"[{""name"":""Vừa"",""variant_id"":59,""price_adjustment"":0}]",
3132,1214,1,3,70623,211869,"[{""name"":""Vừa"",""variant_id"":59,""price_adjustment"":0}]",
3133,1214,19,3,68734,206202,"[{""name"":""Vừa"",""variant_id"":59,""price_adjustment"":0}]",
3134,1214,9,2,71426,142852,"[{""name"":""Vừa"",""variant_id"":59,""price_adjustment"":0}]",
3135,1214,27,2,53478,106956,"[{""name"":""Vừa"",""variant_id"":59,""price_adjustment"":0}]",
3136,1215,6,3,40601,121803,"[{""name"":""Vừa"",""variant_id"":59,""price_adjustment"":0}]",
3137,1215,23,2,67957,135914,"[{""name"":""Vừa"",""variant_id"":59,""price_adjustment"":0}]",
3138,1215,1,1,25978,25978,"[{""name"":""Vừa"",""variant_id"":59,""price_adjustment"":0}]",
3139,1215,25,3,53917,161751,"[{""name"":""Vừa"",""variant_id"":59,""price_adjustment"":0}]",
3140,1216,5,2,63878,127756,"[{""name"":""Vừa"",""variant_id"":59,""price_adjustment"":0}]",
3141,1216,23,3,56872,170616,"[{""name"":""Vừa"",""variant_id"":59,""price_adjustment"":0}]",
3142,1216,22,3,55303,165909,"[{""name"":""Vừa"",""variant_id"":59,""price_adjustment"":0}]",
3143,1217,14,3,44482,133446,"[{""name"":""Vừa"",""variant_id"":59,""price_adjustment"":0}]",
3144,1218,24,1,73201,73201,"[{""name"":""Vừa"",""variant_id"":59,""price_adjustment"":0}]",
3145,1218,17,3,30714,92142,"[{""name"":""Vừa"",""variant_id"":59,""price_adjustment"":0}]",
3146,1218,2,3,70649,211947,"[{""name"":""Vừa"",""variant_id"":59,""price_adjustment"":0}]",
3147,1219,57,3,25312,75936,"[{""name"":""Vừa"",""variant_id"":59,""price_adjustment"":0}]",
3148,1219,56,1,39251,39251,"[{""name"":""Vừa"",""variant_id"":59,""price_adjustment"":0}]",
3149,1219,70,2,33588,67176,"[{""name"":""Vừa"",""variant_id"":59,""price_adjustment"":0}]",
3150,1219,60,2,45997,91994,"[{""name"":""Vừa"",""variant_id"":59,""price_adjustment"":0}]",
3151,1220,3,2,70800,141600,"[{""name"":""Vừa"",""variant_id"":59,""price_adjustment"":0}]",
3152,1221,28,1,59342,59342,"[{""name"":""Vừa"",""variant_id"":59,""price_adjustment"":0}]",
3153,1221,13,1,29409,29409,"[{""name"":""Vừa"",""variant_id"":59,""price_adjustment"":0}]",
3154,1221,5,3,64737,194211,"[{""name"":""Vừa"",""variant_id"":59,""price_adjustment"":0}]",
3155,1221,23,1,47536,47536,"[{""name"":""Vừa"",""variant_id"":59,""price_adjustment"":0}]",
3156,1222,57,1,65246,65246,"[{""name"":""Vừa"",""variant_id"":59,""price_adjustment"":0}]",
3157,1222,66,3,58621,175863,"[{""name"":""Vừa"",""variant_id"":59,""price_adjustment"":0}]",
3158,1223,62,2,30599,61198,"[{""name"":""Vừa"",""variant_id"":59,""price_adjustment"":0}]",
3159,1223,61,2,65004,130008,"[{""name"":""Vừa"",""variant_id"":59,""price_adjustment"":0}]",
3160,1224,51,1,53055,53055,"[{""name"":""Vừa"",""variant_id"":59,""price_adjustment"":0}]",
3161,1224,69,1,53804,53804,"[{""name"":""Vừa"",""variant_id"":59,""price_adjustment"":0}]",
3162,1224,57,2,48880,97760,"[{""name"":""Vừa"",""variant_id"":59,""price_adjustment"":0}]",
3163,1225,48,1,68953,68953,"[{""name"":""Vừa"",""variant_id"":59,""price_adjustment"":0}]",
3164,1225,54,3,28685,86055,"[{""name"":""Vừa"",""variant_id"":59,""price_adjustment"":0}]",
3165,1225,47,3,36463,109389,"[{""name"":""Vừa"",""variant_id"":59,""price_adjustment"":0}]",
3166,1226,2,2,26312,52624,"[{""name"":""Vừa"",""variant_id"":59,""price_adjustment"":0}]",
3167,1227,12,2,66298,132596,"[{""name"":""Vừa"",""variant_id"":59,""price_adjustment"":0}]",
3168,1227,10,1,43905,43905,"[{""name"":""Vừa"",""variant_id"":59,""price_adjustment"":0}]",
3169,1227,9,2,43982,87964,"[{""name"":""Vừa"",""variant_id"":59,""price_adjustment"":0}]",
3170,1228,28,3,59132,177396,"[{""name"":""Vừa"",""variant_id"":59,""price_adjustment"":0}]",
3171,1228,5,1,48811,48811,"[{""name"":""Vừa"",""variant_id"":59,""price_adjustment"":0}]",
3172,1228,18,1,25995,25995,"[{""name"":""Vừa"",""variant_id"":59,""price_adjustment"":0}]",
3173,1229,20,1,44097,44097,"[{""name"":""Vừa"",""variant_id"":59,""price_adjustment"":0}]",
3174,1229,24,1,74546,74546,"[{""name"":""Vừa"",""variant_id"":59,""price_adjustment"":0}]",
3175,1229,28,1,44681,44681,"[{""name"":""Vừa"",""variant_id"":59,""price_adjustment"":0}]",
3176,1230,56,2,40586,81172,"[{""name"":""Vừa"",""variant_id"":59,""price_adjustment"":0}]",
3177,1230,60,1,73109,73109,"[{""name"":""Vừa"",""variant_id"":59,""price_adjustment"":0}]",
3178,1231,10,2,65137,130274,"[{""name"":""Vừa"",""variant_id"":59,""price_adjustment"":0}]",
3179,1232,47,2,40912,81824,"[{""name"":""Vừa"",""variant_id"":59,""price_adjustment"":0}]",
3180,1232,48,3,69041,207123,"[{""name"":""Vừa"",""variant_id"":59,""price_adjustment"":0}]",
3181,1233,26,2,27238,54476,"[{""name"":""Vừa"",""variant_id"":59,""price_adjustment"":0}]",
3182,1234,10,3,69922,209766,"[{""name"":""Vừa"",""variant_id"":59,""price_adjustment"":0}]",
3183,1234,2,2,37952,75904,"[{""name"":""Vừa"",""variant_id"":59,""price_adjustment"":0}]",
3184,1235,25,1,66600,66600,"[{""name"":""Vừa"",""variant_id"":59,""price_adjustment"":0}]",
3185,1236,69,1,70976,70976,"[{""name"":""Vừa"",""variant_id"":59,""price_adjustment"":0}]",
3186,1237,26,2,26285,52570,"[{""name"":""Vừa"",""variant_id"":59,""price_adjustment"":0}]",
3187,1237,1,3,41562,124686,"[{""name"":""Vừa"",""variant_id"":59,""price_adjustment"":0}]",
3188,1237,15,1,60726,60726,"[{""name"":""Vừa"",""variant_id"":59,""price_adjustment"":0}]",
3189,1237,24,3,57086,171258,"[{""name"":""Vừa"",""variant_id"":59,""price_adjustment"":0}]",
3190,1238,18,1,59640,59640,"[{""name"":""Vừa"",""variant_id"":59,""price_adjustment"":0}]",
3191,1238,24,3,61563,184689,"[{""name"":""Vừa"",""variant_id"":59,""price_adjustment"":0}]",
3192,1238,20,1,50689,50689,"[{""name"":""Vừa"",""variant_id"":59,""price_adjustment"":0}]",
3193,1239,10,2,41033,82066,"[{""name"":""Vừa"",""variant_id"":59,""price_adjustment"":0}]",
3194,1240,50,3,52736,158208,"[{""name"":""Vừa"",""variant_id"":59,""price_adjustment"":0}]",
3195,1240,58,3,35354,106062,"[{""name"":""Vừa"",""variant_id"":59,""price_adjustment"":0}]",
3196,1241,22,1,31173,31173,"[{""name"":""Vừa"",""variant_id"":59,""price_adjustment"":0}]",
3197,1241,9,3,33917,101751,"[{""name"":""Vừa"",""variant_id"":59,""price_adjustment"":0}]",
3198,1241,7,1,74094,74094,"[{""name"":""Vừa"",""variant_id"":59,""price_adjustment"":0}]",
3199,1242,15,2,50080,100160,"[{""name"":""Vừa"",""variant_id"":59,""price_adjustment"":0}]",
3200,1242,8,3,41875,125625,"[{""name"":""Vừa"",""variant_id"":59,""price_adjustment"":0}]",
3201,1243,7,2,55053,110106,"[{""name"":""Vừa"",""variant_id"":59,""price_adjustment"":0}]",
3202,1243,19,3,26648,79944,"[{""name"":""Vừa"",""variant_id"":59,""price_adjustment"":0}]",
3203,1244,27,1,53012,53012,"[{""name"":""Vừa"",""variant_id"":59,""price_adjustment"":0}]",
3204,1245,66,2,67243,134486,"[{""name"":""Vừa"",""variant_id"":59,""price_adjustment"":0}]",
3205,1245,50,2,57942,115884,"[{""name"":""Vừa"",""variant_id"":59,""price_adjustment"":0}]",
3206,1245,49,1,28823,28823,"[{""name"":""Vừa"",""variant_id"":59,""price_adjustment"":0}]",
3207,1245,52,3,54304,162912,"[{""name"":""Vừa"",""variant_id"":59,""price_adjustment"":0}]",
3208,1246,80,3,68249,204747,"[{""name"":""Vừa"",""variant_id"":59,""price_adjustment"":0}]",
3209,1246,79,1,61722,61722,"[{""name"":""Vừa"",""variant_id"":59,""price_adjustment"":0}]",
3210,1246,74,2,68777,137554,"[{""name"":""Vừa"",""variant_id"":59,""price_adjustment"":0}]",
3211,1246,76,1,61407,61407,"[{""name"":""Vừa"",""variant_id"":59,""price_adjustment"":0}]",
3212,1247,74,1,64417,64417,"[{""name"":""Vừa"",""variant_id"":59,""price_adjustment"":0}]",
3213,1248,43,1,56105,56105,"[{""name"":""Vừa"",""variant_id"":59,""price_adjustment"":0}]",
3214,1248,32,3,37918,113754,"[{""name"":""Vừa"",""variant_id"":59,""price_adjustment"":0}]",
3215,1248,37,3,40859,122577,"[{""name"":""Vừa"",""variant_id"":59,""price_adjustment"":0}]",
3216,1248,44,2,36186,72372,"[{""name"":""Vừa"",""variant_id"":59,""price_adjustment"":0}]",
3217,1249,77,2,28023,56046,"[{""name"":""Vừa"",""variant_id"":59,""price_adjustment"":0}]",
3218,1249,81,2,48429,96858,"[{""name"":""Vừa"",""variant_id"":59,""price_adjustment"":0}]",
3219,1249,73,3,62787,188361,"[{""name"":""Vừa"",""variant_id"":59,""price_adjustment"":0}]",
3220,1250,33,3,74990,224970,"[{""name"":""Vừa"",""variant_id"":59,""price_adjustment"":0}]",
3221,1251,80,1,45879,45879,"[{""name"":""Vừa"",""variant_id"":59,""price_adjustment"":0}]",
3222,1251,81,3,61237,183711,"[{""name"":""Vừa"",""variant_id"":59,""price_adjustment"":0}]",
3223,1252,31,3,32236,96708,"[{""name"":""Vừa"",""variant_id"":59,""price_adjustment"":0}]",
3224,1252,39,1,51596,51596,"[{""name"":""Vừa"",""variant_id"":59,""price_adjustment"":0}]",
3225,1252,32,2,64301,128602,"[{""name"":""Vừa"",""variant_id"":59,""price_adjustment"":0}]",
3226,1253,80,3,48068,144204,"[{""name"":""Vừa"",""variant_id"":59,""price_adjustment"":0}]",
3227,1253,81,2,37707,75414,"[{""name"":""Vừa"",""variant_id"":59,""price_adjustment"":0}]",
3228,1254,37,1,39378,39378,"[{""name"":""Vừa"",""variant_id"":59,""price_adjustment"":0}]",
3229,1255,75,2,47674,95348,"[{""name"":""Vừa"",""variant_id"":59,""price_adjustment"":0}]",
3230,1255,76,1,41474,41474,"[{""name"":""Vừa"",""variant_id"":59,""price_adjustment"":0}]",
3231,1255,79,3,41501,124503,"[{""name"":""Vừa"",""variant_id"":59,""price_adjustment"":0}]",
3232,1255,72,2,34708,69416,"[{""name"":""Vừa"",""variant_id"":59,""price_adjustment"":0}]",
3233,1256,14,3,38193,114579,"[{""name"":""Vừa"",""variant_id"":59,""price_adjustment"":0}]",
3234,1257,55,1,64198,64198,"[{""name"":""Vừa"",""variant_id"":59,""price_adjustment"":0}]",
3235,1257,60,3,52390,157170,"[{""name"":""Vừa"",""variant_id"":59,""price_adjustment"":0}]",
3236,1257,64,3,64036,192108,"[{""name"":""Vừa"",""variant_id"":59,""price_adjustment"":0}]",
3237,1258,27,3,32952,98856,"[{""name"":""Vừa"",""variant_id"":59,""price_adjustment"":0}]",
3238,1258,20,1,53278,53278,"[{""name"":""Vừa"",""variant_id"":59,""price_adjustment"":0}]",
3239,1258,16,3,41826,125478,"[{""name"":""Vừa"",""variant_id"":59,""price_adjustment"":0}]",
3240,1259,20,2,65077,130154,"[{""name"":""Vừa"",""variant_id"":59,""price_adjustment"":0}]",
3241,1259,10,1,68017,68017,"[{""name"":""Vừa"",""variant_id"":59,""price_adjustment"":0}]",
3242,1260,56,1,46583,46583,"[{""name"":""Vừa"",""variant_id"":59,""price_adjustment"":0}]",
3243,1260,50,2,56440,112880,"[{""name"":""Vừa"",""variant_id"":59,""price_adjustment"":0}]",
3244,1261,67,2,73287,146574,"[{""name"":""Vừa"",""variant_id"":59,""price_adjustment"":0}]",
3245,1261,49,3,36918,110754,"[{""name"":""Vừa"",""variant_id"":59,""price_adjustment"":0}]",
3246,1261,56,3,30631,91893,"[{""name"":""Vừa"",""variant_id"":59,""price_adjustment"":0}]",
3247,1262,11,2,49878,99756,"[{""name"":""Vừa"",""variant_id"":59,""price_adjustment"":0}]",
3248,1262,1,1,46497,46497,"[{""name"":""Vừa"",""variant_id"":59,""price_adjustment"":0}]",
3249,1263,58,1,47430,47430,"[{""name"":""Vừa"",""variant_id"":59,""price_adjustment"":0}]",
3250,1263,48,2,47458,94916,"[{""name"":""Vừa"",""variant_id"":59,""price_adjustment"":0}]",
3251,1264,12,2,37191,74382,"[{""name"":""Vừa"",""variant_id"":59,""price_adjustment"":0}]",
3252,1265,29,3,45374,136122,"[{""name"":""Vừa"",""variant_id"":59,""price_adjustment"":0}]",
3253,1265,37,3,57785,173355,"[{""name"":""Vừa"",""variant_id"":59,""price_adjustment"":0}]",
3254,1265,31,1,62584,62584,"[{""name"":""Vừa"",""variant_id"":59,""price_adjustment"":0}]",
3255,1265,40,2,31287,62574,"[{""name"":""Vừa"",""variant_id"":59,""price_adjustment"":0}]",
3256,1266,76,1,45949,45949,"[{""name"":""Vừa"",""variant_id"":59,""price_adjustment"":0}]",
3257,1266,81,2,41676,83352,"[{""name"":""Vừa"",""variant_id"":59,""price_adjustment"":0}]",
3258,1266,71,2,27958,55916,"[{""name"":""Vừa"",""variant_id"":59,""price_adjustment"":0}]",
3259,1266,80,1,40248,40248,"[{""name"":""Vừa"",""variant_id"":59,""price_adjustment"":0}]",
3260,1267,78,3,44817,134451,"[{""name"":""Vừa"",""variant_id"":59,""price_adjustment"":0}]",
3261,1267,74,3,42840,128520,"[{""name"":""Vừa"",""variant_id"":59,""price_adjustment"":0}]",
3262,1267,72,2,62684,125368,"[{""name"":""Vừa"",""variant_id"":59,""price_adjustment"":0}]",
3263,1268,72,3,33998,101994,"[{""name"":""Vừa"",""variant_id"":59,""price_adjustment"":0}]",
3264,1268,73,3,47195,141585,"[{""name"":""Vừa"",""variant_id"":59,""price_adjustment"":0}]",
3265,1269,74,1,63320,63320,"[{""name"":""Vừa"",""variant_id"":59,""price_adjustment"":0}]",
3266,1270,31,1,42747,42747,"[{""name"":""Vừa"",""variant_id"":59,""price_adjustment"":0}]",
3267,1270,42,3,34788,104364,"[{""name"":""Vừa"",""variant_id"":59,""price_adjustment"":0}]",
3268,1270,43,3,56454,169362,"[{""name"":""Vừa"",""variant_id"":59,""price_adjustment"":0}]",
3269,1271,31,1,59227,59227,"[{""name"":""Vừa"",""variant_id"":59,""price_adjustment"":0}]",
3270,1271,39,1,46782,46782,"[{""name"":""Vừa"",""variant_id"":59,""price_adjustment"":0}]",
3271,1271,29,2,39003,78006,"[{""name"":""Vừa"",""variant_id"":59,""price_adjustment"":0}]",
3272,1272,78,2,60847,121694,"[{""name"":""Vừa"",""variant_id"":59,""price_adjustment"":0}]",
3273,1272,77,1,27129,27129,"[{""name"":""Vừa"",""variant_id"":59,""price_adjustment"":0}]",
3274,1273,75,3,64850,194550,"[{""name"":""Vừa"",""variant_id"":59,""price_adjustment"":0}]",
3275,1273,79,1,36660,36660,"[{""name"":""Vừa"",""variant_id"":59,""price_adjustment"":0}]",
3276,1274,40,3,65179,195537,"[{""name"":""Vừa"",""variant_id"":59,""price_adjustment"":0}]",
3277,1274,34,1,63066,63066,"[{""name"":""Vừa"",""variant_id"":59,""price_adjustment"":0}]",
3278,1274,36,1,42850,42850,"[{""name"":""Vừa"",""variant_id"":59,""price_adjustment"":0}]",
3279,1274,37,1,51387,51387,"[{""name"":""Vừa"",""variant_id"":59,""price_adjustment"":0}]",
3280,1275,44,1,42556,42556,"[{""name"":""Vừa"",""variant_id"":59,""price_adjustment"":0}]",
3281,1276,73,2,70857,141714,"[{""name"":""Vừa"",""variant_id"":59,""price_adjustment"":0}]",
3282,1277,31,1,56839,56839,"[{""name"":""Vừa"",""variant_id"":59,""price_adjustment"":0}]",
3283,1277,40,3,72196,216588,"[{""name"":""Vừa"",""variant_id"":59,""price_adjustment"":0}]",
3284,1277,29,1,63008,63008,"[{""name"":""Vừa"",""variant_id"":59,""price_adjustment"":0}]",
3285,1277,36,2,36433,72866,"[{""name"":""Vừa"",""variant_id"":59,""price_adjustment"":0}]",
3286,1278,80,1,65857,65857,"[{""name"":""Vừa"",""variant_id"":59,""price_adjustment"":0}]",
3287,1279,34,1,29501,29501,"[{""name"":""Vừa"",""variant_id"":59,""price_adjustment"":0}]",
3288,1279,35,1,56260,56260,"[{""name"":""Vừa"",""variant_id"":59,""price_adjustment"":0}]",
3289,1279,33,2,47438,94876,"[{""name"":""Vừa"",""variant_id"":59,""price_adjustment"":0}]",
3290,1280,41,1,66816,66816,"[{""name"":""Vừa"",""variant_id"":59,""price_adjustment"":0}]",
3291,1281,43,1,37760,37760,"[{""name"":""Vừa"",""variant_id"":59,""price_adjustment"":0}]",
3292,1282,75,3,74570,223710,"[{""name"":""Vừa"",""variant_id"":59,""price_adjustment"":0}]",
3293,1283,30,1,71848,71848,"[{""name"":""Vừa"",""variant_id"":59,""price_adjustment"":0}]",
3294,1283,16,3,46674,140022,"[{""name"":""Vừa"",""variant_id"":59,""price_adjustment"":0}]",
3295,1283,21,3,72604,217812,"[{""name"":""Vừa"",""variant_id"":59,""price_adjustment"":0}]",
3296,1283,73,1,62122,62122,"[{""name"":""Vừa"",""variant_id"":59,""price_adjustment"":0}]",
3297,1284,70,3,48676,146028,"[{""name"":""Vừa"",""variant_id"":59,""price_adjustment"":0}]",
3298,1284,27,2,33596,67192,"[{""name"":""Vừa"",""variant_id"":59,""price_adjustment"":0}]",
3299,1284,64,2,65318,130636,"[{""name"":""Vừa"",""variant_id"":59,""price_adjustment"":0}]",
3300,1284,56,1,25983,25983,"[{""name"":""Vừa"",""variant_id"":59,""price_adjustment"":0}]",
3301,1285,78,1,30710,30710,"[{""name"":""Vừa"",""variant_id"":59,""price_adjustment"":0}]",
3302,1285,26,3,29485,88455,"[{""name"":""Vừa"",""variant_id"":59,""price_adjustment"":0}]",
3303,1285,25,2,49855,99710,"[{""name"":""Vừa"",""variant_id"":59,""price_adjustment"":0}]",
3304,1286,77,3,43759,131277,"[{""name"":""Vừa"",""variant_id"":59,""price_adjustment"":0}]",
3305,1286,60,1,42011,42011,"[{""name"":""Vừa"",""variant_id"":59,""price_adjustment"":0}]",
3306,1287,20,3,54742,164226,"[{""name"":""Vừa"",""variant_id"":59,""price_adjustment"":0}]",
3307,1287,19,1,36911,36911,"[{""name"":""Vừa"",""variant_id"":59,""price_adjustment"":0}]",
3308,1288,30,1,47290,47290,"[{""name"":""Vừa"",""variant_id"":59,""price_adjustment"":0}]",
3309,1288,2,1,47563,47563,"[{""name"":""Vừa"",""variant_id"":59,""price_adjustment"":0}]",
3310,1289,56,3,60664,181992,"[{""name"":""Vừa"",""variant_id"":59,""price_adjustment"":0}]",
3311,1289,28,3,53539,160617,"[{""name"":""Vừa"",""variant_id"":59,""price_adjustment"":0}]",
3312,1290,29,3,35039,105117,"[{""name"":""Vừa"",""variant_id"":59,""price_adjustment"":0}]",
3313,1290,55,3,69726,209178,"[{""name"":""Vừa"",""variant_id"":59,""price_adjustment"":0}]",
3314,1290,77,3,38816,116448,"[{""name"":""Vừa"",""variant_id"":59,""price_adjustment"":0}]",
3315,1290,66,1,70326,70326,"[{""name"":""Vừa"",""variant_id"":59,""price_adjustment"":0}]",
3316,1291,3,1,50243,50243,"[{""name"":""Vừa"",""variant_id"":59,""price_adjustment"":0}]",
3317,1292,23,2,56844,113688,"[{""name"":""Vừa"",""variant_id"":59,""price_adjustment"":0}]",
3318,1292,24,3,49356,148068,"[{""name"":""Vừa"",""variant_id"":59,""price_adjustment"":0}]",
3319,1292,10,3,49018,147054,"[{""name"":""Vừa"",""variant_id"":59,""price_adjustment"":0}]",
3320,1292,6,1,62725,62725,"[{""name"":""Vừa"",""variant_id"":59,""price_adjustment"":0}]",
3321,1293,70,2,31350,62700,"[{""name"":""Vừa"",""variant_id"":59,""price_adjustment"":0}]",
3322,1293,35,2,33733,67466,"[{""name"":""Vừa"",""variant_id"":59,""price_adjustment"":0}]",
3323,1293,14,3,62353,187059,"[{""name"":""Vừa"",""variant_id"":59,""price_adjustment"":0}]",
3324,1293,40,2,36027,72054,"[{""name"":""Vừa"",""variant_id"":59,""price_adjustment"":0}]",
3325,1294,48,2,47549,95098,"[{""name"":""Vừa"",""variant_id"":59,""price_adjustment"":0}]",
3326,1294,5,1,52888,52888,"[{""name"":""Vừa"",""variant_id"":59,""price_adjustment"":0}]",
3327,1294,13,2,38401,76802,"[{""name"":""Vừa"",""variant_id"":59,""price_adjustment"":0}]",
3328,1295,5,1,64151,64151,"[{""name"":""Vừa"",""variant_id"":59,""price_adjustment"":0}]",
3329,1295,27,3,63437,190311,"[{""name"":""Vừa"",""variant_id"":59,""price_adjustment"":0}]",
3330,1295,12,2,35654,71308,"[{""name"":""Vừa"",""variant_id"":59,""price_adjustment"":0}]",
3331,1296,54,1,38241,38241,"[{""name"":""Vừa"",""variant_id"":59,""price_adjustment"":0}]",
3332,1296,80,2,40929,81858,"[{""name"":""Vừa"",""variant_id"":59,""price_adjustment"":0}]",
3333,1296,58,1,43084,43084,"[{""name"":""Vừa"",""variant_id"":59,""price_adjustment"":0}]",
3334,1297,37,2,65471,130942,"[{""name"":""Vừa"",""variant_id"":59,""price_adjustment"":0}]",
3335,1297,53,1,72530,72530,"[{""name"":""Vừa"",""variant_id"":59,""price_adjustment"":0}]",
3336,1297,42,1,67114,67114,"[{""name"":""Vừa"",""variant_id"":59,""price_adjustment"":0}]",
3337,1298,46,2,60088,120176,"[{""name"":""Vừa"",""variant_id"":59,""price_adjustment"":0}]",
3338,1298,19,2,42655,85310,"[{""name"":""Vừa"",""variant_id"":59,""price_adjustment"":0}]",
3339,1298,17,1,43591,43591,"[{""name"":""Vừa"",""variant_id"":59,""price_adjustment"":0}]",
3340,1299,64,2,41987,83974,"[{""name"":""Vừa"",""variant_id"":59,""price_adjustment"":0}]",
3341,1299,74,3,51821,155463,"[{""name"":""Vừa"",""variant_id"":59,""price_adjustment"":0}]",
3342,1299,71,2,38915,77830,"[{""name"":""Vừa"",""variant_id"":59,""price_adjustment"":0}]",
3343,1300,49,2,57495,114990,"[{""name"":""Vừa"",""variant_id"":59,""price_adjustment"":0}]",
3344,1300,28,2,41403,82806,"[{""name"":""Vừa"",""variant_id"":59,""price_adjustment"":0}]",
3345,1300,24,2,37516,75032,"[{""name"":""Vừa"",""variant_id"":59,""price_adjustment"":0}]",
3346,1300,65,2,28071,56142,"[{""name"":""Vừa"",""variant_id"":59,""price_adjustment"":0}]",
3347,1301,29,2,36940,73880,"[{""name"":""Vừa"",""variant_id"":59,""price_adjustment"":0}]",
3348,1301,62,1,44472,44472,"[{""name"":""Vừa"",""variant_id"":59,""price_adjustment"":0}]",
3349,1302,78,1,38151,38151,"[{""name"":""Vừa"",""variant_id"":59,""price_adjustment"":0}]",
3350,1302,58,2,43687,87374,"[{""name"":""Vừa"",""variant_id"":59,""price_adjustment"":0}]",
3351,1303,8,1,42513,42513,"[{""name"":""Vừa"",""variant_id"":59,""price_adjustment"":0}]",
3352,1304,78,2,71407,142814,"[{""name"":""Vừa"",""variant_id"":59,""price_adjustment"":0}]",
3353,1304,64,2,28170,56340,"[{""name"":""Vừa"",""variant_id"":59,""price_adjustment"":0}]",
3354,1304,18,2,53888,107776,"[{""name"":""Vừa"",""variant_id"":59,""price_adjustment"":0}]",
3355,1304,26,3,38859,116577,"[{""name"":""Vừa"",""variant_id"":59,""price_adjustment"":0}]",
3356,1305,58,3,34249,102747,"[{""name"":""Vừa"",""variant_id"":59,""price_adjustment"":0}]",
3357,1305,57,2,34173,68346,"[{""name"":""Vừa"",""variant_id"":59,""price_adjustment"":0}]",
3358,1306,6,1,68057,68057,"[{""name"":""Vừa"",""variant_id"":59,""price_adjustment"":0}]",
3359,1307,11,1,69959,69959,"[{""name"":""Vừa"",""variant_id"":59,""price_adjustment"":0}]",
3360,1307,3,1,51952,51952,"[{""name"":""Vừa"",""variant_id"":59,""price_adjustment"":0}]",
3361,1307,13,2,38624,77248,"[{""name"":""Vừa"",""variant_id"":59,""price_adjustment"":0}]",
3362,1308,62,1,73541,73541,"[{""name"":""Vừa"",""variant_id"":59,""price_adjustment"":0}]",
3363,1308,50,2,47747,95494,"[{""name"":""Vừa"",""variant_id"":59,""price_adjustment"":0}]",
3364,1308,55,3,46221,138663,"[{""name"":""Vừa"",""variant_id"":59,""price_adjustment"":0}]",
3365,1309,57,2,62045,124090,"[{""name"":""Vừa"",""variant_id"":59,""price_adjustment"":0}]",
3366,1309,65,1,32691,32691,"[{""name"":""Vừa"",""variant_id"":59,""price_adjustment"":0}]",
3367,1309,55,1,67342,67342,"[{""name"":""Vừa"",""variant_id"":59,""price_adjustment"":0}]",
3368,1310,12,3,67488,202464,"[{""name"":""Vừa"",""variant_id"":59,""price_adjustment"":0}]",
3369,1310,5,1,40377,40377,"[{""name"":""Vừa"",""variant_id"":59,""price_adjustment"":0}]",
3370,1310,3,3,72380,217140,"[{""name"":""Vừa"",""variant_id"":59,""price_adjustment"":0}]",
3371,1311,25,3,31764,95292,"[{""name"":""Vừa"",""variant_id"":59,""price_adjustment"":0}]",
3372,1312,4,3,49194,147582,"[{""name"":""Vừa"",""variant_id"":59,""price_adjustment"":0}]",
3373,1312,21,2,70742,141484,"[{""name"":""Vừa"",""variant_id"":59,""price_adjustment"":0}]",
3374,1313,23,1,25187,25187,"[{""name"":""Vừa"",""variant_id"":59,""price_adjustment"":0}]",
3375,1313,1,1,64756,64756,"[{""name"":""Vừa"",""variant_id"":59,""price_adjustment"":0}]",
3376,1313,12,3,63094,189282,"[{""name"":""Vừa"",""variant_id"":59,""price_adjustment"":0}]",
3377,1314,67,2,35579,71158,"[{""name"":""Vừa"",""variant_id"":59,""price_adjustment"":0}]",
3378,1315,14,1,48001,48001,"[{""name"":""Vừa"",""variant_id"":59,""price_adjustment"":0}]",
3379,1315,20,1,47390,47390,"[{""name"":""Vừa"",""variant_id"":59,""price_adjustment"":0}]",
3380,1315,1,3,30398,91194,"[{""name"":""Vừa"",""variant_id"":59,""price_adjustment"":0}]",
3381,1315,3,2,64100,128200,"[{""name"":""Vừa"",""variant_id"":59,""price_adjustment"":0}]",
3382,1316,22,3,57898,173694,"[{""name"":""Vừa"",""variant_id"":59,""price_adjustment"":0}]",
3383,1317,65,2,68209,136418,"[{""name"":""Vừa"",""variant_id"":59,""price_adjustment"":0}]",
3384,1317,61,2,52415,104830,"[{""name"":""Vừa"",""variant_id"":59,""price_adjustment"":0}]",
3385,1317,50,1,29041,29041,"[{""name"":""Vừa"",""variant_id"":59,""price_adjustment"":0}]",
3386,1318,66,2,74682,149364,"[{""name"":""Vừa"",""variant_id"":59,""price_adjustment"":0}]",
3387,1319,52,1,48484,48484,"[{""name"":""Vừa"",""variant_id"":59,""price_adjustment"":0}]",
3388,1319,61,2,30570,61140,"[{""name"":""Vừa"",""variant_id"":59,""price_adjustment"":0}]",
3389,1320,20,3,47785,143355,"[{""name"":""Vừa"",""variant_id"":59,""price_adjustment"":0}]",
3390,1320,5,1,69475,69475,"[{""name"":""Vừa"",""variant_id"":59,""price_adjustment"":0}]",
3391,1320,14,2,58902,117804,"[{""name"":""Vừa"",""variant_id"":59,""price_adjustment"":0}]",
3392,1321,21,1,70548,70548,"[{""name"":""Vừa"",""variant_id"":59,""price_adjustment"":0}]",
3393,1321,23,2,28166,56332,"[{""name"":""Vừa"",""variant_id"":59,""price_adjustment"":0}]",
3394,1321,10,2,50809,101618,"[{""name"":""Vừa"",""variant_id"":59,""price_adjustment"":0}]",
3395,1322,70,1,31957,31957,"[{""name"":""Vừa"",""variant_id"":59,""price_adjustment"":0}]",
3396,1322,54,2,37432,74864,"[{""name"":""Vừa"",""variant_id"":59,""price_adjustment"":0}]",
3397,1322,66,3,44198,132594,"[{""name"":""Vừa"",""variant_id"":59,""price_adjustment"":0}]",
3398,1322,50,3,49497,148491,"[{""name"":""Vừa"",""variant_id"":59,""price_adjustment"":0}]",
3399,1323,23,3,71834,215502,"[{""name"":""Vừa"",""variant_id"":59,""price_adjustment"":0}]",
3400,1323,9,3,38817,116451,"[{""name"":""Vừa"",""variant_id"":59,""price_adjustment"":0}]",
3401,1323,2,3,43577,130731,"[{""name"":""Vừa"",""variant_id"":59,""price_adjustment"":0}]",
3402,1324,63,2,62227,124454,"[{""name"":""Vừa"",""variant_id"":59,""price_adjustment"":0}]",
3403,1325,52,3,39689,119067,"[{""name"":""Vừa"",""variant_id"":59,""price_adjustment"":0}]",
3404,1325,47,3,68621,205863,"[{""name"":""Vừa"",""variant_id"":59,""price_adjustment"":0}]",
3405,1325,59,1,36197,36197,"[{""name"":""Vừa"",""variant_id"":59,""price_adjustment"":0}]",
3406,1325,58,2,73024,146048,"[{""name"":""Vừa"",""variant_id"":59,""price_adjustment"":0}]",
3407,1326,17,3,46631,139893,"[{""name"":""Vừa"",""variant_id"":59,""price_adjustment"":0}]",
3408,1327,15,3,56773,170319,"[{""name"":""Vừa"",""variant_id"":59,""price_adjustment"":0}]",
3409,1327,3,1,47143,47143,"[{""name"":""Vừa"",""variant_id"":59,""price_adjustment"":0}]",
3410,1327,18,1,62183,62183,"[{""name"":""Vừa"",""variant_id"":59,""price_adjustment"":0}]",
3411,1328,11,3,38870,116610,"[{""name"":""Vừa"",""variant_id"":59,""price_adjustment"":0}]",
3412,1329,17,3,31504,94512,"[{""name"":""Vừa"",""variant_id"":59,""price_adjustment"":0}]",
3413,1329,4,3,33166,99498,"[{""name"":""Vừa"",""variant_id"":59,""price_adjustment"":0}]",
3414,1329,6,3,41939,125817,"[{""name"":""Vừa"",""variant_id"":59,""price_adjustment"":0}]",
3415,1330,27,3,29791,89373,"[{""name"":""Vừa"",""variant_id"":59,""price_adjustment"":0}]",
3416,1331,12,2,52338,104676,"[{""name"":""Vừa"",""variant_id"":59,""price_adjustment"":0}]",
3417,1332,31,3,50960,152880,"[{""name"":""Vừa"",""variant_id"":59,""price_adjustment"":0}]",
3418,1332,39,2,61507,123014,"[{""name"":""Vừa"",""variant_id"":59,""price_adjustment"":0}]",
3419,1332,32,3,47362,142086,"[{""name"":""Vừa"",""variant_id"":59,""price_adjustment"":0}]",
3420,1333,41,1,65942,65942,"[{""name"":""Vừa"",""variant_id"":59,""price_adjustment"":0}]",
3421,1333,31,1,51460,51460,"[{""name"":""Vừa"",""variant_id"":59,""price_adjustment"":0}]",
3422,1333,38,2,65864,131728,"[{""name"":""Vừa"",""variant_id"":59,""price_adjustment"":0}]",
3423,1334,76,1,49183,49183,"[{""name"":""Vừa"",""variant_id"":59,""price_adjustment"":0}]",
3424,1334,74,2,57847,115694,"[{""name"":""Vừa"",""variant_id"":59,""price_adjustment"":0}]",
3425,1334,75,2,61734,123468,"[{""name"":""Vừa"",""variant_id"":59,""price_adjustment"":0}]",
3426,1334,71,2,42600,85200,"[{""name"":""Vừa"",""variant_id"":59,""price_adjustment"":0}]",
3427,1335,79,3,42340,127020,"[{""name"":""Vừa"",""variant_id"":59,""price_adjustment"":0}]",
3428,1335,81,2,36588,73176,"[{""name"":""Vừa"",""variant_id"":59,""price_adjustment"":0}]",
3429,1336,76,2,27386,54772,"[{""name"":""Vừa"",""variant_id"":59,""price_adjustment"":0}]",
3430,1336,79,1,32727,32727,"[{""name"":""Vừa"",""variant_id"":59,""price_adjustment"":0}]",
3431,1337,35,1,31540,31540,"[{""name"":""Vừa"",""variant_id"":59,""price_adjustment"":0}]",
3432,1338,74,1,71326,71326,"[{""name"":""Vừa"",""variant_id"":59,""price_adjustment"":0}]",
3433,1339,72,2,66902,133804,"[{""name"":""Vừa"",""variant_id"":59,""price_adjustment"":0}]",
3434,1340,44,2,53952,107904,"[{""name"":""Vừa"",""variant_id"":59,""price_adjustment"":0}]",
3435,1340,35,3,70821,212463,"[{""name"":""Vừa"",""variant_id"":59,""price_adjustment"":0}]",
3436,1341,63,1,51606,51606,"[{""name"":""Vừa"",""variant_id"":59,""price_adjustment"":0}]",
3437,1341,68,1,60118,60118,"[{""name"":""Vừa"",""variant_id"":59,""price_adjustment"":0}]",
3438,1341,56,3,50883,152649,"[{""name"":""Vừa"",""variant_id"":59,""price_adjustment"":0}]",
3439,1342,70,3,58759,176277,"[{""name"":""Vừa"",""variant_id"":59,""price_adjustment"":0}]",
3440,1342,55,1,44256,44256,"[{""name"":""Vừa"",""variant_id"":59,""price_adjustment"":0}]",
3441,1342,57,2,29879,59758,"[{""name"":""Vừa"",""variant_id"":59,""price_adjustment"":0}]",
3442,1343,17,1,44863,44863,"[{""name"":""Vừa"",""variant_id"":59,""price_adjustment"":0}]",
3443,1344,69,1,66052,66052,"[{""name"":""Vừa"",""variant_id"":59,""price_adjustment"":0}]",
3444,1345,6,3,64033,192099,"[{""name"":""Vừa"",""variant_id"":59,""price_adjustment"":0}]",
3445,1346,22,1,28813,28813,"[{""name"":""Vừa"",""variant_id"":59,""price_adjustment"":0}]",
3446,1346,9,3,64554,193662,"[{""name"":""Vừa"",""variant_id"":59,""price_adjustment"":0}]",
3447,1347,20,3,65850,197550,"[{""name"":""Vừa"",""variant_id"":59,""price_adjustment"":0}]",
3448,1348,13,3,36530,109590,"[{""name"":""Vừa"",""variant_id"":59,""price_adjustment"":0}]",
3449,1348,17,2,63283,126566,"[{""name"":""Vừa"",""variant_id"":59,""price_adjustment"":0}]",
3450,1348,8,1,41203,41203,"[{""name"":""Vừa"",""variant_id"":59,""price_adjustment"":0}]",
3451,1349,14,3,44244,132732,"[{""name"":""Vừa"",""variant_id"":59,""price_adjustment"":0}]",
3452,1349,27,2,60701,121402,"[{""name"":""Vừa"",""variant_id"":59,""price_adjustment"":0}]",
3453,1349,6,2,35451,70902,"[{""name"":""Vừa"",""variant_id"":59,""price_adjustment"":0}]",
3454,1350,3,3,33965,101895,"[{""name"":""Vừa"",""variant_id"":59,""price_adjustment"":0}]",
3455,1350,14,1,43598,43598,"[{""name"":""Vừa"",""variant_id"":59,""price_adjustment"":0}]",
3456,1350,5,2,62432,124864,"[{""name"":""Vừa"",""variant_id"":59,""price_adjustment"":0}]",
3457,1351,18,3,25391,76173,"[{""name"":""Vừa"",""variant_id"":59,""price_adjustment"":0}]",
3458,1351,16,3,51125,153375,"[{""name"":""Vừa"",""variant_id"":59,""price_adjustment"":0}]",
3459,1351,2,1,67006,67006,"[{""name"":""Vừa"",""variant_id"":59,""price_adjustment"":0}]",
3460,1352,9,2,51565,103130,"[{""name"":""Vừa"",""variant_id"":59,""price_adjustment"":0}]",
3461,1352,15,2,36733,73466,"[{""name"":""Vừa"",""variant_id"":59,""price_adjustment"":0}]",
3462,1353,36,2,62584,125168,"[{""name"":""Vừa"",""variant_id"":59,""price_adjustment"":0}]",
3463,1353,77,3,48031,144093,"[{""name"":""Vừa"",""variant_id"":59,""price_adjustment"":0}]",
3464,1353,33,1,71556,71556,"[{""name"":""Vừa"",""variant_id"":59,""price_adjustment"":0}]",
3465,1353,55,1,36583,36583,"[{""name"":""Vừa"",""variant_id"":59,""price_adjustment"":0}]",
3466,1354,37,2,46160,92320,"[{""name"":""Vừa"",""variant_id"":59,""price_adjustment"":0}]",
3467,1355,77,3,32669,98007,"[{""name"":""Vừa"",""variant_id"":59,""price_adjustment"":0}]",
3468,1356,31,1,48070,48070,"[{""name"":""Vừa"",""variant_id"":59,""price_adjustment"":0}]",
3469,1356,51,1,47784,47784,"[{""name"":""Vừa"",""variant_id"":59,""price_adjustment"":0}]",
3470,1357,19,2,46006,92012,"[{""name"":""Vừa"",""variant_id"":59,""price_adjustment"":0}]",
3471,1357,48,2,63191,126382,"[{""name"":""Vừa"",""variant_id"":59,""price_adjustment"":0}]",
3472,1358,72,1,58985,58985,"[{""name"":""Vừa"",""variant_id"":59,""price_adjustment"":0}]",
3473,1358,65,2,58131,116262,"[{""name"":""Vừa"",""variant_id"":59,""price_adjustment"":0}]",
3474,1359,18,3,63116,189348,"[{""name"":""Vừa"",""variant_id"":59,""price_adjustment"":0}]",
3475,1360,65,1,40754,40754,"[{""name"":""Vừa"",""variant_id"":59,""price_adjustment"":0}]",
3476,1360,64,3,45188,135564,"[{""name"":""Vừa"",""variant_id"":59,""price_adjustment"":0}]",
3477,1360,61,3,57425,172275,"[{""name"":""Vừa"",""variant_id"":59,""price_adjustment"":0}]",
3478,1360,52,2,30528,61056,"[{""name"":""Vừa"",""variant_id"":59,""price_adjustment"":0}]",
3479,1361,19,2,56221,112442,"[{""name"":""Vừa"",""variant_id"":59,""price_adjustment"":0}]",
3480,1361,17,3,73665,220995,"[{""name"":""Vừa"",""variant_id"":59,""price_adjustment"":0}]",
3481,1361,5,3,44899,134697,"[{""name"":""Vừa"",""variant_id"":59,""price_adjustment"":0}]",
3482,1362,7,1,29052,29052,"[{""name"":""Vừa"",""variant_id"":59,""price_adjustment"":0}]",
3483,1362,12,1,48367,48367,"[{""name"":""Vừa"",""variant_id"":59,""price_adjustment"":0}]",
3484,1363,15,3,72592,217776,"[{""name"":""Vừa"",""variant_id"":59,""price_adjustment"":0}]",
3485,1364,50,1,59417,59417,"[{""name"":""Vừa"",""variant_id"":59,""price_adjustment"":0}]",
3486,1365,24,2,35956,71912,"[{""name"":""Vừa"",""variant_id"":59,""price_adjustment"":0}]",
3487,1365,8,3,27267,81801,"[{""name"":""Vừa"",""variant_id"":59,""price_adjustment"":0}]",
3488,1366,10,2,34094,68188,"[{""name"":""Vừa"",""variant_id"":59,""price_adjustment"":0}]",
3489,1366,25,3,36954,110862,"[{""name"":""Vừa"",""variant_id"":59,""price_adjustment"":0}]",
3490,1367,18,2,65839,131678,"[{""name"":""Vừa"",""variant_id"":59,""price_adjustment"":0}]",
3491,1367,11,2,25009,50018,"[{""name"":""Vừa"",""variant_id"":59,""price_adjustment"":0}]",
3492,1367,26,1,36024,36024,"[{""name"":""Vừa"",""variant_id"":59,""price_adjustment"":0}]",
3493,1367,9,1,42909,42909,"[{""name"":""Vừa"",""variant_id"":59,""price_adjustment"":0}]",
3494,1368,1,2,48277,96554,"[{""name"":""Vừa"",""variant_id"":59,""price_adjustment"":0}]",
3495,1368,2,2,66708,133416,"[{""name"":""Vừa"",""variant_id"":59,""price_adjustment"":0}]",
3496,1369,68,3,54057,162171,"[{""name"":""Vừa"",""variant_id"":59,""price_adjustment"":0}]",
3497,1369,57,1,41451,41451,"[{""name"":""Vừa"",""variant_id"":59,""price_adjustment"":0}]",
3498,1369,48,3,34745,104235,"[{""name"":""Vừa"",""variant_id"":59,""price_adjustment"":0}]",
3499,1370,12,2,45135,90270,"[{""name"":""Vừa"",""variant_id"":59,""price_adjustment"":0}]",
3500,1370,24,3,32253,96759,"[{""name"":""Vừa"",""variant_id"":59,""price_adjustment"":0}]",
3501,1371,47,3,31045,93135,"[{""name"":""Vừa"",""variant_id"":59,""price_adjustment"":0}]",
3502,1371,64,3,26655,79965,"[{""name"":""Vừa"",""variant_id"":59,""price_adjustment"":0}]",
3503,1371,60,1,59176,59176,"[{""name"":""Vừa"",""variant_id"":59,""price_adjustment"":0}]",
3504,1371,70,2,53289,106578,"[{""name"":""Vừa"",""variant_id"":59,""price_adjustment"":0}]",
3505,1372,16,1,34954,34954,"[{""name"":""Vừa"",""variant_id"":59,""price_adjustment"":0}]",
3506,1372,21,2,71477,142954,"[{""name"":""Vừa"",""variant_id"":59,""price_adjustment"":0}]",
3507,1372,10,3,64971,194913,"[{""name"":""Vừa"",""variant_id"":59,""price_adjustment"":0}]",
3508,1373,48,1,65739,65739,"[{""name"":""Vừa"",""variant_id"":59,""price_adjustment"":0}]",
3509,1373,64,3,66839,200517,"[{""name"":""Vừa"",""variant_id"":59,""price_adjustment"":0}]",
3510,1373,56,3,32467,97401,"[{""name"":""Vừa"",""variant_id"":59,""price_adjustment"":0}]",
3511,1373,47,2,60721,121442,"[{""name"":""Vừa"",""variant_id"":59,""price_adjustment"":0}]",
3512,1374,13,3,73004,219012,"[{""name"":""Vừa"",""variant_id"":59,""price_adjustment"":0}]",
3513,1375,3,1,51802,51802,"[{""name"":""Vừa"",""variant_id"":59,""price_adjustment"":0}]",
3514,1375,26,3,28022,84066,"[{""name"":""Vừa"",""variant_id"":59,""price_adjustment"":0}]",
3515,1376,5,2,43271,86542,"[{""name"":""Vừa"",""variant_id"":59,""price_adjustment"":0}]",
3516,1376,18,3,39953,119859,"[{""name"":""Vừa"",""variant_id"":59,""price_adjustment"":0}]",
3517,1376,19,3,41126,123378,"[{""name"":""Vừa"",""variant_id"":59,""price_adjustment"":0}]",
3518,1376,9,1,70139,70139,"[{""name"":""Vừa"",""variant_id"":59,""price_adjustment"":0}]",
3519,1377,19,1,55857,55857,"[{""name"":""Vừa"",""variant_id"":59,""price_adjustment"":0}]",
3520,1377,4,2,61901,123802,"[{""name"":""Vừa"",""variant_id"":59,""price_adjustment"":0}]",
3521,1378,62,3,34422,103266,"[{""name"":""Vừa"",""variant_id"":59,""price_adjustment"":0}]",
3522,1378,54,2,54197,108394,"[{""name"":""Vừa"",""variant_id"":59,""price_adjustment"":0}]",
3523,1379,27,1,59244,59244,"[{""name"":""Vừa"",""variant_id"":59,""price_adjustment"":0}]",
3524,1379,21,1,52171,52171,"[{""name"":""Vừa"",""variant_id"":59,""price_adjustment"":0}]",
3525,1379,25,1,47324,47324,"[{""name"":""Vừa"",""variant_id"":59,""price_adjustment"":0}]",
3526,1380,10,3,48421,145263,"[{""name"":""Vừa"",""variant_id"":59,""price_adjustment"":0}]",
3527,1381,47,2,37983,75966,"[{""name"":""Vừa"",""variant_id"":59,""price_adjustment"":0}]",
3528,1381,35,3,28068,84204,"[{""name"":""Vừa"",""variant_id"":59,""price_adjustment"":0}]",
3529,1382,59,3,37295,111885,"[{""name"":""Vừa"",""variant_id"":59,""price_adjustment"":0}]",
3530,1383,64,2,47406,94812,"[{""name"":""Vừa"",""variant_id"":59,""price_adjustment"":0}]",
3531,1383,32,2,74370,148740,"[{""name"":""Vừa"",""variant_id"":59,""price_adjustment"":0}]",
3532,1383,26,2,40384,80768,"[{""name"":""Vừa"",""variant_id"":59,""price_adjustment"":0}]",
3533,1383,17,3,36841,110523,"[{""name"":""Vừa"",""variant_id"":59,""price_adjustment"":0}]",
3534,1384,1,1,28383,28383,"[{""name"":""Vừa"",""variant_id"":59,""price_adjustment"":0}]",
3535,1385,46,1,72068,72068,"[{""name"":""Vừa"",""variant_id"":59,""price_adjustment"":0}]",
3536,1385,12,3,53313,159939,"[{""name"":""Vừa"",""variant_id"":59,""price_adjustment"":0}]",
3537,1386,55,1,68481,68481,"[{""name"":""Vừa"",""variant_id"":59,""price_adjustment"":0}]",
3538,1386,73,1,68838,68838,"[{""name"":""Vừa"",""variant_id"":59,""price_adjustment"":0}]",
3539,1386,15,2,30956,61912,"[{""name"":""Vừa"",""variant_id"":59,""price_adjustment"":0}]",
3540,1387,33,1,74783,74783,"[{""name"":""Vừa"",""variant_id"":59,""price_adjustment"":0}]",
3541,1388,67,3,35687,107061,"[{""name"":""Vừa"",""variant_id"":59,""price_adjustment"":0}]",
3542,1388,52,3,34075,102225,"[{""name"":""Vừa"",""variant_id"":59,""price_adjustment"":0}]",
3543,1388,1,3,74188,222564,"[{""name"":""Vừa"",""variant_id"":59,""price_adjustment"":0}]",
3544,1388,54,2,68242,136484,"[{""name"":""Vừa"",""variant_id"":59,""price_adjustment"":0}]",
3545,1389,36,1,55801,55801,"[{""name"":""Vừa"",""variant_id"":59,""price_adjustment"":0}]",
3546,1390,43,2,70454,140908,"[{""name"":""Vừa"",""variant_id"":59,""price_adjustment"":0}]",
3547,1390,76,2,74322,148644,"[{""name"":""Vừa"",""variant_id"":59,""price_adjustment"":0}]",
3548,1390,74,2,63980,127960,"[{""name"":""Vừa"",""variant_id"":59,""price_adjustment"":0}]",
3549,1391,80,2,48632,97264,"[{""name"":""Vừa"",""variant_id"":59,""price_adjustment"":0}]",
3550,1392,74,3,25877,77631,"[{""name"":""Vừa"",""variant_id"":59,""price_adjustment"":0}]",
3551,1392,58,2,29600,59200,"[{""name"":""Vừa"",""variant_id"":59,""price_adjustment"":0}]",
3552,1392,49,3,29752,89256,"[{""name"":""Vừa"",""variant_id"":59,""price_adjustment"":0}]",
3553,1392,12,2,59513,119026,"[{""name"":""Vừa"",""variant_id"":59,""price_adjustment"":0}]",
3554,1393,68,3,30502,91506,"[{""name"":""Vừa"",""variant_id"":59,""price_adjustment"":0}]",
3555,1393,47,1,57130,57130,"[{""name"":""Vừa"",""variant_id"":59,""price_adjustment"":0}]",
3556,1393,10,3,50497,151491,"[{""name"":""Vừa"",""variant_id"":59,""price_adjustment"":0}]",
3557,1393,25,3,50424,151272,"[{""name"":""Vừa"",""variant_id"":59,""price_adjustment"":0}]",
3558,1394,5,3,27387,82161,"[{""name"":""Vừa"",""variant_id"":59,""price_adjustment"":0}]",
3559,1394,8,3,70819,212457,"[{""name"":""Vừa"",""variant_id"":59,""price_adjustment"":0}]",
3560,1395,8,1,42277,42277,"[{""name"":""Vừa"",""variant_id"":59,""price_adjustment"":0}]",
3561,1395,16,2,40857,81714,"[{""name"":""Vừa"",""variant_id"":59,""price_adjustment"":0}]",
3562,1395,50,1,49242,49242,"[{""name"":""Vừa"",""variant_id"":59,""price_adjustment"":0}]",
3563,1396,12,3,25205,75615,"[{""name"":""Vừa"",""variant_id"":59,""price_adjustment"":0}]",
3564,1396,26,3,73858,221574,"[{""name"":""Vừa"",""variant_id"":59,""price_adjustment"":0}]",
3565,1396,25,3,34657,103971,"[{""name"":""Vừa"",""variant_id"":59,""price_adjustment"":0}]",
3566,1397,64,1,65960,65960,"[{""name"":""Vừa"",""variant_id"":59,""price_adjustment"":0}]",
3567,1397,55,2,54819,109638,"[{""name"":""Vừa"",""variant_id"":59,""price_adjustment"":0}]",
3568,1398,57,1,36714,36714,"[{""name"":""Vừa"",""variant_id"":59,""price_adjustment"":0}]",
3569,1399,19,1,65628,65628,"[{""name"":""Vừa"",""variant_id"":59,""price_adjustment"":0}]",
3570,1399,7,1,63063,63063,"[{""name"":""Vừa"",""variant_id"":59,""price_adjustment"":0}]",
3571,1399,24,2,42473,84946,"[{""name"":""Vừa"",""variant_id"":59,""price_adjustment"":0}]",
3572,1399,2,2,50875,101750,"[{""name"":""Vừa"",""variant_id"":59,""price_adjustment"":0}]",
3573,1400,23,3,62968,188904,"[{""name"":""Vừa"",""variant_id"":59,""price_adjustment"":0}]",
3574,1400,22,2,30378,60756,"[{""name"":""Vừa"",""variant_id"":59,""price_adjustment"":0}]",
3575,1400,21,2,41012,82024,"[{""name"":""Vừa"",""variant_id"":59,""price_adjustment"":0}]",
3576,1400,26,2,53005,106010,"[{""name"":""Vừa"",""variant_id"":59,""price_adjustment"":0}]",
3577,1401,26,1,46395,46395,"[{""name"":""Vừa"",""variant_id"":59,""price_adjustment"":0}]",
3578,1401,25,1,55429,55429,"[{""name"":""Vừa"",""variant_id"":59,""price_adjustment"":0}]",
3579,1401,20,1,43345,43345,"[{""name"":""Vừa"",""variant_id"":59,""price_adjustment"":0}]",
3580,1402,21,3,30369,91107,"[{""name"":""Vừa"",""variant_id"":59,""price_adjustment"":0}]",
3581,1403,50,1,63051,63051,"[{""name"":""Vừa"",""variant_id"":59,""price_adjustment"":0}]",
3582,1404,26,3,47787,143361,"[{""name"":""Vừa"",""variant_id"":59,""price_adjustment"":0}]",
3583,1404,20,2,35580,71160,"[{""name"":""Vừa"",""variant_id"":59,""price_adjustment"":0}]",
3584,1405,9,2,31091,62182,"[{""name"":""Vừa"",""variant_id"":59,""price_adjustment"":0}]",
3585,1405,23,3,36264,108792,"[{""name"":""Vừa"",""variant_id"":59,""price_adjustment"":0}]",
3586,1405,17,2,60248,120496,"[{""name"":""Vừa"",""variant_id"":59,""price_adjustment"":0}]",
3587,1405,3,1,34272,34272,"[{""name"":""Vừa"",""variant_id"":59,""price_adjustment"":0}]",
3588,1406,22,1,51601,51601,"[{""name"":""Vừa"",""variant_id"":59,""price_adjustment"":0}]",
3589,1406,17,3,73794,221382,"[{""name"":""Vừa"",""variant_id"":59,""price_adjustment"":0}]",
3590,1406,4,3,66951,200853,"[{""name"":""Vừa"",""variant_id"":59,""price_adjustment"":0}]",
3591,1406,18,1,38512,38512,"[{""name"":""Vừa"",""variant_id"":59,""price_adjustment"":0}]",
3592,1407,51,1,55189,55189,"[{""name"":""Vừa"",""variant_id"":59,""price_adjustment"":0}]",
3593,1407,49,2,26239,52478,"[{""name"":""Vừa"",""variant_id"":59,""price_adjustment"":0}]",
3594,1407,60,1,63655,63655,"[{""name"":""Vừa"",""variant_id"":59,""price_adjustment"":0}]",
3595,1408,17,2,46462,92924,"[{""name"":""Vừa"",""variant_id"":59,""price_adjustment"":0}]",
3596,1408,28,2,31981,63962,"[{""name"":""Vừa"",""variant_id"":59,""price_adjustment"":0}]",
3597,1409,61,2,59260,118520,"[{""name"":""Vừa"",""variant_id"":59,""price_adjustment"":0}]",
3598,1409,58,3,63425,190275,"[{""name"":""Vừa"",""variant_id"":59,""price_adjustment"":0}]",
3599,1410,69,1,53195,53195,"[{""name"":""Vừa"",""variant_id"":59,""price_adjustment"":0}]",
3600,1410,64,1,59782,59782,"[{""name"":""Vừa"",""variant_id"":59,""price_adjustment"":0}]",
3601,1410,63,1,43088,43088,"[{""name"":""Vừa"",""variant_id"":59,""price_adjustment"":0}]",
3602,1411,51,1,25115,25115,"[{""name"":""Vừa"",""variant_id"":59,""price_adjustment"":0}]",
3603,1411,66,3,62738,188214,"[{""name"":""Vừa"",""variant_id"":59,""price_adjustment"":0}]",
3604,1411,67,2,40775,81550,"[{""name"":""Vừa"",""variant_id"":59,""price_adjustment"":0}]",
3605,1411,58,2,51814,103628,"[{""name"":""Vừa"",""variant_id"":59,""price_adjustment"":0}]",
3606,1412,17,3,35794,107382,"[{""name"":""Vừa"",""variant_id"":59,""price_adjustment"":0}]",
3607,1412,15,2,65134,130268,"[{""name"":""Vừa"",""variant_id"":59,""price_adjustment"":0}]",
3608,1412,3,3,42682,128046,"[{""name"":""Vừa"",""variant_id"":59,""price_adjustment"":0}]",
3609,1412,27,2,32024,64048,"[{""name"":""Vừa"",""variant_id"":59,""price_adjustment"":0}]",
3610,1413,20,2,51233,102466,"[{""name"":""Vừa"",""variant_id"":59,""price_adjustment"":0}]",
3611,1413,15,2,59914,119828,"[{""name"":""Vừa"",""variant_id"":59,""price_adjustment"":0}]",
3612,1414,69,2,62640,125280,"[{""name"":""Vừa"",""variant_id"":59,""price_adjustment"":0}]",
3613,1414,70,2,46655,93310,"[{""name"":""Vừa"",""variant_id"":59,""price_adjustment"":0}]",
3614,1414,55,3,28746,86238,"[{""name"":""Vừa"",""variant_id"":59,""price_adjustment"":0}]",
3615,1415,59,3,30184,90552,"[{""name"":""Vừa"",""variant_id"":59,""price_adjustment"":0}]",
3616,1415,66,3,38430,115290,"[{""name"":""Vừa"",""variant_id"":59,""price_adjustment"":0}]",
3617,1415,65,3,42916,128748,"[{""name"":""Vừa"",""variant_id"":59,""price_adjustment"":0}]",
3618,1416,69,3,49880,149640,"[{""name"":""Vừa"",""variant_id"":59,""price_adjustment"":0}]",
3619,1416,63,3,64295,192885,"[{""name"":""Vừa"",""variant_id"":59,""price_adjustment"":0}]",
3620,1416,65,1,72517,72517,"[{""name"":""Vừa"",""variant_id"":59,""price_adjustment"":0}]",
3621,1416,58,2,56667,113334,"[{""name"":""Vừa"",""variant_id"":59,""price_adjustment"":0}]",
3622,1417,61,3,46294,138882,"[{""name"":""Vừa"",""variant_id"":59,""price_adjustment"":0}]",
3623,1417,58,3,40208,120624,"[{""name"":""Vừa"",""variant_id"":59,""price_adjustment"":0}]",
3624,1417,64,1,69937,69937,"[{""name"":""Vừa"",""variant_id"":59,""price_adjustment"":0}]",
3625,1418,22,1,73079,73079,"[{""name"":""Vừa"",""variant_id"":59,""price_adjustment"":0}]",
3626,1418,7,1,39934,39934,"[{""name"":""Vừa"",""variant_id"":59,""price_adjustment"":0}]",
3627,1418,24,2,65241,130482,"[{""name"":""Vừa"",""variant_id"":59,""price_adjustment"":0}]",
3628,1419,7,1,68409,68409,"[{""name"":""Vừa"",""variant_id"":59,""price_adjustment"":0}]",
3629,1420,21,1,48948,48948,"[{""name"":""Vừa"",""variant_id"":59,""price_adjustment"":0}]",
3630,1421,19,3,38709,116127,"[{""name"":""Vừa"",""variant_id"":59,""price_adjustment"":0}]",
3631,1421,27,2,36627,73254,"[{""name"":""Vừa"",""variant_id"":59,""price_adjustment"":0}]",
3632,1422,54,3,62079,186237,"[{""name"":""Vừa"",""variant_id"":59,""price_adjustment"":0}]",
3633,1422,55,1,39543,39543,"[{""name"":""Vừa"",""variant_id"":59,""price_adjustment"":0}]",
3634,1422,58,2,56544,113088,"[{""name"":""Vừa"",""variant_id"":59,""price_adjustment"":0}]",
3635,1422,48,1,35420,35420,"[{""name"":""Vừa"",""variant_id"":59,""price_adjustment"":0}]",
3636,1423,28,1,30619,30619,"[{""name"":""Vừa"",""variant_id"":59,""price_adjustment"":0}]",
3637,1423,17,1,59792,59792,"[{""name"":""Vừa"",""variant_id"":59,""price_adjustment"":0}]",
3638,1424,52,2,68902,137804,"[{""name"":""Vừa"",""variant_id"":59,""price_adjustment"":0}]",
3639,1425,51,1,29352,29352,"[{""name"":""Vừa"",""variant_id"":59,""price_adjustment"":0}]",
3640,1426,15,1,56034,56034,"[{""name"":""Vừa"",""variant_id"":59,""price_adjustment"":0}]",
3641,1427,57,3,74437,223311,"[{""name"":""Vừa"",""variant_id"":59,""price_adjustment"":0}]",
3642,1427,64,3,63008,189024,"[{""name"":""Vừa"",""variant_id"":59,""price_adjustment"":0}]",
3643,1427,67,1,60310,60310,"[{""name"":""Vừa"",""variant_id"":59,""price_adjustment"":0}]",
3644,1427,66,3,65484,196452,"[{""name"":""Vừa"",""variant_id"":59,""price_adjustment"":0}]",
3645,1428,57,1,73394,73394,"[{""name"":""Vừa"",""variant_id"":59,""price_adjustment"":0}]",
3646,1428,52,3,44868,134604,"[{""name"":""Vừa"",""variant_id"":59,""price_adjustment"":0}]",
3647,1429,56,3,59256,177768,"[{""name"":""Vừa"",""variant_id"":59,""price_adjustment"":0}]",
3648,1429,51,1,63004,63004,"[{""name"":""Vừa"",""variant_id"":59,""price_adjustment"":0}]",
3649,1430,59,2,32377,64754,"[{""name"":""Vừa"",""variant_id"":59,""price_adjustment"":0}]",
3650,1430,32,2,50022,100044,"[{""name"":""Vừa"",""variant_id"":59,""price_adjustment"":0}]",
3651,1430,73,1,32585,32585,"[{""name"":""Vừa"",""variant_id"":59,""price_adjustment"":0}]",
3652,1430,48,2,70691,141382,"[{""name"":""Vừa"",""variant_id"":59,""price_adjustment"":0}]",
3653,1431,45,3,36712,110136,"[{""name"":""Vừa"",""variant_id"":59,""price_adjustment"":0}]",
3654,1432,68,2,67955,135910,"[{""name"":""Vừa"",""variant_id"":59,""price_adjustment"":0}]",
3655,1432,67,1,43915,43915,"[{""name"":""Vừa"",""variant_id"":59,""price_adjustment"":0}]",
3656,1432,7,2,29554,59108,"[{""name"":""Vừa"",""variant_id"":59,""price_adjustment"":0}]",
3657,1433,3,1,70317,70317,"[{""name"":""Vừa"",""variant_id"":59,""price_adjustment"":0}]",
3658,1433,42,1,68236,68236,"[{""name"":""Vừa"",""variant_id"":59,""price_adjustment"":0}]",
3659,1433,70,1,51289,51289,"[{""name"":""Vừa"",""variant_id"":59,""price_adjustment"":0}]",
3660,1434,46,2,32679,65358,"[{""name"":""Vừa"",""variant_id"":59,""price_adjustment"":0}]",
3661,1434,2,3,48200,144600,"[{""name"":""Vừa"",""variant_id"":59,""price_adjustment"":0}]",
3662,1435,42,1,38079,38079,"[{""name"":""Vừa"",""variant_id"":59,""price_adjustment"":0}]",
3663,1435,3,1,34353,34353,"[{""name"":""Vừa"",""variant_id"":59,""price_adjustment"":0}]",
3664,1436,42,2,40581,81162,"[{""name"":""Vừa"",""variant_id"":59,""price_adjustment"":0}]",
3665,1436,14,3,43640,130920,"[{""name"":""Vừa"",""variant_id"":59,""price_adjustment"":0}]",
3666,1436,49,3,48347,145041,"[{""name"":""Vừa"",""variant_id"":59,""price_adjustment"":0}]",
3667,1437,57,2,67744,135488,"[{""name"":""Vừa"",""variant_id"":59,""price_adjustment"":0}]",
3668,1437,44,2,43703,87406,"[{""name"":""Vừa"",""variant_id"":59,""price_adjustment"":0}]",
3669,1437,61,2,65356,130712,"[{""name"":""Vừa"",""variant_id"":59,""price_adjustment"":0}]",
3670,1438,7,3,64980,194940,"[{""name"":""Vừa"",""variant_id"":59,""price_adjustment"":0}]",
3671,1438,52,3,57931,173793,"[{""name"":""Vừa"",""variant_id"":59,""price_adjustment"":0}]",
3672,1438,46,1,47134,47134,"[{""name"":""Vừa"",""variant_id"":59,""price_adjustment"":0}]",
3673,1439,25,1,64864,64864,"[{""name"":""Vừa"",""variant_id"":59,""price_adjustment"":0}]",
3674,1439,71,3,35048,105144,"[{""name"":""Vừa"",""variant_id"":59,""price_adjustment"":0}]",
3675,1440,72,3,34729,104187,"[{""name"":""Vừa"",""variant_id"":59,""price_adjustment"":0}]",
3676,1440,20,2,41552,83104,"[{""name"":""Vừa"",""variant_id"":59,""price_adjustment"":0}]",
3677,1440,46,2,33235,66470,"[{""name"":""Vừa"",""variant_id"":59,""price_adjustment"":0}]",
3678,1440,29,3,59706,179118,"[{""name"":""Vừa"",""variant_id"":59,""price_adjustment"":0}]",
3679,1441,10,3,56553,169659,"[{""name"":""Vừa"",""variant_id"":59,""price_adjustment"":0}]",
3680,1441,26,3,50518,151554,"[{""name"":""Vừa"",""variant_id"":59,""price_adjustment"":0}]",
3681,1441,21,1,73956,73956,"[{""name"":""Vừa"",""variant_id"":59,""price_adjustment"":0}]",
3682,1441,2,2,31680,63360,"[{""name"":""Vừa"",""variant_id"":59,""price_adjustment"":0}]",
3683,1442,62,3,29732,89196,"[{""name"":""Vừa"",""variant_id"":59,""price_adjustment"":0}]",
3684,1442,55,1,50529,50529,"[{""name"":""Vừa"",""variant_id"":59,""price_adjustment"":0}]",
3685,1442,50,2,59451,118902,"[{""name"":""Vừa"",""variant_id"":59,""price_adjustment"":0}]",
3686,1442,58,1,58095,58095,"[{""name"":""Vừa"",""variant_id"":59,""price_adjustment"":0}]",
3687,1443,52,3,60169,180507,"[{""name"":""Vừa"",""variant_id"":59,""price_adjustment"":0}]",
3688,1443,49,3,42139,126417,"[{""name"":""Vừa"",""variant_id"":59,""price_adjustment"":0}]",
3689,1443,54,2,65714,131428,"[{""name"":""Vừa"",""variant_id"":59,""price_adjustment"":0}]",
3690,1444,14,2,26255,52510,"[{""name"":""Vừa"",""variant_id"":59,""price_adjustment"":0}]",
3691,1444,9,1,60688,60688,"[{""name"":""Vừa"",""variant_id"":59,""price_adjustment"":0}]",
3692,1445,49,1,56232,56232,"[{""name"":""Vừa"",""variant_id"":59,""price_adjustment"":0}]",
3693,1445,58,2,72621,145242,"[{""name"":""Vừa"",""variant_id"":59,""price_adjustment"":0}]",
3694,1445,67,1,39947,39947,"[{""name"":""Vừa"",""variant_id"":59,""price_adjustment"":0}]",
3695,1445,48,1,61989,61989,"[{""name"":""Vừa"",""variant_id"":59,""price_adjustment"":0}]",
3696,1446,1,2,44465,88930,"[{""name"":""Vừa"",""variant_id"":59,""price_adjustment"":0}]",
3697,1446,23,3,29694,89082,"[{""name"":""Vừa"",""variant_id"":59,""price_adjustment"":0}]",
3698,1446,16,3,68465,205395,"[{""name"":""Vừa"",""variant_id"":59,""price_adjustment"":0}]",
3699,1447,12,1,62746,62746,"[{""name"":""Vừa"",""variant_id"":59,""price_adjustment"":0}]",
3700,1448,47,2,72168,144336,"[{""name"":""Vừa"",""variant_id"":59,""price_adjustment"":0}]",
3701,1448,65,1,34048,34048,"[{""name"":""Vừa"",""variant_id"":59,""price_adjustment"":0}]",
3702,1449,50,3,31173,93519,"[{""name"":""Vừa"",""variant_id"":59,""price_adjustment"":0}]",
3703,1450,3,2,26699,53398,"[{""name"":""Vừa"",""variant_id"":59,""price_adjustment"":0}]",
3704,1451,70,1,63020,63020,"[{""name"":""Vừa"",""variant_id"":59,""price_adjustment"":0}]",
3705,1451,63,2,68271,136542,"[{""name"":""Vừa"",""variant_id"":59,""price_adjustment"":0}]",
3706,1451,60,2,27354,54708,"[{""name"":""Vừa"",""variant_id"":59,""price_adjustment"":0}]",
3707,1452,3,2,72722,145444,"[{""name"":""Vừa"",""variant_id"":59,""price_adjustment"":0}]",
3708,1452,22,2,38535,77070,"[{""name"":""Vừa"",""variant_id"":59,""price_adjustment"":0}]",
3709,1452,23,1,46202,46202,"[{""name"":""Vừa"",""variant_id"":59,""price_adjustment"":0}]",
3710,1452,14,2,59240,118480,"[{""name"":""Vừa"",""variant_id"":59,""price_adjustment"":0}]",
3711,1453,24,1,50898,50898,"[{""name"":""Vừa"",""variant_id"":59,""price_adjustment"":0}]",
3712,1453,3,1,29808,29808,"[{""name"":""Vừa"",""variant_id"":59,""price_adjustment"":0}]",
3713,1454,49,3,72906,218718,"[{""name"":""Vừa"",""variant_id"":59,""price_adjustment"":0}]",
3714,1454,55,3,50072,150216,"[{""name"":""Vừa"",""variant_id"":59,""price_adjustment"":0}]",
3715,1454,51,2,56610,113220,"[{""name"":""Vừa"",""variant_id"":59,""price_adjustment"":0}]",
3716,1454,65,1,72947,72947,"[{""name"":""Vừa"",""variant_id"":59,""price_adjustment"":0}]",
3717,1455,59,3,29885,89655,"[{""name"":""Vừa"",""variant_id"":59,""price_adjustment"":0}]",
3718,1455,70,2,60433,120866,"[{""name"":""Vừa"",""variant_id"":59,""price_adjustment"":0}]",
3719,1455,48,3,49728,149184,"[{""name"":""Vừa"",""variant_id"":59,""price_adjustment"":0}]",
3720,1455,54,3,39060,117180,"[{""name"":""Vừa"",""variant_id"":59,""price_adjustment"":0}]",
3721,1456,47,2,52327,104654,"[{""name"":""Vừa"",""variant_id"":59,""price_adjustment"":0}]",
3722,1457,61,2,64425,128850,"[{""name"":""Vừa"",""variant_id"":59,""price_adjustment"":0}]",
3723,1457,48,2,50406,100812,"[{""name"":""Vừa"",""variant_id"":59,""price_adjustment"":0}]",
3724,1457,50,2,33818,67636,"[{""name"":""Vừa"",""variant_id"":59,""price_adjustment"":0}]",
3725,1458,1,3,56239,168717,"[{""name"":""Vừa"",""variant_id"":59,""price_adjustment"":0}]",
3726,1458,16,2,48917,97834,"[{""name"":""Vừa"",""variant_id"":59,""price_adjustment"":0}]",
3727,1459,63,2,63216,126432,"[{""name"":""Vừa"",""variant_id"":59,""price_adjustment"":0}]",
3728,1460,63,2,61539,123078,"[{""name"":""Vừa"",""variant_id"":59,""price_adjustment"":0}]",
3729,1460,55,1,47897,47897,"[{""name"":""Vừa"",""variant_id"":59,""price_adjustment"":0}]",
3730,1461,54,1,48192,48192,"[{""name"":""Vừa"",""variant_id"":59,""price_adjustment"":0}]",
3731,1461,53,3,42305,126915,"[{""name"":""Vừa"",""variant_id"":59,""price_adjustment"":0}]",
3732,1461,50,3,46770,140310,"[{""name"":""Vừa"",""variant_id"":59,""price_adjustment"":0}]",
3733,1461,67,3,33002,99006,"[{""name"":""Vừa"",""variant_id"":59,""price_adjustment"":0}]",
3734,1462,1,2,26681,53362,"[{""name"":""Vừa"",""variant_id"":59,""price_adjustment"":0}]",
3735,1462,24,1,52247,52247,"[{""name"":""Vừa"",""variant_id"":59,""price_adjustment"":0}]",
3736,1463,59,2,36007,72014,"[{""name"":""Vừa"",""variant_id"":59,""price_adjustment"":0}]",
3737,1463,50,1,42939,42939,"[{""name"":""Vừa"",""variant_id"":59,""price_adjustment"":0}]",
3738,1464,27,1,56575,56575,"[{""name"":""Vừa"",""variant_id"":59,""price_adjustment"":0}]",
3739,1465,68,3,56836,170508,"[{""name"":""Vừa"",""variant_id"":59,""price_adjustment"":0}]",
3740,1465,57,3,28909,86727,"[{""name"":""Vừa"",""variant_id"":59,""price_adjustment"":0}]",
3741,1466,52,3,47353,142059,"[{""name"":""Vừa"",""variant_id"":59,""price_adjustment"":0}]",
3742,1467,61,3,25869,77607,"[{""name"":""Vừa"",""variant_id"":59,""price_adjustment"":0}]",
3743,1467,55,1,35289,35289,"[{""name"":""Vừa"",""variant_id"":59,""price_adjustment"":0}]",
3744,1467,58,2,40676,81352,"[{""name"":""Vừa"",""variant_id"":59,""price_adjustment"":0}]",
3745,1468,17,2,60360,120720,"[{""name"":""Vừa"",""variant_id"":59,""price_adjustment"":0}]",
3746,1468,15,2,64907,129814,"[{""name"":""Vừa"",""variant_id"":59,""price_adjustment"":0}]",
3747,1468,5,3,41209,123627,"[{""name"":""Vừa"",""variant_id"":59,""price_adjustment"":0}]",
3748,1469,53,3,31222,93666,"[{""name"":""Vừa"",""variant_id"":59,""price_adjustment"":0}]",
3749,1469,59,2,29530,59060,"[{""name"":""Vừa"",""variant_id"":59,""price_adjustment"":0}]",
3750,1470,56,2,34049,68098,"[{""name"":""Vừa"",""variant_id"":59,""price_adjustment"":0}]",
3751,1471,1,1,57852,57852,"[{""name"":""Vừa"",""variant_id"":59,""price_adjustment"":0}]",
3752,1471,21,2,73328,146656,"[{""name"":""Vừa"",""variant_id"":59,""price_adjustment"":0}]",
3753,1471,19,3,35978,107934,"[{""name"":""Vừa"",""variant_id"":59,""price_adjustment"":0}]",
3754,1472,69,1,68007,68007,"[{""name"":""Vừa"",""variant_id"":59,""price_adjustment"":0}]",
3755,1472,66,2,34005,68010,"[{""name"":""Vừa"",""variant_id"":59,""price_adjustment"":0}]",
3756,1472,54,1,64017,64017,"[{""name"":""Vừa"",""variant_id"":59,""price_adjustment"":0}]",
3757,1473,59,3,30134,90402,"[{""name"":""Vừa"",""variant_id"":59,""price_adjustment"":0}]",
3758,1473,62,1,25784,25784,"[{""name"":""Vừa"",""variant_id"":59,""price_adjustment"":0}]",
3759,1473,69,3,32800,98400,"[{""name"":""Vừa"",""variant_id"":59,""price_adjustment"":0}]",
3760,1474,13,1,51605,51605,"[{""name"":""Vừa"",""variant_id"":59,""price_adjustment"":0}]",
3761,1474,25,3,70111,210333,"[{""name"":""Vừa"",""variant_id"":59,""price_adjustment"":0}]",
3762,1475,11,2,49299,98598,"[{""name"":""Vừa"",""variant_id"":59,""price_adjustment"":0}]",
3763,1475,19,3,26479,79437,"[{""name"":""Vừa"",""variant_id"":59,""price_adjustment"":0}]",
3764,1475,4,2,36403,72806,"[{""name"":""Vừa"",""variant_id"":59,""price_adjustment"":0}]",
3765,1475,3,3,30221,90663,"[{""name"":""Vừa"",""variant_id"":59,""price_adjustment"":0}]",
3766,1476,18,2,32507,65014,"[{""name"":""Vừa"",""variant_id"":59,""price_adjustment"":0}]",
3767,1476,24,1,55747,55747,"[{""name"":""Vừa"",""variant_id"":59,""price_adjustment"":0}]",
3768,1477,51,1,63219,63219,"[{""name"":""Vừa"",""variant_id"":59,""price_adjustment"":0}]",
3769,1477,56,1,63932,63932,"[{""name"":""Vừa"",""variant_id"":59,""price_adjustment"":0}]",
3770,1478,66,2,55307,110614,"[{""name"":""Vừa"",""variant_id"":59,""price_adjustment"":0}]",
3771,1479,16,2,27750,55500,"[{""name"":""Vừa"",""variant_id"":59,""price_adjustment"":0}]",
3772,1480,6,2,74749,149498,"[{""name"":""Vừa"",""variant_id"":59,""price_adjustment"":0}]",
3773,1481,54,1,67082,67082,"[{""name"":""Vừa"",""variant_id"":59,""price_adjustment"":0}]",
3774,1481,52,1,45931,45931,"[{""name"":""Vừa"",""variant_id"":59,""price_adjustment"":0}]",
3775,1482,16,3,51253,153759,"[{""name"":""Vừa"",""variant_id"":59,""price_adjustment"":0}]",
3776,1482,20,2,26032,52064,"[{""name"":""Vừa"",""variant_id"":59,""price_adjustment"":0}]",
3777,1482,14,2,58858,117716,"[{""name"":""Vừa"",""variant_id"":59,""price_adjustment"":0}]",
3778,1483,47,2,46371,92742,"[{""name"":""Vừa"",""variant_id"":59,""price_adjustment"":0}]",
3779,1483,59,1,55134,55134,"[{""name"":""Vừa"",""variant_id"":59,""price_adjustment"":0}]",
3780,1483,51,3,30945,92835,"[{""name"":""Vừa"",""variant_id"":59,""price_adjustment"":0}]",
3781,1484,64,3,73155,219465,"[{""name"":""Vừa"",""variant_id"":59,""price_adjustment"":0}]",
3782,1484,65,2,25074,50148,"[{""name"":""Vừa"",""variant_id"":59,""price_adjustment"":0}]",
3783,1484,61,1,64319,64319,"[{""name"":""Vừa"",""variant_id"":59,""price_adjustment"":0}]",
3784,1484,52,3,35368,106104,"[{""name"":""Vừa"",""variant_id"":59,""price_adjustment"":0}]",
3785,1485,24,2,28285,56570,"[{""name"":""Vừa"",""variant_id"":59,""price_adjustment"":0}]",
3786,1485,20,2,29863,59726,"[{""name"":""Vừa"",""variant_id"":59,""price_adjustment"":0}]",
3787,1485,21,2,53902,107804,"[{""name"":""Vừa"",""variant_id"":59,""price_adjustment"":0}]",
3788,1485,9,3,31267,93801,"[{""name"":""Vừa"",""variant_id"":59,""price_adjustment"":0}]",
3789,1486,20,2,29553,59106,"[{""name"":""Vừa"",""variant_id"":59,""price_adjustment"":0}]",
3790,1486,23,1,42158,42158,"[{""name"":""Vừa"",""variant_id"":59,""price_adjustment"":0}]",
3791,1487,60,3,29223,87669,"[{""name"":""Vừa"",""variant_id"":59,""price_adjustment"":0}]",
3792,1488,58,2,45326,90652,"[{""name"":""Vừa"",""variant_id"":59,""price_adjustment"":0}]",
3793,1488,56,3,59292,177876,"[{""name"":""Vừa"",""variant_id"":59,""price_adjustment"":0}]",
3794,1488,55,3,38435,115305,"[{""name"":""Vừa"",""variant_id"":59,""price_adjustment"":0}]",
3795,1488,68,2,64278,128556,"[{""name"":""Vừa"",""variant_id"":59,""price_adjustment"":0}]",
3796,1489,51,1,36755,36755,"[{""name"":""Vừa"",""variant_id"":59,""price_adjustment"":0}]",
3797,1490,70,2,58469,116938,"[{""name"":""Vừa"",""variant_id"":59,""price_adjustment"":0}]",
3798,1490,61,2,74897,149794,"[{""name"":""Vừa"",""variant_id"":59,""price_adjustment"":0}]",
3799,1491,56,3,63549,190647,"[{""name"":""Vừa"",""variant_id"":59,""price_adjustment"":0}]",
3800,1492,29,1,25735,25735,"[{""name"":""Vừa"",""variant_id"":59,""price_adjustment"":0}]",
3801,1492,3,1,62085,62085,"[{""name"":""Vừa"",""variant_id"":59,""price_adjustment"":0}]",
3802,1493,75,2,43626,87252,"[{""name"":""Vừa"",""variant_id"":59,""price_adjustment"":0}]",
3803,1494,14,1,59276,59276,"[{""name"":""Vừa"",""variant_id"":59,""price_adjustment"":0}]",
3804,1494,23,2,54306,108612,"[{""name"":""Vừa"",""variant_id"":59,""price_adjustment"":0}]",
3805,1494,13,3,32686,98058,"[{""name"":""Vừa"",""variant_id"":59,""price_adjustment"":0}]",
3806,1495,69,3,71244,213732,"[{""name"":""Vừa"",""variant_id"":59,""price_adjustment"":0}]",
3807,1495,7,1,29629,29629,"[{""name"":""Vừa"",""variant_id"":59,""price_adjustment"":0}]",
3808,1495,76,2,60610,121220,"[{""name"":""Vừa"",""variant_id"":59,""price_adjustment"":0}]",
3809,1496,43,3,63275,189825,"[{""name"":""Vừa"",""variant_id"":59,""price_adjustment"":0}]",
3810,1496,70,2,63692,127384,"[{""name"":""Vừa"",""variant_id"":59,""price_adjustment"":0}]",
3811,1496,73,2,63622,127244,"[{""name"":""Vừa"",""variant_id"":59,""price_adjustment"":0}]",
3812,1496,36,2,68733,137466,"[{""name"":""Vừa"",""variant_id"":59,""price_adjustment"":0}]",
3813,1497,43,3,33929,101787,"[{""name"":""Vừa"",""variant_id"":59,""price_adjustment"":0}]",
3814,1497,74,2,47465,94930,"[{""name"":""Vừa"",""variant_id"":59,""price_adjustment"":0}]",
3815,1497,52,1,70077,70077,"[{""name"":""Vừa"",""variant_id"":59,""price_adjustment"":0}]",
3816,1497,32,2,38535,77070,"[{""name"":""Vừa"",""variant_id"":59,""price_adjustment"":0}]",
3817,1498,36,3,56458,169374,"[{""name"":""Vừa"",""variant_id"":59,""price_adjustment"":0}]",
3818,1498,51,2,56441,112882,"[{""name"":""Vừa"",""variant_id"":59,""price_adjustment"":0}]",
3819,1499,70,3,49762,149286,"[{""name"":""Vừa"",""variant_id"":59,""price_adjustment"":0}]",
3820,1499,14,3,47846,143538,"[{""name"":""Vừa"",""variant_id"":59,""price_adjustment"":0}]",
3821,1499,56,1,32426,32426,"[{""name"":""Vừa"",""variant_id"":59,""price_adjustment"":0}]",
3822,1499,38,3,27098,81294,"[{""name"":""Vừa"",""variant_id"":59,""price_adjustment"":0}]",
3823,1500,62,3,39835,119505,"[{""name"":""Vừa"",""variant_id"":59,""price_adjustment"":0}]",
3824,1500,71,1,70773,70773,"[{""name"":""Vừa"",""variant_id"":59,""price_adjustment"":0}]",
3825,1500,22,3,52906,158718,"[{""name"":""Vừa"",""variant_id"":59,""price_adjustment"":0}]",
3826,1501,61,3,38491,115473,"[{""name"":""Vừa"",""variant_id"":59,""price_adjustment"":0}]",
3827,1501,25,2,31929,63858,"[{""name"":""Vừa"",""variant_id"":59,""price_adjustment"":0}]",
3828,1502,69,2,25712,51424,"[{""name"":""Vừa"",""variant_id"":59,""price_adjustment"":0}]",
3829,1502,63,3,38003,114009,"[{""name"":""Vừa"",""variant_id"":59,""price_adjustment"":0}]",
3830,1503,33,3,38566,115698,"[{""name"":""Vừa"",""variant_id"":59,""price_adjustment"":0}]",
3831,1503,10,2,47949,95898,"[{""name"":""Vừa"",""variant_id"":59,""price_adjustment"":0}]",
3832,1503,32,2,31157,62314,"[{""name"":""Vừa"",""variant_id"":59,""price_adjustment"":0}]",
3833,1504,12,1,25750,25750,"[{""name"":""Vừa"",""variant_id"":59,""price_adjustment"":0}]",
3834,1504,23,1,26643,26643,"[{""name"":""Vừa"",""variant_id"":59,""price_adjustment"":0}]",
3835,1505,33,1,49419,49419,"[{""name"":""Vừa"",""variant_id"":59,""price_adjustment"":0}]",
3836,1505,51,1,37185,37185,"[{""name"":""Vừa"",""variant_id"":59,""price_adjustment"":0}]",
3837,1505,71,3,61982,185946,"[{""name"":""Vừa"",""variant_id"":59,""price_adjustment"":0}]",
3838,1506,5,1,57590,57590,"[{""name"":""Vừa"",""variant_id"":59,""price_adjustment"":0}]",
3839,1506,13,3,68820,206460,"[{""name"":""Vừa"",""variant_id"":59,""price_adjustment"":0}]",
3840,1507,51,3,35881,107643,"[{""name"":""Vừa"",""variant_id"":59,""price_adjustment"":0}]",
3841,1507,23,2,26809,53618,"[{""name"":""Vừa"",""variant_id"":59,""price_adjustment"":0}]",
3842,1507,39,3,70051,210153,"[{""name"":""Vừa"",""variant_id"":59,""price_adjustment"":0}]",
3843,1508,4,1,42224,42224,"[{""name"":""Vừa"",""variant_id"":59,""price_adjustment"":0}]",
3844,1509,28,3,27151,81453,"[{""name"":""Vừa"",""variant_id"":59,""price_adjustment"":0}]",
3845,1509,22,2,58092,116184,"[{""name"":""Vừa"",""variant_id"":59,""price_adjustment"":0}]",
3846,1509,69,3,45656,136968,"[{""name"":""Vừa"",""variant_id"":59,""price_adjustment"":0}]",
3847,1509,38,3,39787,119361,"[{""name"":""Vừa"",""variant_id"":59,""price_adjustment"":0}]",
3848,1510,34,1,32385,32385,"[{""name"":""Vừa"",""variant_id"":59,""price_adjustment"":0}]",
3849,1511,25,1,51758,51758,"[{""name"":""Vừa"",""variant_id"":59,""price_adjustment"":0}]",
3850,1511,55,1,34393,34393,"[{""name"":""Vừa"",""variant_id"":59,""price_adjustment"":0}]",
3851,1511,45,2,25106,50212,"[{""name"":""Vừa"",""variant_id"":59,""price_adjustment"":0}]",
3852,1511,62,2,63320,126640,"[{""name"":""Vừa"",""variant_id"":59,""price_adjustment"":0}]",
3853,1512,44,1,59311,59311,"[{""name"":""Vừa"",""variant_id"":59,""price_adjustment"":0}]",
3854,1512,29,2,42028,84056,"[{""name"":""Vừa"",""variant_id"":59,""price_adjustment"":0}]",
3855,1512,39,1,29368,29368,"[{""name"":""Vừa"",""variant_id"":59,""price_adjustment"":0}]",
3856,1513,32,3,37799,113397,"[{""name"":""Vừa"",""variant_id"":59,""price_adjustment"":0}]",
3857,1513,30,2,37162,74324,"[{""name"":""Vừa"",""variant_id"":59,""price_adjustment"":0}]",
3858,1514,73,2,74531,149062,"[{""name"":""Vừa"",""variant_id"":59,""price_adjustment"":0}]",
3859,1514,76,1,56888,56888,"[{""name"":""Vừa"",""variant_id"":59,""price_adjustment"":0}]",
3860,1515,78,1,40898,40898,"[{""name"":""Vừa"",""variant_id"":59,""price_adjustment"":0}]",
3861,1515,80,1,60499,60499,"[{""name"":""Vừa"",""variant_id"":59,""price_adjustment"":0}]",
3862,1515,74,1,39875,39875,"[{""name"":""Vừa"",""variant_id"":59,""price_adjustment"":0}]",
3863,1516,39,2,63936,127872,"[{""name"":""Vừa"",""variant_id"":59,""price_adjustment"":0}]",
3864,1516,38,3,68136,204408,"[{""name"":""Vừa"",""variant_id"":59,""price_adjustment"":0}]",
3865,1516,30,1,68445,68445,"[{""name"":""Vừa"",""variant_id"":59,""price_adjustment"":0}]",
3866,1517,79,2,40008,80016,"[{""name"":""Vừa"",""variant_id"":59,""price_adjustment"":0}]",
3867,1517,75,3,33090,99270,"[{""name"":""Vừa"",""variant_id"":59,""price_adjustment"":0}]",
3868,1517,81,2,31818,63636,"[{""name"":""Vừa"",""variant_id"":59,""price_adjustment"":0}]",
3869,1518,44,3,25593,76779,"[{""name"":""Vừa"",""variant_id"":59,""price_adjustment"":0}]",
3870,1518,39,1,49628,49628,"[{""name"":""Vừa"",""variant_id"":59,""price_adjustment"":0}]",
3871,1518,32,1,33941,33941,"[{""name"":""Vừa"",""variant_id"":59,""price_adjustment"":0}]",
3872,1519,36,3,64573,193719,"[{""name"":""Vừa"",""variant_id"":59,""price_adjustment"":0}]",
3873,1519,39,3,47703,143109,"[{""name"":""Vừa"",""variant_id"":59,""price_adjustment"":0}]",
3874,1519,30,3,73075,219225,"[{""name"":""Vừa"",""variant_id"":59,""price_adjustment"":0}]",
3875,1520,37,1,41396,41396,"[{""name"":""Vừa"",""variant_id"":59,""price_adjustment"":0}]",
3876,1521,30,3,38273,114819,"[{""name"":""Vừa"",""variant_id"":59,""price_adjustment"":0}]",
3877,1522,47,2,54856,109712,"[{""name"":""Vừa"",""variant_id"":59,""price_adjustment"":0}]",
3878,1522,42,2,66656,133312,"[{""name"":""Vừa"",""variant_id"":59,""price_adjustment"":0}]",
3879,1523,60,3,38733,116199,"[{""name"":""Vừa"",""variant_id"":59,""price_adjustment"":0}]",
3880,1523,34,3,59842,179526,"[{""name"":""Vừa"",""variant_id"":59,""price_adjustment"":0}]",
3881,1523,2,3,59784,179352,"[{""name"":""Vừa"",""variant_id"":59,""price_adjustment"":0}]",
3882,1523,25,3,26738,80214,"[{""name"":""Vừa"",""variant_id"":59,""price_adjustment"":0}]",
3883,1524,24,1,66496,66496,"[{""name"":""Vừa"",""variant_id"":59,""price_adjustment"":0}]",
3884,1524,30,2,34179,68358,"[{""name"":""Vừa"",""variant_id"":59,""price_adjustment"":0}]",
3885,1524,31,3,60240,180720,"[{""name"":""Vừa"",""variant_id"":59,""price_adjustment"":0}]",
3886,1525,6,3,26159,78477,"[{""name"":""Vừa"",""variant_id"":59,""price_adjustment"":0}]",
3887,1525,44,1,51097,51097,"[{""name"":""Vừa"",""variant_id"":59,""price_adjustment"":0}]",
3888,1526,30,2,73654,147308,"[{""name"":""Vừa"",""variant_id"":59,""price_adjustment"":0}]",
3889,1526,44,1,49232,49232,"[{""name"":""Vừa"",""variant_id"":59,""price_adjustment"":0}]",
3890,1526,21,2,43195,86390,"[{""name"":""Vừa"",""variant_id"":59,""price_adjustment"":0}]",
3891,1526,15,2,59419,118838,"[{""name"":""Vừa"",""variant_id"":59,""price_adjustment"":0}]",
3892,1527,54,1,30632,30632,"[{""name"":""Vừa"",""variant_id"":59,""price_adjustment"":0}]",
3893,1527,11,1,74753,74753,"[{""name"":""Vừa"",""variant_id"":59,""price_adjustment"":0}]",
3894,1527,68,3,66458,199374,"[{""name"":""Vừa"",""variant_id"":59,""price_adjustment"":0}]",
3895,1528,5,3,52641,157923,"[{""name"":""Vừa"",""variant_id"":59,""price_adjustment"":0}]",
3896,1528,37,3,28844,86532,"[{""name"":""Vừa"",""variant_id"":59,""price_adjustment"":0}]",
3897,1529,7,3,35813,107439,"[{""name"":""Vừa"",""variant_id"":59,""price_adjustment"":0}]",
3898,1529,16,3,41188,123564,"[{""name"":""Vừa"",""variant_id"":59,""price_adjustment"":0}]",
3899,1530,48,1,25536,25536,"[{""name"":""Vừa"",""variant_id"":59,""price_adjustment"":0}]",
3900,1530,25,2,61076,122152,"[{""name"":""Vừa"",""variant_id"":59,""price_adjustment"":0}]",
3901,1530,5,3,46865,140595,"[{""name"":""Vừa"",""variant_id"":59,""price_adjustment"":0}]",
3902,1530,62,1,27027,27027,"[{""name"":""Vừa"",""variant_id"":59,""price_adjustment"":0}]",
3903,1531,54,2,60437,120874,"[{""name"":""Vừa"",""variant_id"":59,""price_adjustment"":0}]",
3904,1531,70,3,66788,200364,"[{""name"":""Vừa"",""variant_id"":59,""price_adjustment"":0}]",
3905,1531,57,2,61913,123826,"[{""name"":""Vừa"",""variant_id"":59,""price_adjustment"":0}]",
3906,1531,17,2,68269,136538,"[{""name"":""Vừa"",""variant_id"":59,""price_adjustment"":0}]",
3907,1532,11,1,53078,53078,"[{""name"":""Vừa"",""variant_id"":59,""price_adjustment"":0}]",
3908,1532,17,3,29436,88308,"[{""name"":""Vừa"",""variant_id"":59,""price_adjustment"":0}]",
3909,1532,57,3,53337,160011,"[{""name"":""Vừa"",""variant_id"":59,""price_adjustment"":0}]",
3910,1533,47,3,67630,202890,"[{""name"":""Vừa"",""variant_id"":59,""price_adjustment"":0}]",
3911,1533,6,1,49670,49670,"[{""name"":""Vừa"",""variant_id"":59,""price_adjustment"":0}]",
3912,1534,56,2,47771,95542,"[{""name"":""Vừa"",""variant_id"":59,""price_adjustment"":0}]",
3913,1534,60,2,48696,97392,"[{""name"":""Vừa"",""variant_id"":59,""price_adjustment"":0}]",
3914,1535,20,3,70488,211464,"[{""name"":""Vừa"",""variant_id"":59,""price_adjustment"":0}]",
3915,1535,23,3,49163,147489,"[{""name"":""Vừa"",""variant_id"":59,""price_adjustment"":0}]",
3916,1536,50,1,26718,26718,"[{""name"":""Vừa"",""variant_id"":59,""price_adjustment"":0}]",
3917,1537,3,1,58606,58606,"[{""name"":""Vừa"",""variant_id"":59,""price_adjustment"":0}]",
3918,1537,11,2,71527,143054,"[{""name"":""Vừa"",""variant_id"":59,""price_adjustment"":0}]",
3919,1537,4,3,46620,139860,"[{""name"":""Vừa"",""variant_id"":59,""price_adjustment"":0}]",
3920,1537,27,1,58983,58983,"[{""name"":""Vừa"",""variant_id"":59,""price_adjustment"":0}]",
3921,1538,28,3,46637,139911,"[{""name"":""Vừa"",""variant_id"":59,""price_adjustment"":0}]",
3922,1538,6,3,25932,77796,"[{""name"":""Vừa"",""variant_id"":59,""price_adjustment"":0}]",
3923,1539,12,3,68733,206199,"[{""name"":""Vừa"",""variant_id"":59,""price_adjustment"":0}]",
3924,1539,4,3,56112,168336,"[{""name"":""Vừa"",""variant_id"":59,""price_adjustment"":0}]",
3925,1539,23,1,63440,63440,"[{""name"":""Vừa"",""variant_id"":59,""price_adjustment"":0}]",
3926,1540,48,3,37908,113724,"[{""name"":""Vừa"",""variant_id"":59,""price_adjustment"":0}]",
3927,1541,50,2,55800,111600,"[{""name"":""Vừa"",""variant_id"":59,""price_adjustment"":0}]",
3928,1541,60,2,65604,131208,"[{""name"":""Vừa"",""variant_id"":59,""price_adjustment"":0}]",
3929,1542,7,3,68559,205677,"[{""name"":""Vừa"",""variant_id"":59,""price_adjustment"":0}]",
3930,1542,6,3,65143,195429,"[{""name"":""Vừa"",""variant_id"":59,""price_adjustment"":0}]",
3931,1542,12,2,34814,69628,"[{""name"":""Vừa"",""variant_id"":59,""price_adjustment"":0}]",
3932,1542,20,2,69872,139744,"[{""name"":""Vừa"",""variant_id"":59,""price_adjustment"":0}]",
3933,1543,2,2,67656,135312,"[{""name"":""Vừa"",""variant_id"":59,""price_adjustment"":0}]",
3934,1544,50,2,33751,67502,"[{""name"":""Vừa"",""variant_id"":59,""price_adjustment"":0}]",
3935,1545,26,1,36981,36981,"[{""name"":""Vừa"",""variant_id"":59,""price_adjustment"":0}]",
3936,1545,5,1,64082,64082,"[{""name"":""Vừa"",""variant_id"":59,""price_adjustment"":0}]",
3937,1545,21,2,70830,141660,"[{""name"":""Vừa"",""variant_id"":59,""price_adjustment"":0}]",
3938,1545,16,2,60471,120942,"[{""name"":""Vừa"",""variant_id"":59,""price_adjustment"":0}]",
3939,1546,59,1,74757,74757,"[{""name"":""Vừa"",""variant_id"":59,""price_adjustment"":0}]",
3940,1546,47,1,48617,48617,"[{""name"":""Vừa"",""variant_id"":59,""price_adjustment"":0}]",
3941,1546,56,3,73766,221298,"[{""name"":""Vừa"",""variant_id"":59,""price_adjustment"":0}]",
3942,1546,60,2,73190,146380,"[{""name"":""Vừa"",""variant_id"":59,""price_adjustment"":0}]",
3943,1547,53,3,42343,127029,"[{""name"":""Vừa"",""variant_id"":59,""price_adjustment"":0}]",
