order_item_id,order_id,product_id,quantity,unit_price,subtotal,variant_selection,note
1,1,13,2,55000.00,110000.00,"[{"name": "Vừa", "variant_id": 59, "price_adjustment": 0}]","Ít đường"
2,1,47,1,35000.00,35000.00,NULL,NULL
3,2,7,1,39000.00,39000.00,"[{"name": "Vừa", "variant_id": 53, "price_adjustment": 0}]",NULL
4,2,29,1,45000.00,45000.00,"[{"name": "Vừa", "variant_id": 75, "price_adjustment": 0}]","Nhiều đá"
5,3,5,2,65000.00,130000.00,"[{"name": "Vừa", "variant_id": 51, "price_adjustment": 0}]",NULL
6,3,21,1,39000.00,39000.00,NULL,NULL
7,4,13,1,55000.00,55000.00,"[{"name": "Vừa", "variant_id": 59, "price_adjustment": 0}]",NULL
8,5,29,2,45000.00,90000.00,"[{"name": "Vừa", "variant_id": 75, "price_adjustment": 0}]",NULL
9,6,13,2,55000.00,110000.00,NULL,"Ít đá"
10,6,47,1,35000.00,35000.00,NULL,NULL
11,7,7,2,39000.00,78000.00,NULL,NULL
12,8,13,3,55000.00,165000.00,"[{"name": "Vừa", "variant_id": 59, "price_adjustment": 0}]",NULL
13,8,21,1,39000.00,39000.00,NULL,NULL
14,9,29,2,45000.00,90000.00,"[{"name": "Vừa", "variant_id": 75, "price_adjustment": 0}]",NULL
15,10,13,2,55000.00,110000.00,NULL,NULL
16,11,7,1,39000.00,39000.00,NULL,NULL
17,11,29,1,45000.00,45000.00,NULL,NULL
18,13,1,1,45000.00,70000.00,"[{"id": 1, "name": "Lớn", "type": "Size", "price": 5000}, {"id": 139, "name": "Thạch Củ Năng", "type": "Topping", "price": 10000}, {"id": 185, "name": "Khúc Bạch Khoai Môn", "type": "Topping", "price": 10000}]",Kkk
19,14,1,1,45000.00,45000.00,[],NULL
20,15,17,1,65000.00,65000.00,[],NULL
21,16,1,1,45000.00,50000.00,"[{"id": 1, "name": "Lớn", "type": "Size", "price": 5000}]",NULL
22,17,1,1,45000.00,50000.00,"[{"id": 1, "name": "Lớn", "type": "Size", "price": 5000}]",NULL
23,18,1,1,45000.00,50000.00,"[{"id": 1, "name": "Lớn", "type": "Size", "price": 5000}]",NULL
24,19,1,1,45000.00,50000.00,"[{"id": 1, "name": "Lớn", "type": "Size", "price": 5000}]",NULL
25,20,2,1,49000.00,49000.00,"[{"id": 48, "name": "Vừa", "type": "Size", "price": 0}]",NULL
26,21,1,1,45000.00,45000.00,[],NULL
27,22,1,1,45000.00,50000.00,"[{"id": 1, "name": "Lớn", "type": "Size", "price": 5000}]",NULL
28,23,3,1,55000.00,60000.00,"[{"id": 3, "name": "Lớn", "type": "Size", "price": 5000}]",NULL
29,23,1,1,45000.00,45000.00,[],NULL
30,24,10,1,49000.00,54000.00,"[{"id": 102, "name": "Nhỏ", "type": "Size", "price": -5000}, {"id": 148, "name": "Thạch Củ Năng", "type": "Topping", "price": 10000}]",NULL
31,24,17,1,65000.00,80000.00,"[{"id": 17, "name": "Lớn", "type": "Size", "price": 5000}, {"id": 247, "name": "Khúc Bạch Trứng Tươi", "type": "Topping", "price": 10000}]",NULL
32,24,24,1,39000.00,49000.00,"[{"id": 70, "name": "Vừa", "type": "Size", "price": 0}, {"id": 162, "name": "Thạch Củ Năng", "type": "Topping", "price": 10000}]",NULL
33,24,29,1,45000.00,70000.00,"[{"id": 29, "name": "Lớn", "type": "Size", "price": 5000}, {"id": 351, "name": "Sương Sáo Hạt Chia", "type": "Topping", "price": 10000}, {"id": 397, "name": "Thạch Củ Năng", "type": "Topping", "price": 10000}]",NULL
34,24,34,1,49000.00,59000.00,"[{"id": 80, "name": "Vừa", "type": "Size", "price": 0}, {"id": 172, "name": "Thạch Củ Năng", "type": "Topping", "price": 10000}]",NULL
35,25,1,1,45000.00,45000.00,[],NULL
36,26,3,1,55000.00,70000.00,"[{"id": 3, "name": "Lớn", "type": "Size", "price": 5000}, {"id": 509, "name": "Trân Châu Đen", "type": "Topping", "price": 10000}]",NULL
37,27,4,1,55000.00,65000.00,"[{"id": 50, "name": "Vừa", "type": "Size", "price": 0}, {"id": 142, "name": "Thạch Củ Năng", "type": "Topping", "price": 10000}]",NULL
38,28,1,1,45000.00,45000.00,[],NULL
39,29,1,1,45000.00,45000.00,[],NULL
40,30,1,1,45000.00,45000.00,[],NULL
41,31,1,1,45000.00,45000.00,[],NULL
42,32,2,1,49000.00,54000.00,"[{"id": 2, "name": "Lớn", "type": "Size", "price": 5000}]",NULL
43,33,6,1,69000.00,94000.00,"[{"id": 6, "name": "Lớn", "type": "Size", "price": 5000}, {"id": 144, "name": "Thạch Củ Năng", "type": "Topping", "price": 10000}, {"id": 190, "name": "Khúc Bạch Khoai Môn", "type": "Topping", "price": 10000}]",NULL
44,33,13,1,55000.00,80000.00,"[{"id": 13, "name": "Lớn", "type": "Size", "price": 5000}, {"id": 519, "name": "Trân Châu Đen", "type": "Topping", "price": 10000}, {"id": 565, "name": "Trân Châu Lá Dứa", "type": "Topping", "price": 10000}]",NULL
45,33,20,1,45000.00,70000.00,"[{"id": 20, "name": "Lớn", "type": "Size", "price": 5000}, {"id": 296, "name": "Sương Sáo Đen", "type": "Topping", "price": 10000}, {"id": 342, "name": "Sương Sáo Hạt Chia", "type": "Topping", "price": 10000}]",NULL
46,33,31,1,55000.00,75000.00,"[{"id": 77, "name": "Vừa", "type": "Size", "price": 0}, {"id": 261, "name": "Khúc Bạch Trứng Tươi", "type": "Topping", "price": 10000}, {"id": 307, "name": "Sương Sáo Đen", "type": "Topping", "price": 10000}]",NULL
47,33,34,1,49000.00,84000.00,"[{"id": 34, "name": "Lớn", "type": "Size", "price": 5000}, {"id": 356, "name": "Sương Sáo Hạt Chia", "type": "Topping", "price": 10000}, {"id": 402, "name": "Thạch Củ Năng", "type": "Topping", "price": 10000}, {"id": 448, "name": "Thạch Lá Dứa", "type": "Topping", "price": 10000}]",NULL
48,33,47,1,35000.00,35000.00,[],Kkk
49,34,1,1,45000.00,45000.00,[],NULL
50,34,1,1,45000.00,45000.00,[],NULL
51,34,41,2,55000.00,110000.00,"[{"name": "Vừa", "variant_id": 59, "price_adjustment": 0}]","Nhiều đá"
52,35,29,1,45000.00,45000.00,"[{"name": "Vừa", "variant_id": 59, "price_adjustment": 0}]","NULL"
53,36,46,1,55000.00,55000.00,"[{"name": "Vừa", "variant_id": 59, "price_adjustment": 0}]","NULL"
54,36,59,1,22000.00,22000.00,"[{"name": "Vừa", "variant_id": 59, "price_adjustment": 0}]","NULL"
55,37,21,2,39000.00,78000.00,"[{"name": "Vừa", "variant_id": 59, "price_adjustment": 0}]","NULL"
56,37,58,2,29000.00,58000.00,"[{"name": "Vừa", "variant_id": 59, "price_adjustment": 0}]","NULL"
57,38,18,2,65000.00,130000.00,"[{"name": "Vừa", "variant_id": 59, "price_adjustment": 0}]","NULL"
58,38,56,1,35000.00,35000.00,"[{"name": "Vừa", "variant_id": 59, "price_adjustment": 0}]","NULL"
59,39,30,2,49000.00,98000.00,NULL,"Ít đường"
60,39,62,1,39000.00,39000.00,"[{"name": "Vừa", "variant_id": 59, "price_adjustment": 0}]","Ít đường"
61,40,14,1,49000.00,49000.00,"[{"name": "Vừa", "variant_id": 59, "price_adjustment": 0}]","NULL"
62,41,22,2,39000.00,78000.00,"[{"name": "Vừa", "variant_id": 59, "price_adjustment": 0}]","NULL"
63,42,12,2,59000.00,118000.00,"[{"name": "Vừa", "variant_id": 59, "price_adjustment": 0}]","Ít đá"
64,43,41,2,55000.00,110000.00,NULL,"NULL"
65,44,21,2,39000.00,78000.00,"[{"name": "Vừa", "variant_id": 59, "price_adjustment": 0}]","Ít đá"
66,45,28,1,49000.00,49000.00,"[{"name": "Vừa", "variant_id": 59, "price_adjustment": 0}]","Nhiều đá"
67,46,33,2,55000.00,110000.00,"[{"name": "Vừa", "variant_id": 59, "price_adjustment": 0}]","NULL"
68,47,8,2,49000.00,98000.00,NULL,"Ít đá"
69,48,39,2,55000.00,110000.00,NULL,"NULL"
70,49,38,1,49000.00,49000.00,"[{"name": "Vừa", "variant_id": 59, "price_adjustment": 0}]","Nhiều đá"
71,50,20,1,45000.00,45000.00,"[{"name": "Vừa", "variant_id": 59, "price_adjustment": 0}]","NULL"
72,51,41,1,55000.00,55000.00,"[{"name": "Vừa", "variant_id": 59, "price_adjustment": 0}]","NULL"
73,52,16,2,59000.00,118000.00,"[{"name": "Vừa", "variant_id": 59, "price_adjustment": 0}]","NULL"
74,53,5,2,65000.00,130000.00,"[{"name": "Vừa", "variant_id": 59, "price_adjustment": 0}]","NULL"
75,54,25,1,39000.00,39000.00,"[{"name": "Vừa", "variant_id": 59, "price_adjustment": 0}]","NULL"
76,55,46,1,55000.00,55000.00,"[{"name": "Vừa", "variant_id": 59, "price_adjustment": 0}]","Ít đá"
77,55,61,1,19000.00,19000.00,"[{"name": "Vừa", "variant_id": 59, "price_adjustment": 0}]","NULL"
78,56,12,2,59000.00,118000.00,"[{"name": "Vừa", "variant_id": 59, "price_adjustment": 0}]","NULL"
79,56,53,1,19000.00,19000.00,"[{"name": "Vừa", "variant_id": 59, "price_adjustment": 0}]","NULL"
80,57,10,1,49000.00,49000.00,NULL,"Nhiều đá"
81,57,61,1,19000.00,19000.00,"[{"name": "Vừa", "variant_id": 59, "price_adjustment": 0}]","NULL"
82,58,10,1,49000.00,49000.00,"[{"name": "Vừa", "variant_id": 59, "price_adjustment": 0}]","NULL"
83,59,10,1,49000.00,49000.00,"[{"name": "Vừa", "variant_id": 59, "price_adjustment": 0}]","Ít đường"
84,59,63,2,39000.00,78000.00,"[{"name": "Vừa", "variant_id": 59, "price_adjustment": 0}]","NULL"
85,60,33,2,55000.00,110000.00,NULL,"NULL"
86,60,62,1,39000.00,39000.00,"[{"name": "Vừa", "variant_id": 59, "price_adjustment": 0}]","NULL"
87,61,46,2,55000.00,110000.00,"[{"name": "Vừa", "variant_id": 59, "price_adjustment": 0}]","NULL"
88,61,63,1,39000.00,39000.00,NULL,"NULL"
89,62,4,1,55000.00,55000.00,NULL,"Ít đá"
90,63,12,1,59000.00,59000.00,"[{"name": "Vừa", "variant_id": 59, "price_adjustment": 0}]","Nhiều đá"
91,63,61,2,19000.00,38000.00,"[{"name": "Vừa", "variant_id": 59, "price_adjustment": 0}]","NULL"
92,64,43,2,55000.00,110000.00,NULL,"NULL"
93,65,45,2,55000.00,110000.00,"[{"name": "Vừa", "variant_id": 59, "price_adjustment": 0}]","Ít đường"
94,65,62,1,39000.00,39000.00,"[{"name": "Vừa", "variant_id": 59, "price_adjustment": 0}]","NULL"
95,66,40,1,55000.00,55000.00,NULL,"Ít đường"
96,67,18,1,65000.00,65000.00,NULL,"NULL"
97,68,2,1,49000.00,49000.00,"[{"name": "Vừa", "variant_id": 59, "price_adjustment": 0}]","NULL"
98,69,32,1,55000.00,55000.00,"[{"name": "Vừa", "variant_id": 59, "price_adjustment": 0}]","NULL"
99,70,1,2,45000.00,90000.00,"[{"name": "Vừa", "variant_id": 59, "price_adjustment": 0}]","Ít đường"
100,71,27,2,45000.00,90000.00,"[{"name": "Vừa", "variant_id": 59, "price_adjustment": 0}]","NULL"
101,72,16,2,59000.00,118000.00,"[{"name": "Vừa", "variant_id": 59, "price_adjustment": 0}]","Nhiều đá"
102,73,30,2,49000.00,98000.00,"[{"name": "Vừa", "variant_id": 59, "price_adjustment": 0}]","Ít đá"
103,73,51,2,19000.00,38000.00,"[{"name": "Vừa", "variant_id": 59, "price_adjustment": 0}]","Ít đá"
104,74,32,2,55000.00,110000.00,"[{"name": "Vừa", "variant_id": 59, "price_adjustment": 0}]","NULL"
105,75,2,2,49000.00,98000.00,NULL,"NULL"
106,76,35,1,59000.00,59000.00,NULL,"NULL"
107,76,49,2,55000.00,110000.00,NULL,"NULL"
108,77,45,2,55000.00,110000.00,"[{"name": "Vừa", "variant_id": 59, "price_adjustment": 0}]","NULL"
109,77,59,2,22000.00,44000.00,"[{"name": "Vừa", "variant_id": 59, "price_adjustment": 0}]","NULL"
110,78,31,2,55000.00,110000.00,"[{"name": "Vừa", "variant_id": 59, "price_adjustment": 0}]","NULL"
111,78,59,1,22000.00,22000.00,NULL,"NULL"
112,79,46,2,55000.00,110000.00,"[{"name": "Vừa", "variant_id": 59, "price_adjustment": 0}]","NULL"
113,80,41,1,55000.00,55000.00,"[{"name": "Vừa", "variant_id": 59, "price_adjustment": 0}]","NULL"
114,81,3,1,55000.00,55000.00,NULL,"NULL"
115,82,46,1,55000.00,55000.00,"[{"name": "Vừa", "variant_id": 59, "price_adjustment": 0}]","NULL"
116,83,17,1,65000.00,65000.00,"[{"name": "Vừa", "variant_id": 59, "price_adjustment": 0}]","NULL"
117,83,56,2,35000.00,70000.00,"[{"name": "Vừa", "variant_id": 59, "price_adjustment": 0}]","NULL"
118,84,10,1,49000.00,49000.00,"[{"name": "Vừa", "variant_id": 59, "price_adjustment": 0}]","NULL"
119,84,55,2,19000.00,38000.00,"[{"name": "Vừa", "variant_id": 59, "price_adjustment": 0}]","Nhiều đá"
120,85,23,1,39000.00,39000.00,"[{"name": "Vừa", "variant_id": 59, "price_adjustment": 0}]","NULL"
121,85,47,1,35000.00,35000.00,NULL,"NULL"
122,85,17,1,65000.00,65000.00,"[{"name": "Vừa", "variant_id": 59, "price_adjustment": 0}]","NULL"
123,86,45,2,55000.00,110000.00,"[{"name": "Vừa", "variant_id": 59, "price_adjustment": 0}]","NULL"
124,86,63,2,39000.00,78000.00,"[{"name": "Vừa", "variant_id": 59, "price_adjustment": 0}]","NULL"
125,87,42,1,55000.00,55000.00,"[{"name": "Vừa", "variant_id": 59, "price_adjustment": 0}]","NULL"
126,87,55,1,19000.00,19000.00,NULL,"NULL"
127,87,65,2,59000.00,118000.00,NULL,"NULL"
128,88,32,1,55000.00,55000.00,"[{"name": "Vừa", "variant_id": 59, "price_adjustment": 0}]","NULL"
129,89,30,1,49000.00,49000.00,NULL,"Nhiều đá"
130,90,16,1,59000.00,59000.00,"[{"name": "Vừa", "variant_id": 59, "price_adjustment": 0}]","NULL"
131,91,24,1,39000.00,39000.00,"[{"name": "Vừa", "variant_id": 59, "price_adjustment": 0}]","Ít đường"
132,91,49,1,55000.00,55000.00,"[{"name": "Vừa", "variant_id": 59, "price_adjustment": 0}]","NULL"
133,91,23,2,39000.00,78000.00,NULL,"NULL"
134,92,44,1,39000.00,39000.00,NULL,"NULL"
135,93,9,2,49000.00,98000.00,"[{"name": "Vừa", "variant_id": 59, "price_adjustment": 0}]","NULL"
136,94,11,1,45000.00,45000.00,"[{"name": "Vừa", "variant_id": 59, "price_adjustment": 0}]","NULL"
137,94,55,1,19000.00,19000.00,"[{"name": "Vừa", "variant_id": 59, "price_adjustment": 0}]","NULL"
138,94,7,2,39000.00,78000.00,"[{"name": "Vừa", "variant_id": 59, "price_adjustment": 0}]","NULL"
139,95,36,1,49000.00,49000.00,"[{"name": "Vừa", "variant_id": 59, "price_adjustment": 0}]","NULL"
140,95,21,2,39000.00,78000.00,"[{"name": "Vừa", "variant_id": 59, "price_adjustment": 0}]","NULL"
141,96,6,2,69000.00,138000.00,NULL,"NULL"
142,97,22,2,39000.00,78000.00,"[{"name": "Vừa", "variant_id": 59, "price_adjustment": 0}]","NULL"
143,97,63,2,39000.00,78000.00,"[{"name": "Vừa", "variant_id": 59, "price_adjustment": 0}]","NULL"
144,98,29,2,45000.00,90000.00,"[{"name": "Vừa", "variant_id": 59, "price_adjustment": 0}]","Ít đường"
145,98,59,1,22000.00,22000.00,"[{"name": "Vừa", "variant_id": 59, "price_adjustment": 0}]","NULL"
146,99,13,1,55000.00,55000.00,NULL,"NULL"
147,99,60,1,22000.00,22000.00,NULL,"NULL"
148,99,11,2,45000.00,90000.00,NULL,"Nhiều đá"
149,100,2,2,49000.00,98000.00,"[{"name": "Vừa", "variant_id": 59, "price_adjustment": 0}]","Ít đường"
150,101,8,1,49000.00,49000.00,NULL,"NULL"
151,101,45,2,55000.00,110000.00,NULL,"NULL"
152,102,8,2,49000.00,98000.00,"[{"name": "Vừa", "variant_id": 59, "price_adjustment": 0}]","Ít đá"
153,102,60,1,22000.00,22000.00,"[{"name": "Vừa", "variant_id": 59, "price_adjustment": 0}]","NULL"
154,103,5,1,65000.00,65000.00,"[{"name": "Vừa", "variant_id": 59, "price_adjustment": 0}]","Ít đường"
155,103,56,2,35000.00,70000.00,NULL,"NULL"
156,104,22,2,39000.00,78000.00,NULL,"NULL"
157,105,1,2,45000.00,90000.00,NULL,"NULL"
158,106,46,1,55000.00,55000.00,"[{"name": "Vừa", "variant_id": 59, "price_adjustment": 0}]","NULL"
159,107,46,1,55000.00,55000.00,"[{"name": "Vừa", "variant_id": 59, "price_adjustment": 0}]","NULL"
160,108,11,2,45000.00,90000.00,NULL,"NULL"
161,109,34,2,49000.00,98000.00,"[{"name": "Vừa", "variant_id": 59, "price_adjustment": 0}]","Ít đá"
162,110,34,2,49000.00,98000.00,"[{"name": "Vừa", "variant_id": 59, "price_adjustment": 0}]","Nhiều đá"
163,110,53,1,19000.00,19000.00,"[{"name": "Vừa", "variant_id": 59, "price_adjustment": 0}]","Ít đá"
164,111,43,2,55000.00,110000.00,"[{"name": "Vừa", "variant_id": 59, "price_adjustment": 0}]","NULL"
165,112,6,2,69000.00,138000.00,"[{"name": "Vừa", "variant_id": 59, "price_adjustment": 0}]","NULL"
166,113,37,2,59000.00,118000.00,NULL,"NULL"
167,114,45,2,55000.00,110000.00,"[{"name": "Vừa", "variant_id": 59, "price_adjustment": 0}]","NULL"
168,114,59,2,22000.00,44000.00,"[{"name": "Vừa", "variant_id": 59, "price_adjustment": 0}]","NULL"
169,115,46,2,55000.00,110000.00,"[{"name": "Vừa", "variant_id": 59, "price_adjustment": 0}]","NULL"
170,116,15,1,59000.00,59000.00,"[{"name": "Vừa", "variant_id": 59, "price_adjustment": 0}]","NULL"
171,117,43,1,55000.00,55000.00,"[{"name": "Vừa", "variant_id": 59, "price_adjustment": 0}]","NULL"
172,118,41,2,55000.00,110000.00,"[{"name": "Vừa", "variant_id": 59, "price_adjustment": 0}]","NULL"
173,118,53,2,19000.00,38000.00,NULL,"NULL"
174,119,11,2,45000.00,90000.00,NULL,"Nhiều đá"
175,120,44,1,39000.00,39000.00,NULL,"NULL"
176,120,63,1,39000.00,39000.00,NULL,"NULL"
177,121,46,1,55000.00,55000.00,"[{"name": "Vừa", "variant_id": 59, "price_adjustment": 0}]","Ít đường"
178,122,1,2,45000.00,90000.00,NULL,"Ít đường"
179,123,4,2,55000.00,110000.00,NULL,"NULL"
180,123,60,2,22000.00,44000.00,"[{"name": "Vừa", "variant_id": 59, "price_adjustment": 0}]","NULL"
181,124,1,2,45000.00,90000.00,"[{"name": "Vừa", "variant_id": 59, "price_adjustment": 0}]","NULL"
182,125,4,2,55000.00,110000.00,NULL,"NULL"
183,125,61,1,19000.00,19000.00,"[{"name": "Vừa", "variant_id": 59, "price_adjustment": 0}]","NULL"
184,126,11,1,45000.00,45000.00,"[{"name": "Vừa", "variant_id": 59, "price_adjustment": 0}]","NULL"
185,126,62,1,39000.00,39000.00,NULL,"Ít đường"
186,127,40,1,55000.00,55000.00,"[{"name": "Vừa", "variant_id": 59, "price_adjustment": 0}]","Ít đá"
187,128,46,1,55000.00,55000.00,"[{"name": "Vừa", "variant_id": 59, "price_adjustment": 0}]","NULL"
188,128,49,2,55000.00,110000.00,"[{"name": "Vừa", "variant_id": 59, "price_adjustment": 0}]","NULL"
189,129,13,2,55000.00,110000.00,NULL,"NULL"
190,130,4,1,55000.00,55000.00,"[{"name": "Vừa", "variant_id": 59, "price_adjustment": 0}]","NULL"
191,131,39,1,55000.00,55000.00,"[{"name": "Vừa", "variant_id": 59, "price_adjustment": 0}]","Ít đá"
192,132,7,1,39000.00,39000.00,"[{"name": "Vừa", "variant_id": 59, "price_adjustment": 0}]","Ít đá"
193,132,63,2,39000.00,78000.00,NULL,"NULL"
194,133,28,1,49000.00,49000.00,NULL,"NULL"
195,133,49,1,55000.00,55000.00,"[{"name": "Vừa", "variant_id": 59, "price_adjustment": 0}]","Ít đường"
196,134,24,2,39000.00,78000.00,"[{"name": "Vừa", "variant_id": 59, "price_adjustment": 0}]","NULL"
197,134,51,1,19000.00,19000.00,NULL,"Nhiều đá"
198,135,41,2,55000.00,110000.00,"[{"name": "Vừa", "variant_id": 59, "price_adjustment": 0}]","Nhiều đá"
199,136,28,2,49000.00,98000.00,NULL,"NULL"
200,137,34,2,49000.00,98000.00,NULL,"Nhiều đá"
201,137,52,2,19000.00,38000.00,"[{"name": "Vừa", "variant_id": 59, "price_adjustment": 0}]","NULL"
202,138,27,2,45000.00,90000.00,NULL,"NULL"
203,139,24,2,39000.00,78000.00,"[{"name": "Vừa", "variant_id": 59, "price_adjustment": 0}]","NULL"
204,139,49,2,55000.00,110000.00,NULL,"NULL"
205,140,33,2,55000.00,110000.00,"[{"name": "Vừa", "variant_id": 59, "price_adjustment": 0}]","NULL"
206,140,63,2,39000.00,78000.00,"[{"name": "Vừa", "variant_id": 59, "price_adjustment": 0}]","NULL"
207,141,34,2,49000.00,98000.00,"[{"name": "Vừa", "variant_id": 59, "price_adjustment": 0}]","NULL"
208,142,42,2,55000.00,110000.00,NULL,"NULL"
209,142,63,2,39000.00,78000.00,"[{"name": "Vừa", "variant_id": 59, "price_adjustment": 0}]","NULL"
210,143,7,1,39000.00,39000.00,"[{"name": "Vừa", "variant_id": 59, "price_adjustment": 0}]","NULL"
211,143,49,1,55000.00,55000.00,NULL,"NULL"
212,144,3,2,55000.00,110000.00,"[{"name": "Vừa", "variant_id": 59, "price_adjustment": 0}]","NULL"
213,144,10,2,49000.00,98000.00,"[{"name": "Vừa", "variant_id": 59, "price_adjustment": 0}]","NULL"
214,145,16,1,59000.00,59000.00,"[{"name": "Vừa", "variant_id": 59, "price_adjustment": 0}]","Nhiều đá"
215,146,30,1,49000.00,49000.00,"[{"name": "Vừa", "variant_id": 59, "price_adjustment": 0}]","NULL"
216,147,42,2,55000.00,110000.00,"[{"name": "Vừa", "variant_id": 59, "price_adjustment": 0}]","NULL"
217,147,57,2,39000.00,78000.00,"[{"name": "Vừa", "variant_id": 59, "price_adjustment": 0}]","Ít đường"
218,148,8,1,49000.00,49000.00,"[{"name": "Vừa", "variant_id": 59, "price_adjustment": 0}]","NULL"
219,148,59,1,22000.00,22000.00,"[{"name": "Vừa", "variant_id": 59, "price_adjustment": 0}]","Ít đường"
220,149,46,2,55000.00,110000.00,"[{"name": "Vừa", "variant_id": 59, "price_adjustment": 0}]","NULL"
221,150,25,1,39000.00,39000.00,"[{"name": "Vừa", "variant_id": 59, "price_adjustment": 0}]","NULL"
222,151,24,1,39000.00,39000.00,NULL,"NULL"
223,152,16,2,59000.00,118000.00,NULL,"NULL"
224,152,57,2,39000.00,78000.00,NULL,"NULL"
225,153,20,2,45000.00,90000.00,"[{"name": "Vừa", "variant_id": 59, "price_adjustment": 0}]","NULL"
226,154,45,2,55000.00,110000.00,"[{"name": "Vừa", "variant_id": 59, "price_adjustment": 0}]","Nhiều đá"
227,155,8,1,49000.00,49000.00,"[{"name": "Vừa", "variant_id": 59, "price_adjustment": 0}]","NULL"
228,156,42,2,55000.00,110000.00,"[{"name": "Vừa", "variant_id": 59, "price_adjustment": 0}]","NULL"
229,157,46,2,55000.00,110000.00,"[{"name": "Vừa", "variant_id": 59, "price_adjustment": 0}]","Ít đá"
230,158,35,1,59000.00,59000.00,NULL,"NULL"
231,159,4,2,55000.00,110000.00,"[{"name": "Vừa", "variant_id": 59, "price_adjustment": 0}]","Ít đá"
232,160,30,1,49000.00,49000.00,"[{"name": "Vừa", "variant_id": 59, "price_adjustment": 0}]","NULL"
233,161,3,1,55000.00,55000.00,NULL,"NULL"
234,162,1,2,45000.00,90000.00,NULL,"NULL"
235,162,59,1,22000.00,22000.00,"[{"name": "Vừa", "variant_id": 59, "price_adjustment": 0}]","NULL"
236,163,23,1,39000.00,39000.00,NULL,"NULL"
237,163,61,1,19000.00,19000.00,"[{"name": "Vừa", "variant_id": 59, "price_adjustment": 0}]","NULL"
238,163,41,2,55000.00,110000.00,"[{"name": "Vừa", "variant_id": 59, "price_adjustment": 0}]","NULL"
239,164,45,1,55000.00,55000.00,"[{"name": "Vừa", "variant_id": 59, "price_adjustment": 0}]","NULL"
240,165,23,1,39000.00,39000.00,"[{"name": "Vừa", "variant_id": 59, "price_adjustment": 0}]","NULL"
241,166,3,2,55000.00,110000.00,NULL,"NULL"
242,167,28,1,49000.00,49000.00,NULL,"Nhiều đá"
243,168,27,1,45000.00,45000.00,"[{"name": "Vừa", "variant_id": 59, "price_adjustment": 0}]","NULL"
244,169,35,1,59000.00,59000.00,"[{"name": "Vừa", "variant_id": 59, "price_adjustment": 0}]","NULL"
245,169,59,1,22000.00,22000.00,NULL,"NULL"
246,170,6,2,69000.00,138000.00,"[{"name": "Vừa", "variant_id": 59, "price_adjustment": 0}]","NULL"
247,171,46,1,55000.00,55000.00,"[{"name": "Vừa", "variant_id": 59, "price_adjustment": 0}]","NULL"
248,172,38,1,49000.00,49000.00,NULL,"NULL"
249,173,23,1,39000.00,39000.00,"[{"name": "Vừa", "variant_id": 59, "price_adjustment": 0}]","NULL"
250,174,23,2,39000.00,78000.00,"[{"name": "Vừa", "variant_id": 59, "price_adjustment": 0}]","NULL"
251,174,58,2,29000.00,58000.00,"[{"name": "Vừa", "variant_id": 59, "price_adjustment": 0}]","NULL"
252,175,3,1,55000.00,55000.00,"[{"name": "Vừa", "variant_id": 59, "price_adjustment": 0}]","NULL"
253,176,7,1,39000.00,39000.00,NULL,"NULL"
254,176,59,2,22000.00,44000.00,NULL,"NULL"
255,177,30,2,49000.00,98000.00,"[{"name": "Vừa", "variant_id": 59, "price_adjustment": 0}]","NULL"
256,178,3,2,55000.00,110000.00,NULL,"NULL"
257,179,21,1,39000.00,39000.00,NULL,"Ít đá"
258,179,49,2,55000.00,110000.00,"[{"name": "Vừa", "variant_id": 59, "price_adjustment": 0}]","NULL"
259,180,46,2,55000.00,110000.00,NULL,"NULL"
260,180,60,2,22000.00,44000.00,NULL,"Ít đường"
261,181,24,1,39000.00,39000.00,"[{"name": "Vừa", "variant_id": 59, "price_adjustment": 0}]","NULL"
262,182,16,2,59000.00,118000.00,NULL,"NULL"
263,182,55,1,19000.00,19000.00,NULL,"NULL"
264,183,25,2,39000.00,78000.00,NULL,"NULL"
265,184,11,1,45000.00,45000.00,"[{"name": "Vừa", "variant_id": 59, "price_adjustment": 0}]","NULL"
266,184,55,2,19000.00,38000.00,"[{"name": "Vừa", "variant_id": 59, "price_adjustment": 0}]","NULL"
267,185,13,2,55000.00,110000.00,"[{"name": "Vừa", "variant_id": 59, "price_adjustment": 0}]","NULL"
268,186,46,2,55000.00,110000.00,"[{"name": "Vừa", "variant_id": 59, "price_adjustment": 0}]","Ít đá"
269,187,1,1,45000.00,45000.00,"[{"name": "Vừa", "variant_id": 59, "price_adjustment": 0}]","NULL"
270,187,61,1,19000.00,19000.00,"[{"name": "Vừa", "variant_id": 59, "price_adjustment": 0}]","Ít đường"
271,188,34,1,49000.00,49000.00,"[{"name": "Vừa", "variant_id": 59, "price_adjustment": 0}]","NULL"
272,188,62,1,39000.00,39000.00,"[{"name": "Vừa", "variant_id": 59, "price_adjustment": 0}]","NULL"
273,189,29,2,45000.00,90000.00,NULL,"NULL"
274,190,23,2,39000.00,78000.00,"[{"name": "Vừa", "variant_id": 59, "price_adjustment": 0}]","Nhiều đá"
275,190,48,2,55000.00,110000.00,NULL,"NULL"
276,191,44,1,39000.00,39000.00,NULL,"NULL"
277,191,54,2,19000.00,38000.00,NULL,"NULL"
278,192,32,2,55000.00,110000.00,"[{"name": "Vừa", "variant_id": 59, "price_adjustment": 0}]","NULL"
279,193,11,2,45000.00,90000.00,NULL,"NULL"
280,193,41,2,55000.00,110000.00,"[{"name": "Vừa", "variant_id": 59, "price_adjustment": 0}]","Ít đường"
281,194,39,2,55000.00,110000.00,NULL,"NULL"
282,195,36,1,49000.00,49000.00,NULL,"NULL"
283,195,61,2,19000.00,38000.00,NULL,"NULL"
284,196,22,1,39000.00,39000.00,"[{"name": "Vừa", "variant_id": 59, "price_adjustment": 0}]","NULL"
285,197,35,1,59000.00,59000.00,"[{"name": "Vừa", "variant_id": 59, "price_adjustment": 0}]","Ít đường"
286,198,37,2,59000.00,118000.00,"[{"name": "Vừa", "variant_id": 59, "price_adjustment": 0}]","NULL"
287,198,51,2,19000.00,38000.00,"[{"name": "Vừa", "variant_id": 59, "price_adjustment": 0}]","NULL"
288,199,4,2,55000.00,110000.00,"[{"name": "Vừa", "variant_id": 59, "price_adjustment": 0}]","NULL"
289,200,35,1,59000.00,59000.00,"[{"name": "Vừa", "variant_id": 59, "price_adjustment": 0}]","NULL"
290,201,6,2,69000.00,138000.00,NULL,"NULL"
291,201,47,2,35000.00,70000.00,"[{"name": "Vừa", "variant_id": 59, "price_adjustment": 0}]","NULL"
292,202,33,1,55000.00,55000.00,"[{"name": "Vừa", "variant_id": 59, "price_adjustment": 0}]","Ít đá"
293,202,56,2,35000.00,70000.00,NULL,"NULL"
294,203,23,1,39000.00,39000.00,"[{"name": "Vừa", "variant_id": 59, "price_adjustment": 0}]","NULL"
295,203,59,1,22000.00,22000.00,"[{"name": "Vừa", "variant_id": 59, "price_adjustment": 0}]","NULL"
296,203,64,2,59000.00,118000.00,"[{"name": "Vừa", "variant_id": 59, "price_adjustment": 0}]","NULL"
297,204,45,1,55000.00,55000.00,NULL,"NULL"
298,205,14,2,49000.00,98000.00,NULL,"Ít đá"
299,205,63,1,39000.00,39000.00,"[{"name": "Vừa", "variant_id": 59, "price_adjustment": 0}]","Nhiều đá"
300,206,28,2,49000.00,98000.00,"[{"name": "Vừa", "variant_id": 59, "price_adjustment": 0}]","NULL"
301,207,6,1,69000.00,69000.00,NULL,"NULL"
302,208,23,1,39000.00,39000.00,NULL,"NULL"
303,209,32,2,55000.00,110000.00,"[{"name": "Vừa", "variant_id": 59, "price_adjustment": 0}]","NULL"
304,210,1,1,45000.00,45000.00,NULL,"NULL"
305,210,58,2,29000.00,58000.00,"[{"name": "Vừa", "variant_id": 59, "price_adjustment": 0}]","NULL"
306,211,1,2,45000.00,90000.00,"[{"name": "Vừa", "variant_id": 59, "price_adjustment": 0}]","NULL"
307,212,42,2,55000.00,110000.00,"[{"name": "Vừa", "variant_id": 59, "price_adjustment": 0}]","NULL"
308,212,63,1,39000.00,39000.00,"[{"name": "Vừa", "variant_id": 59, "price_adjustment": 0}]","NULL"
309,213,17,1,65000.00,65000.00,"[{"name": "Vừa", "variant_id": 59, "price_adjustment": 0}]","Ít đá"
310,214,8,1,49000.00,49000.00,"[{"name": "Vừa", "variant_id": 59, "price_adjustment": 0}]","NULL"
311,214,53,1,19000.00,19000.00,"[{"name": "Vừa", "variant_id": 59, "price_adjustment": 0}]","Nhiều đá"
312,215,4,1,55000.00,55000.00,NULL,"NULL"
313,215,57,2,39000.00,78000.00,"[{"name": "Vừa", "variant_id": 59, "price_adjustment": 0}]","Nhiều đá"
314,216,45,2,55000.00,110000.00,"[{"name": "Vừa", "variant_id": 59, "price_adjustment": 0}]","Ít đường"
315,217,26,1,39000.00,39000.00,"[{"name": "Vừa", "variant_id": 59, "price_adjustment": 0}]","NULL"
316,218,39,1,55000.00,55000.00,NULL,"Ít đá"
317,219,8,2,49000.00,98000.00,"[{"name": "Vừa", "variant_id": 59, "price_adjustment": 0}]","NULL"
318,220,9,1,49000.00,49000.00,"[{"name": "Vừa", "variant_id": 59, "price_adjustment": 0}]","NULL"
319,220,60,1,22000.00,22000.00,NULL,"NULL"
320,221,38,2,49000.00,98000.00,NULL,"Ít đường"
321,221,61,1,19000.00,19000.00,"[{"name": "Vừa", "variant_id": 59, "price_adjustment": 0}]","NULL"
322,222,11,2,45000.00,90000.00,"[{"name": "Vừa", "variant_id": 59, "price_adjustment": 0}]","NULL"
323,223,29,1,45000.00,45000.00,"[{"name": "Vừa", "variant_id": 59, "price_adjustment": 0}]","NULL"
324,224,1,2,45000.00,90000.00,"[{"name": "Vừa", "variant_id": 59, "price_adjustment": 0}]","NULL"
325,224,51,2,19000.00,38000.00,"[{"name": "Vừa", "variant_id": 59, "price_adjustment": 0}]","NULL"
326,225,7,2,39000.00,78000.00,"[{"name": "Vừa", "variant_id": 59, "price_adjustment": 0}]","NULL"
327,226,19,2,45000.00,90000.00,"[{"name": "Vừa", "variant_id": 59, "price_adjustment": 0}]","NULL"
328,227,13,2,55000.00,110000.00,"[{"name": "Vừa", "variant_id": 59, "price_adjustment": 0}]","NULL"
329,227,63,1,39000.00,39000.00,"[{"name": "Vừa", "variant_id": 59, "price_adjustment": 0}]","Ít đá"
330,228,24,2,39000.00,78000.00,"[{"name": "Vừa", "variant_id": 59, "price_adjustment": 0}]","NULL"
331,228,55,1,19000.00,19000.00,NULL,"NULL"
332,229,7,2,39000.00,78000.00,"[{"name": "Vừa", "variant_id": 59, "price_adjustment": 0}]","Nhiều đá"
333,229,36,1,49000.00,49000.00,"[{"name": "Vừa", "variant_id": 59, "price_adjustment": 0}]","NULL"
334,230,14,1,49000.00,49000.00,"[{"name": "Vừa", "variant_id": 59, "price_adjustment": 0}]","NULL"
335,231,8,1,49000.00,49000.00,"[{"name": "Vừa", "variant_id": 59, "price_adjustment": 0}]","Nhiều đá"
336,231,49,2,55000.00,110000.00,"[{"name": "Vừa", "variant_id": 59, "price_adjustment": 0}]","NULL"
337,232,46,2,55000.00,110000.00,NULL,"NULL"
338,233,18,1,65000.00,65000.00,NULL,"Ít đá"
339,234,41,1,55000.00,55000.00,"[{"name": "Vừa", "variant_id": 59, "price_adjustment": 0}]","NULL"
340,235,37,1,59000.00,59000.00,"[{"name": "Vừa", "variant_id": 59, "price_adjustment": 0}]","NULL"
341,236,12,1,59000.00,59000.00,"[{"name": "Vừa", "variant_id": 59, "price_adjustment": 0}]","NULL"
342,236,63,1,39000.00,39000.00,"[{"name": "Vừa", "variant_id": 59, "price_adjustment": 0}]","Ít đá"
343,237,43,1,55000.00,55000.00,"[{"name": "Vừa", "variant_id": 59, "price_adjustment": 0}]","NULL"
344,237,62,1,39000.00,39000.00,NULL,"Ít đường"
345,238,22,1,39000.00,39000.00,"[{"name": "Vừa", "variant_id": 59, "price_adjustment": 0}]","Ít đường"
346,239,11,2,45000.00,90000.00,"[{"name": "Vừa", "variant_id": 59, "price_adjustment": 0}]","NULL"
347,240,14,2,49000.00,98000.00,NULL,"NULL"
348,240,52,1,19000.00,19000.00,NULL,"NULL"
349,241,11,1,45000.00,45000.00,"[{"name": "Vừa", "variant_id": 59, "price_adjustment": 0}]","NULL"
350,241,62,2,39000.00,78000.00,NULL,"NULL"
351,242,16,2,59000.00,118000.00,NULL,"Ít đá"
352,243,30,1,49000.00,49000.00,"[{"name": "Vừa", "variant_id": 59, "price_adjustment": 0}]","NULL"
353,244,17,1,65000.00,65000.00,"[{"name": "Vừa", "variant_id": 59, "price_adjustment": 0}]","NULL"
354,245,4,1,55000.00,55000.00,"[{"name": "Vừa", "variant_id": 59, "price_adjustment": 0}]","Ít đá"
355,246,33,1,55000.00,55000.00,NULL,"NULL"
356,247,18,1,65000.00,65000.00,"[{"name": "Vừa", "variant_id": 59, "price_adjustment": 0}]","NULL"
357,248,1,2,45000.00,90000.00,NULL,"NULL"
358,249,22,2,39000.00,78000.00,"[{"name": "Vừa", "variant_id": 59, "price_adjustment": 0}]","NULL"
359,250,11,1,45000.00,45000.00,NULL,"NULL"
360,251,6,1,69000.00,69000.00,"[{"name": "Vừa", "variant_id": 59, "price_adjustment": 0}]","NULL"
361,251,57,2,39000.00,78000.00,NULL,"NULL"
362,252,20,1,45000.00,45000.00,"[{"name": "Vừa", "variant_id": 59, "price_adjustment": 0}]","NULL"
363,253,36,1,49000.00,49000.00,NULL,"NULL"
364,253,50,1,20000.00,20000.00,"[{"name": "Vừa", "variant_id": 59, "price_adjustment": 0}]","NULL"
365,254,24,2,39000.00,78000.00,NULL,"NULL"
366,255,4,1,55000.00,55000.00,NULL,"NULL"
367,255,62,1,39000.00,39000.00,"[{"name": "Vừa", "variant_id": 59, "price_adjustment": 0}]","Nhiều đá"
368,256,1,2,45000.00,90000.00,"[{"name": "Vừa", "variant_id": 59, "price_adjustment": 0}]","NULL"
369,256,54,2,19000.00,38000.00,"[{"name": "Vừa", "variant_id": 59, "price_adjustment": 0}]","NULL"
370,256,37,2,59000.00,118000.00,"[{"name": "Vừa", "variant_id": 59, "price_adjustment": 0}]","Ít đá"
371,257,40,1,55000.00,55000.00,"[{"name": "Vừa", "variant_id": 59, "price_adjustment": 0}]","NULL"
372,257,62,1,39000.00,39000.00,"[{"name": "Vừa", "variant_id": 59, "price_adjustment": 0}]","NULL"
373,258,16,1,59000.00,59000.00,"[{"name": "Vừa", "variant_id": 59, "price_adjustment": 0}]","Nhiều đá"
374,259,24,1,39000.00,39000.00,"[{"name": "Vừa", "variant_id": 59, "price_adjustment": 0}]","NULL"
375,260,19,1,45000.00,45000.00,"[{"name": "Vừa", "variant_id": 59, "price_adjustment": 0}]","NULL"
376,261,21,2,39000.00,78000.00,"[{"name": "Vừa", "variant_id": 59, "price_adjustment": 0}]","NULL"
377,261,51,2,19000.00,38000.00,"[{"name": "Vừa", "variant_id": 59, "price_adjustment": 0}]","Ít đá"
378,262,6,1,69000.00,69000.00,NULL,"NULL"
379,263,41,2,55000.00,110000.00,NULL,"NULL"
380,264,8,2,49000.00,98000.00,"[{"name": "Vừa", "variant_id": 59, "price_adjustment": 0}]","NULL"
381,264,53,1,19000.00,19000.00,NULL,"NULL"
382,265,35,1,59000.00,59000.00,"[{"name": "Vừa", "variant_id": 59, "price_adjustment": 0}]","NULL"
383,265,63,1,39000.00,39000.00,"[{"name": "Vừa", "variant_id": 59, "price_adjustment": 0}]","NULL"
384,266,14,1,49000.00,49000.00,NULL,"NULL"
385,266,63,2,39000.00,78000.00,NULL,"NULL"
386,267,20,1,45000.00,45000.00,"[{"name": "Vừa", "variant_id": 59, "price_adjustment": 0}]","Ít đường"
387,268,14,1,49000.00,49000.00,NULL,"NULL"
388,269,13,2,55000.00,110000.00,"[{"name": "Vừa", "variant_id": 59, "price_adjustment": 0}]","Nhiều đá"
389,270,14,2,49000.00,98000.00,"[{"name": "Vừa", "variant_id": 59, "price_adjustment": 0}]","NULL"
390,271,14,2,49000.00,98000.00,"[{"name": "Vừa", "variant_id": 59, "price_adjustment": 0}]","NULL"
391,272,33,2,55000.00,110000.00,"[{"name": "Vừa", "variant_id": 59, "price_adjustment": 0}]","NULL"
392,272,58,2,29000.00,58000.00,"[{"name": "Vừa", "variant_id": 59, "price_adjustment": 0}]","NULL"
393,273,42,1,55000.00,55000.00,"[{"name": "Vừa", "variant_id": 59, "price_adjustment": 0}]","Ít đá"
394,274,22,2,39000.00,78000.00,NULL,"NULL"
395,274,60,2,22000.00,44000.00,NULL,"Nhiều đá"
396,275,23,1,39000.00,39000.00,"[{"name": "Vừa", "variant_id": 59, "price_adjustment": 0}]","Ít đá"
397,276,46,2,55000.00,110000.00,"[{"name": "Vừa", "variant_id": 59, "price_adjustment": 0}]","NULL"
398,276,60,2,22000.00,44000.00,"[{"name": "Vừa", "variant_id": 59, "price_adjustment": 0}]","Ít đường"
399,277,3,1,55000.00,55000.00,"[{"name": "Vừa", "variant_id": 59, "price_adjustment": 0}]","NULL"
400,278,25,1,39000.00,39000.00,NULL,"NULL"
401,278,52,1,19000.00,19000.00,"[{"name": "Vừa", "variant_id": 59, "price_adjustment": 0}]","NULL"
402,278,66,2,39000.00,78000.00,"[{"name": "Vừa", "variant_id": 59, "price_adjustment": 0}]","NULL"
403,279,7,2,39000.00,78000.00,"[{"name": "Vừa", "variant_id": 59, "price_adjustment": 0}]","NULL"
404,280,22,1,39000.00,39000.00,"[{"name": "Vừa", "variant_id": 59, "price_adjustment": 0}]","Ít đá"
405,281,20,2,45000.00,90000.00,"[{"name": "Vừa", "variant_id": 59, "price_adjustment": 0}]","NULL"
406,281,24,2,39000.00,78000.00,NULL,"NULL"
407,282,42,1,55000.00,55000.00,"[{"name": "Vừa", "variant_id": 59, "price_adjustment": 0}]","Nhiều đá"
408,282,58,1,29000.00,29000.00,"[{"name": "Vừa", "variant_id": 59, "price_adjustment": 0}]","NULL"
409,283,13,2,55000.00,110000.00,NULL,"NULL"
410,283,61,1,19000.00,19000.00,"[{"name": "Vừa", "variant_id": 59, "price_adjustment": 0}]","NULL"
411,284,36,2,49000.00,98000.00,NULL,"NULL"
412,285,38,1,49000.00,49000.00,"[{"name": "Vừa", "variant_id": 59, "price_adjustment": 0}]","NULL"
413,285,49,1,55000.00,55000.00,"[{"name": "Vừa", "variant_id": 59, "price_adjustment": 0}]","Ít đá"
414,286,5,1,65000.00,65000.00,"[{"name": "Vừa", "variant_id": 59, "price_adjustment": 0}]","Ít đường"
415,287,4,1,55000.00,55000.00,"[{"name": "Vừa", "variant_id": 59, "price_adjustment": 0}]","NULL"
416,288,1,2,45000.00,90000.00,"[{"name": "Vừa", "variant_id": 59, "price_adjustment": 0}]","NULL"
417,289,21,1,39000.00,39000.00,NULL,"NULL"
418,289,49,1,55000.00,55000.00,"[{"name": "Vừa", "variant_id": 59, "price_adjustment": 0}]","NULL"
419,289,14,2,49000.00,98000.00,"[{"name": "Vừa", "variant_id": 59, "price_adjustment": 0}]","NULL"
420,290,25,2,39000.00,78000.00,"[{"name": "Vừa", "variant_id": 59, "price_adjustment": 0}]","NULL"
421,290,56,2,35000.00,70000.00,NULL,"NULL"
422,290,4,1,55000.00,55000.00,"[{"name": "Vừa", "variant_id": 59, "price_adjustment": 0}]","Ít đá"
423,291,10,2,49000.00,98000.00,NULL,"NULL"
424,291,58,2,29000.00,58000.00,NULL,"Nhiều đá"
425,292,40,2,55000.00,110000.00,"[{"name": "Vừa", "variant_id": 59, "price_adjustment": 0}]","Nhiều đá"
426,293,5,1,65000.00,65000.00,"[{"name": "Vừa", "variant_id": 59, "price_adjustment": 0}]","NULL"
427,293,27,2,45000.00,90000.00,"[{"name": "Vừa", "variant_id": 59, "price_adjustment": 0}]","NULL"
428,294,20,2,45000.00,90000.00,NULL,"NULL"
429,295,30,1,49000.00,49000.00,NULL,"NULL"
430,295,47,1,35000.00,35000.00,"[{"name": "Vừa", "variant_id": 59, "price_adjustment": 0}]","NULL"
431,295,46,1,55000.00,55000.00,NULL,"Ít đường"
432,296,24,1,39000.00,39000.00,NULL,"NULL"
433,297,26,2,39000.00,78000.00,"[{"name": "Vừa", "variant_id": 59, "price_adjustment": 0}]","NULL"
434,297,61,2,19000.00,38000.00,NULL,"NULL"
435,298,5,1,65000.00,65000.00,"[{"name": "Vừa", "variant_id": 59, "price_adjustment": 0}]","NULL"
436,299,22,1,39000.00,39000.00,"[{"name": "Vừa", "variant_id": 59, "price_adjustment": 0}]","NULL"
437,300,8,2,49000.00,98000.00,"[{"name": "Vừa", "variant_id": 59, "price_adjustment": 0}]","NULL"
438,300,54,2,19000.00,38000.00,"[{"name": "Vừa", "variant_id": 59, "price_adjustment": 0}]","NULL"
439,301,22,2,39000.00,78000.00,"[{"name": "Vừa", "variant_id": 59, "price_adjustment": 0}]","NULL"
440,301,59,2,22000.00,44000.00,"[{"name": "Vừa", "variant_id": 59, "price_adjustment": 0}]","NULL"
441,302,4,2,55000.00,110000.00,"[{"name": "Vừa", "variant_id": 59, "price_adjustment": 0}]","NULL"
442,303,24,1,39000.00,39000.00,NULL,"Nhiều đá"
443,303,61,1,19000.00,19000.00,"[{"name": "Vừa", "variant_id": 59, "price_adjustment": 0}]","NULL"
444,303,6,1,69000.00,69000.00,NULL,"NULL"
445,304,26,2,39000.00,78000.00,"[{"name": "Vừa", "variant_id": 59, "price_adjustment": 0}]","Nhiều đá"
446,304,59,2,22000.00,44000.00,"[{"name": "Vừa", "variant_id": 59, "price_adjustment": 0}]","NULL"
447,305,24,2,39000.00,78000.00,NULL,"Ít đường"
448,306,22,2,39000.00,78000.00,NULL,"NULL"
449,307,16,2,59000.00,118000.00,NULL,"NULL"
450,308,14,2,49000.00,98000.00,"[{"name": "Vừa", "variant_id": 59, "price_adjustment": 0}]","NULL"
451,309,46,2,55000.00,110000.00,"[{"name": "Vừa", "variant_id": 59, "price_adjustment": 0}]","Ít đường"
452,309,61,1,19000.00,19000.00,"[{"name": "Vừa", "variant_id": 59, "price_adjustment": 0}]","NULL"
453,310,21,1,39000.00,39000.00,"[{"name": "Vừa", "variant_id": 59, "price_adjustment": 0}]","NULL"
454,311,43,2,55000.00,110000.00,"[{"name": "Vừa", "variant_id": 59, "price_adjustment": 0}]","NULL"
455,311,51,1,19000.00,19000.00,NULL,"NULL"
456,311,25,1,39000.00,39000.00,NULL,"Nhiều đá"
457,312,3,2,55000.00,110000.00,"[{"name": "Vừa", "variant_id": 59, "price_adjustment": 0}]","NULL"
458,313,37,1,59000.00,59000.00,NULL,"NULL"
459,314,31,2,55000.00,110000.00,"[{"name": "Vừa", "variant_id": 59, "price_adjustment": 0}]","NULL"
460,314,63,1,39000.00,39000.00,NULL,"NULL"
461,315,3,2,55000.00,110000.00,"[{"name": "Vừa", "variant_id": 59, "price_adjustment": 0}]","NULL"
462,316,24,1,39000.00,39000.00,"[{"name": "Vừa", "variant_id": 59, "price_adjustment": 0}]","Ít đá"
463,317,14,1,49000.00,49000.00,"[{"name": "Vừa", "variant_id": 59, "price_adjustment": 0}]","Ít đường"
464,318,34,2,49000.00,98000.00,"[{"name": "Vừa", "variant_id": 59, "price_adjustment": 0}]","NULL"
465,319,2,2,49000.00,98000.00,"[{"name": "Vừa", "variant_id": 59, "price_adjustment": 0}]","NULL"
466,320,27,1,45000.00,45000.00,"[{"name": "Vừa", "variant_id": 59, "price_adjustment": 0}]","NULL"
467,321,41,1,55000.00,55000.00,"[{"name": "Vừa", "variant_id": 59, "price_adjustment": 0}]","NULL"
468,322,45,1,55000.00,55000.00,NULL,"Ít đá"
469,323,41,1,55000.00,55000.00,"[{"name": "Vừa", "variant_id": 59, "price_adjustment": 0}]","NULL"
470,323,62,1,39000.00,39000.00,"[{"name": "Vừa", "variant_id": 59, "price_adjustment": 0}]","NULL"
471,324,16,1,59000.00,59000.00,"[{"name": "Vừa", "variant_id": 59, "price_adjustment": 0}]","NULL"
472,325,24,2,39000.00,78000.00,"[{"name": "Vừa", "variant_id": 59, "price_adjustment": 0}]","NULL"
473,326,28,1,49000.00,49000.00,"[{"name": "Vừa", "variant_id": 59, "price_adjustment": 0}]","NULL"
474,327,1,1,45000.00,45000.00,"[{"name": "Vừa", "variant_id": 59, "price_adjustment": 0}]","Ít đường"
475,328,4,2,55000.00,110000.00,"[{"name": "Vừa", "variant_id": 59, "price_adjustment": 0}]","Ít đá"
476,328,3,1,55000.00,55000.00,"[{"name": "Vừa", "variant_id": 59, "price_adjustment": 0}]","NULL"
477,329,15,1,59000.00,59000.00,"[{"name": "Vừa", "variant_id": 59, "price_adjustment": 0}]","NULL"
478,329,58,1,29000.00,29000.00,"[{"name": "Vừa", "variant_id": 59, "price_adjustment": 0}]","NULL"
479,330,30,2,49000.00,98000.00,"[{"name": "Vừa", "variant_id": 59, "price_adjustment": 0}]","NULL"
480,331,31,1,55000.00,55000.00,"[{"name": "Vừa", "variant_id": 59, "price_adjustment": 0}]","NULL"
481,332,28,2,49000.00,98000.00,"[{"name": "Vừa", "variant_id": 59, "price_adjustment": 0}]","Ít đá"
482,333,2,2,49000.00,98000.00,"[{"name": "Vừa", "variant_id": 59, "price_adjustment": 0}]","NULL"
483,333,61,2,19000.00,38000.00,NULL,"NULL"
484,334,45,2,55000.00,110000.00,"[{"name": "Vừa", "variant_id": 59, "price_adjustment": 0}]","NULL"
485,335,11,1,45000.00,45000.00,"[{"name": "Vừa", "variant_id": 59, "price_adjustment": 0}]","NULL"
486,336,37,2,59000.00,118000.00,"[{"name": "Vừa", "variant_id": 59, "price_adjustment": 0}]","NULL"
487,336,50,2,20000.00,40000.00,"[{"name": "Vừa", "variant_id": 59, "price_adjustment": 0}]","NULL"
488,337,6,2,69000.00,138000.00,"[{"name": "Vừa", "variant_id": 59, "price_adjustment": 0}]","Ít đường"
489,338,35,2,59000.00,118000.00,"[{"name": "Vừa", "variant_id": 59, "price_adjustment": 0}]","Ít đá"
490,339,35,1,59000.00,59000.00,NULL,"Ít đường"
491,339,49,2,55000.00,110000.00,"[{"name": "Vừa", "variant_id": 59, "price_adjustment": 0}]","NULL"
492,339,1,2,45000.00,90000.00,NULL,"NULL"
493,340,19,2,45000.00,90000.00,"[{"name": "Vừa", "variant_id": 59, "price_adjustment": 0}]","NULL"
494,341,4,2,55000.00,110000.00,NULL,"NULL"
495,341,56,1,35000.00,35000.00,"[{"name": "Vừa", "variant_id": 59, "price_adjustment": 0}]","Ít đường"
496,341,46,1,55000.00,55000.00,"[{"name": "Vừa", "variant_id": 59, "price_adjustment": 0}]","Ít đường"
497,342,24,1,39000.00,39000.00,NULL,"NULL"
498,343,14,1,49000.00,49000.00,NULL,"NULL"
499,344,25,2,39000.00,78000.00,NULL,"NULL"
500,345,27,1,45000.00,45000.00,NULL,"Ít đường"
501,346,26,2,39000.00,78000.00,NULL,"NULL"
502,347,12,2,59000.00,118000.00,NULL,"NULL"
503,348,16,1,59000.00,59000.00,"[{"name": "Vừa", "variant_id": 59, "price_adjustment": 0}]","NULL"
504,349,4,2,55000.00,110000.00,"[{"name": "Vừa", "variant_id": 59, "price_adjustment": 0}]","NULL"
505,350,4,1,55000.00,55000.00,NULL,"NULL"
506,350,60,1,22000.00,22000.00,"[{"name": "Vừa", "variant_id": 59, "price_adjustment": 0}]","NULL"
507,351,46,2,55000.00,110000.00,"[{"name": "Vừa", "variant_id": 59, "price_adjustment": 0}]","NULL"
508,352,6,2,69000.00,138000.00,"[{"name": "Vừa", "variant_id": 59, "price_adjustment": 0}]","NULL"
509,353,40,2,55000.00,110000.00,"[{"name": "Vừa", "variant_id": 59, "price_adjustment": 0}]","NULL"
510,353,53,1,19000.00,19000.00,NULL,"NULL"
511,354,22,2,39000.00,78000.00,"[{"name": "Vừa", "variant_id": 59, "price_adjustment": 0}]","NULL"
512,355,15,2,59000.00,118000.00,NULL,"NULL"
513,356,34,1,49000.00,49000.00,"[{"name": "Vừa", "variant_id": 59, "price_adjustment": 0}]","NULL"
514,356,49,1,55000.00,55000.00,"[{"name": "Vừa", "variant_id": 59, "price_adjustment": 0}]","NULL"
515,357,7,2,39000.00,78000.00,"[{"name": "Vừa", "variant_id": 59, "price_adjustment": 0}]","NULL"
516,358,30,1,49000.00,49000.00,NULL,"Nhiều đá"
517,359,21,2,39000.00,78000.00,"[{"name": "Vừa", "variant_id": 59, "price_adjustment": 0}]","NULL"
518,360,13,2,55000.00,110000.00,"[{"name": "Vừa", "variant_id": 59, "price_adjustment": 0}]","Ít đường"
519,361,33,1,55000.00,55000.00,NULL,"Ít đá"
520,361,63,1,39000.00,39000.00,"[{"name": "Vừa", "variant_id": 59, "price_adjustment": 0}]","NULL"
521,362,46,1,55000.00,55000.00,"[{"name": "Vừa", "variant_id": 59, "price_adjustment": 0}]","Nhiều đá"
522,362,55,1,19000.00,19000.00,"[{"name": "Vừa", "variant_id": 59, "price_adjustment": 0}]","NULL"
523,363,11,2,45000.00,90000.00,"[{"name": "Vừa", "variant_id": 59, "price_adjustment": 0}]","NULL"
524,364,10,2,49000.00,98000.00,"[{"name": "Vừa", "variant_id": 59, "price_adjustment": 0}]","NULL"
525,365,6,1,69000.00,69000.00,"[{"name": "Vừa", "variant_id": 59, "price_adjustment": 0}]","NULL"
526,366,46,2,55000.00,110000.00,NULL,"NULL"
527,367,6,2,69000.00,138000.00,NULL,"NULL"
528,367,59,1,22000.00,22000.00,"[{"name": "Vừa", "variant_id": 59, "price_adjustment": 0}]","NULL"
529,368,26,1,39000.00,39000.00,NULL,"NULL"
530,368,10,2,49000.00,98000.00,"[{"name": "Vừa", "variant_id": 59, "price_adjustment": 0}]","NULL"
531,369,30,2,49000.00,98000.00,"[{"name": "Vừa", "variant_id": 59, "price_adjustment": 0}]","NULL"
532,369,56,1,35000.00,35000.00,NULL,"NULL"
533,369,22,2,39000.00,78000.00,"[{"name": "Vừa", "variant_id": 59, "price_adjustment": 0}]","NULL"
534,370,29,1,45000.00,45000.00,"[{"name": "Vừa", "variant_id": 59, "price_adjustment": 0}]","Ít đường"
535,370,50,2,20000.00,40000.00,"[{"name": "Vừa", "variant_id": 59, "price_adjustment": 0}]","NULL"
536,371,6,2,69000.00,138000.00,NULL,"Ít đá"
537,372,45,1,55000.00,55000.00,"[{"name": "Vừa", "variant_id": 59, "price_adjustment": 0}]","Ít đường"
538,373,3,1,55000.00,55000.00,"[{"name": "Vừa", "variant_id": 59, "price_adjustment": 0}]","NULL"
539,373,58,2,29000.00,58000.00,"[{"name": "Vừa", "variant_id": 59, "price_adjustment": 0}]","NULL"
540,374,7,2,39000.00,78000.00,"[{"name": "Vừa", "variant_id": 59, "price_adjustment": 0}]","NULL"
541,375,24,2,39000.00,78000.00,"[{"name": "Vừa", "variant_id": 59, "price_adjustment": 0}]","NULL"
542,376,8,2,49000.00,98000.00,NULL,"NULL"
543,377,45,1,55000.00,55000.00,"[{"name": "Vừa", "variant_id": 59, "price_adjustment": 0}]","NULL"
544,378,2,1,49000.00,49000.00,NULL,"NULL"
545,378,62,2,39000.00,78000.00,"[{"name": "Vừa", "variant_id": 59, "price_adjustment": 0}]","NULL"
546,379,21,2,39000.00,78000.00,NULL,"NULL"
547,380,24,1,39000.00,39000.00,"[{"name": "Vừa", "variant_id": 59, "price_adjustment": 0}]","NULL"
548,380,54,2,19000.00,38000.00,"[{"name": "Vừa", "variant_id": 59, "price_adjustment": 0}]","NULL"
549,381,46,2,55000.00,110000.00,NULL,"NULL"
550,381,62,2,39000.00,78000.00,"[{"name": "Vừa", "variant_id": 59, "price_adjustment": 0}]","NULL"
551,382,14,2,49000.00,98000.00,"[{"name": "Vừa", "variant_id": 59, "price_adjustment": 0}]","NULL"
552,383,32,1,55000.00,55000.00,NULL,"Nhiều đá"
553,384,43,1,55000.00,55000.00,"[{"name": "Vừa", "variant_id": 59, "price_adjustment": 0}]","NULL"
554,384,49,1,55000.00,55000.00,NULL,"Ít đường"
555,385,16,2,59000.00,118000.00,NULL,"NULL"
556,385,60,1,22000.00,22000.00,"[{"name": "Vừa", "variant_id": 59, "price_adjustment": 0}]","NULL"
557,386,32,2,55000.00,110000.00,"[{"name": "Vừa", "variant_id": 59, "price_adjustment": 0}]","NULL"
558,386,53,1,19000.00,19000.00,NULL,"NULL"
559,387,16,2,59000.00,118000.00,NULL,"Nhiều đá"
560,388,16,1,59000.00,59000.00,"[{"name": "Vừa", "variant_id": 59, "price_adjustment": 0}]","Ít đường"
561,389,42,1,55000.00,55000.00,"[{"name": "Vừa", "variant_id": 59, "price_adjustment": 0}]","NULL"
562,390,4,2,55000.00,110000.00,NULL,"NULL"
563,390,62,1,39000.00,39000.00,"[{"name": "Vừa", "variant_id": 59, "price_adjustment": 0}]","NULL"
564,391,8,2,49000.00,98000.00,NULL,"Ít đường"
565,392,19,2,45000.00,90000.00,NULL,"NULL"
566,392,51,2,19000.00,38000.00,"[{"name": "Vừa", "variant_id": 59, "price_adjustment": 0}]","NULL"
567,393,29,2,45000.00,90000.00,"[{"name": "Vừa", "variant_id": 59, "price_adjustment": 0}]","NULL"
568,394,15,1,59000.00,59000.00,NULL,"Ít đá"
569,394,62,2,39000.00,78000.00,NULL,"NULL"
570,395,7,1,39000.00,39000.00,"[{"name": "Vừa", "variant_id": 59, "price_adjustment": 0}]","Ít đá"
571,396,19,1,45000.00,45000.00,"[{"name": "Vừa", "variant_id": 59, "price_adjustment": 0}]","NULL"
572,397,6,1,69000.00,69000.00,"[{"name": "Vừa", "variant_id": 59, "price_adjustment": 0}]","Nhiều đá"
573,398,7,1,39000.00,39000.00,"[{"name": "Vừa", "variant_id": 59, "price_adjustment": 0}]","Ít đá"
574,399,11,1,45000.00,45000.00,"[{"name": "Vừa", "variant_id": 59, "price_adjustment": 0}]","Ít đá"
575,400,36,1,49000.00,49000.00,NULL,"Ít đá"
576,401,6,2,69000.00,138000.00,"[{"name": "Vừa", "variant_id": 59, "price_adjustment": 0}]","NULL"
577,402,39,1,55000.00,55000.00,NULL,"NULL"
578,402,60,2,22000.00,44000.00,NULL,"NULL"
579,403,5,1,65000.00,65000.00,"[{"name": "Vừa", "variant_id": 59, "price_adjustment": 0}]","Nhiều đá"
580,404,28,1,49000.00,49000.00,"[{"name": "Vừa", "variant_id": 59, "price_adjustment": 0}]","NULL"
581,404,56,2,35000.00,70000.00,"[{"name": "Vừa", "variant_id": 59, "price_adjustment": 0}]","NULL"
582,405,1,2,45000.00,90000.00,"[{"name": "Vừa", "variant_id": 59, "price_adjustment": 0}]","NULL"
583,405,61,1,19000.00,19000.00,"[{"name": "Vừa", "variant_id": 59, "price_adjustment": 0}]","NULL"
584,406,46,1,55000.00,55000.00,"[{"name": "Vừa", "variant_id": 59, "price_adjustment": 0}]","NULL"
585,406,60,1,22000.00,22000.00,"[{"name": "Vừa", "variant_id": 59, "price_adjustment": 0}]","Nhiều đá"
586,407,12,2,59000.00,118000.00,"[{"name": "Vừa", "variant_id": 59, "price_adjustment": 0}]","NULL"
587,408,39,2,55000.00,110000.00,"[{"name": "Vừa", "variant_id": 59, "price_adjustment": 0}]","NULL"
588,409,7,2,39000.00,78000.00,NULL,"NULL"
589,409,62,2,39000.00,78000.00,"[{"name": "Vừa", "variant_id": 59, "price_adjustment": 0}]","NULL"
590,410,27,1,45000.00,45000.00,"[{"name": "Vừa", "variant_id": 59, "price_adjustment": 0}]","NULL"
591,411,31,2,55000.00,110000.00,NULL,"NULL"
592,411,57,2,39000.00,78000.00,NULL,"NULL"
593,412,26,1,39000.00,39000.00,"[{"name": "Vừa", "variant_id": 59, "price_adjustment": 0}]","NULL"
594,413,16,2,59000.00,118000.00,"[{"name": "Vừa", "variant_id": 59, "price_adjustment": 0}]","NULL"
595,414,1,2,45000.00,90000.00,"[{"name": "Vừa", "variant_id": 59, "price_adjustment": 0}]","Ít đường"
596,414,50,1,20000.00,20000.00,NULL,"NULL"
597,415,23,2,39000.00,78000.00,"[{"name": "Vừa", "variant_id": 59, "price_adjustment": 0}]","NULL"
598,416,40,2,55000.00,110000.00,"[{"name": "Vừa", "variant_id": 59, "price_adjustment": 0}]","NULL"
599,417,46,1,55000.00,55000.00,"[{"name": "Vừa", "variant_id": 59, "price_adjustment": 0}]","NULL"
600,418,36,1,49000.00,49000.00,"[{"name": "Vừa", "variant_id": 59, "price_adjustment": 0}]","NULL"
601,419,11,1,45000.00,45000.00,"[{"name": "Vừa", "variant_id": 59, "price_adjustment": 0}]","NULL"
602,419,61,2,19000.00,38000.00,"[{"name": "Vừa", "variant_id": 59, "price_adjustment": 0}]","NULL"
603,420,2,1,49000.00,49000.00,"[{"name": "Vừa", "variant_id": 59, "price_adjustment": 0}]","Ít đường"
604,421,38,2,49000.00,98000.00,NULL,"Nhiều đá"
605,421,61,2,19000.00,38000.00,"[{"name": "Vừa", "variant_id": 59, "price_adjustment": 0}]","NULL"
606,422,37,1,59000.00,59000.00,"[{"name": "Vừa", "variant_id": 59, "price_adjustment": 0}]","Nhiều đá"
607,423,45,1,55000.00,55000.00,"[{"name": "Vừa", "variant_id": 59, "price_adjustment": 0}]","Ít đá"
608,423,47,2,35000.00,70000.00,"[{"name": "Vừa", "variant_id": 59, "price_adjustment": 0}]","NULL"
609,424,39,1,55000.00,55000.00,"[{"name": "Vừa", "variant_id": 59, "price_adjustment": 0}]","NULL"
610,425,30,1,49000.00,49000.00,"[{"name": "Vừa", "variant_id": 59, "price_adjustment": 0}]","NULL"
611,426,4,2,55000.00,110000.00,"[{"name": "Vừa", "variant_id": 59, "price_adjustment": 0}]","NULL"
612,427,26,1,39000.00,39000.00,NULL,"NULL"
613,427,65,2,59000.00,118000.00,NULL,"NULL"
614,428,30,1,49000.00,49000.00,"[{"name": "Vừa", "variant_id": 59, "price_adjustment": 0}]","NULL"
615,429,1,1,45000.00,45000.00,"[{"name": "Vừa", "variant_id": 59, "price_adjustment": 0}]","Nhiều đá"
616,429,59,1,22000.00,22000.00,"[{"name": "Vừa", "variant_id": 59, "price_adjustment": 0}]","NULL"
617,430,8,2,49000.00,98000.00,"[{"name": "Vừa", "variant_id": 59, "price_adjustment": 0}]","Ít đá"
618,430,62,1,39000.00,39000.00,"[{"name": "Vừa", "variant_id": 59, "price_adjustment": 0}]","NULL"
619,431,4,2,55000.00,110000.00,"[{"name": "Vừa", "variant_id": 59, "price_adjustment": 0}]","Nhiều đá"
620,432,46,2,55000.00,110000.00,"[{"name": "Vừa", "variant_id": 59, "price_adjustment": 0}]","Nhiều đá"
621,433,38,1,49000.00,49000.00,NULL,"Ít đá"
622,434,46,2,55000.00,110000.00,NULL,"NULL"
623,435,15,1,59000.00,59000.00,NULL,"NULL"
624,435,58,1,29000.00,29000.00,"[{"name": "Vừa", "variant_id": 59, "price_adjustment": 0}]","NULL"
625,436,14,2,49000.00,98000.00,"[{"name": "Vừa", "variant_id": 59, "price_adjustment": 0}]","NULL"
626,437,19,1,45000.00,45000.00,"[{"name": "Vừa", "variant_id": 59, "price_adjustment": 0}]","NULL"
627,438,45,2,55000.00,110000.00,NULL,"NULL"
628,438,63,1,39000.00,39000.00,NULL,"NULL"
629,439,19,2,45000.00,90000.00,"[{"name": "Vừa", "variant_id": 59, "price_adjustment": 0}]","NULL"
630,440,46,2,55000.00,110000.00,"[{"name": "Vừa", "variant_id": 59, "price_adjustment": 0}]","NULL"
631,440,57,2,39000.00,78000.00,"[{"name": "Vừa", "variant_id": 59, "price_adjustment": 0}]","NULL"
632,440,19,2,45000.00,90000.00,"[{"name": "Vừa", "variant_id": 59, "price_adjustment": 0}]","NULL"
633,441,29,1,45000.00,45000.00,"[{"name": "Vừa", "variant_id": 59, "price_adjustment": 0}]","NULL"
634,441,57,2,39000.00,78000.00,NULL,"NULL"
635,442,16,2,59000.00,118000.00,"[{"name": "Vừa", "variant_id": 59, "price_adjustment": 0}]","NULL"
636,442,57,1,39000.00,39000.00,"[{"name": "Vừa", "variant_id": 59, "price_adjustment": 0}]","NULL"
637,442,24,2,39000.00,78000.00,"[{"name": "Vừa", "variant_id": 59, "price_adjustment": 0}]","Ít đá"
638,443,46,1,55000.00,55000.00,"[{"name": "Vừa", "variant_id": 59, "price_adjustment": 0}]","NULL"
639,443,59,1,22000.00,22000.00,NULL,"Ít đường"
640,444,16,1,59000.00,59000.00,NULL,"Ít đường"
641,444,55,2,19000.00,38000.00,"[{"name": "Vừa", "variant_id": 59, "price_adjustment": 0}]","NULL"
642,445,21,2,39000.00,78000.00,NULL,"NULL"
643,446,23,2,39000.00,78000.00,NULL,"NULL"
644,447,8,1,49000.00,49000.00,"[{"name": "Vừa", "variant_id": 59, "price_adjustment": 0}]","NULL"
645,448,23,2,39000.00,78000.00,"[{"name": "Vừa", "variant_id": 59, "price_adjustment": 0}]","NULL"
646,448,52,1,19000.00,19000.00,NULL,"NULL"
647,449,45,1,55000.00,55000.00,"[{"name": "Vừa", "variant_id": 59, "price_adjustment": 0}]","NULL"
648,449,62,2,39000.00,78000.00,NULL,"Ít đường"
649,450,46,2,55000.00,110000.00,"[{"name": "Vừa", "variant_id": 59, "price_adjustment": 0}]","NULL"
650,451,30,2,49000.00,98000.00,NULL,"NULL"
651,452,34,1,49000.00,49000.00,NULL,"NULL"
652,452,53,2,19000.00,38000.00,"[{"name": "Vừa", "variant_id": 59, "price_adjustment": 0}]","NULL"
653,453,25,2,39000.00,78000.00,"[{"name": "Vừa", "variant_id": 59, "price_adjustment": 0}]","NULL"
654,453,57,2,39000.00,78000.00,"[{"name": "Vừa", "variant_id": 59, "price_adjustment": 0}]","NULL"
655,454,5,1,65000.00,65000.00,NULL,"NULL"
656,455,35,1,59000.00,59000.00,"[{"name": "Vừa", "variant_id": 59, "price_adjustment": 0}]","NULL"
657,455,62,1,39000.00,39000.00,NULL,"NULL"
658,456,46,2,55000.00,110000.00,"[{"name": "Vừa", "variant_id": 59, "price_adjustment": 0}]","NULL"
659,457,6,1,69000.00,69000.00,NULL,"NULL"
660,458,29,2,45000.00,90000.00,"[{"name": "Vừa", "variant_id": 59, "price_adjustment": 0}]","NULL"
661,459,16,2,59000.00,118000.00,"[{"name": "Vừa", "variant_id": 59, "price_adjustment": 0}]","NULL"
662,460,22,2,39000.00,78000.00,NULL,"NULL"
663,460,53,2,19000.00,38000.00,"[{"name": "Vừa", "variant_id": 59, "price_adjustment": 0}]","NULL"
664,461,46,1,55000.00,55000.00,NULL,"NULL"
665,462,16,2,59000.00,118000.00,NULL,"Nhiều đá"
666,463,30,2,49000.00,98000.00,"[{"name": "Vừa", "variant_id": 59, "price_adjustment": 0}]","NULL"
667,464,16,1,59000.00,59000.00,"[{"name": "Vừa", "variant_id": 59, "price_adjustment": 0}]","NULL"
668,465,29,1,45000.00,45000.00,"[{"name": "Vừa", "variant_id": 59, "price_adjustment": 0}]","NULL"
669,466,13,1,55000.00,55000.00,"[{"name": "Vừa", "variant_id": 59, "price_adjustment": 0}]","NULL"
670,467,37,2,59000.00,118000.00,NULL,"NULL"
671,467,58,2,29000.00,58000.00,"[{"name": "Vừa", "variant_id": 59, "price_adjustment": 0}]","NULL"
672,468,1,2,45000.00,90000.00,"[{"name": "Vừa", "variant_id": 59, "price_adjustment": 0}]","NULL"
673,469,6,2,69000.00,138000.00,"[{"name": "Vừa", "variant_id": 59, "price_adjustment": 0}]","Ít đá"
674,470,45,2,55000.00,110000.00,"[{"name": "Vừa", "variant_id": 59, "price_adjustment": 0}]","NULL"
675,471,16,1,59000.00,59000.00,"[{"name": "Vừa", "variant_id": 59, "price_adjustment": 0}]","NULL"
676,472,33,2,55000.00,110000.00,"[{"name": "Vừa", "variant_id": 59, "price_adjustment": 0}]","NULL"
677,473,15,1,59000.00,59000.00,"[{"name": "Vừa", "variant_id": 59, "price_adjustment": 0}]","NULL"
678,473,48,2,55000.00,110000.00,NULL,"Ít đường"
679,474,46,1,55000.00,55000.00,"[{"name": "Vừa", "variant_id": 59, "price_adjustment": 0}]","Ít đá"
680,475,7,1,39000.00,39000.00,"[{"name": "Vừa", "variant_id": 59, "price_adjustment": 0}]","NULL"
681,476,1,1,45000.00,45000.00,NULL,"NULL"
682,477,10,2,49000.00,98000.00,"[{"name": "Vừa", "variant_id": 59, "price_adjustment": 0}]","NULL"
683,478,22,2,39000.00,78000.00,"[{"name": "Vừa", "variant_id": 59, "price_adjustment": 0}]","NULL"
684,478,4,2,55000.00,110000.00,"[{"name": "Vừa", "variant_id": 59, "price_adjustment": 0}]","Ít đá"
685,479,20,2,45000.00,90000.00,"[{"name": "Vừa", "variant_id": 59, "price_adjustment": 0}]","Nhiều đá"
686,479,33,2,55000.00,110000.00,"[{"name": "Vừa", "variant_id": 59, "price_adjustment": 0}]","NULL"
687,480,17,1,65000.00,65000.00,"[{"name": "Vừa", "variant_id": 59, "price_adjustment": 0}]","Ít đường"
688,481,17,1,65000.00,65000.00,"[{"name": "Vừa", "variant_id": 59, "price_adjustment": 0}]","Ít đường"
689,482,33,2,55000.00,110000.00,NULL,"NULL"
690,483,29,2,45000.00,90000.00,"[{"name": "Vừa", "variant_id": 59, "price_adjustment": 0}]","NULL"
691,484,27,2,45000.00,90000.00,"[{"name": "Vừa", "variant_id": 59, "price_adjustment": 0}]","NULL"
692,485,28,1,49000.00,49000.00,NULL,"NULL"
693,485,60,2,22000.00,44000.00,"[{"name": "Vừa", "variant_id": 59, "price_adjustment": 0}]","NULL"
694,486,36,1,49000.00,49000.00,NULL,"NULL"
695,486,63,1,39000.00,39000.00,"[{"name": "Vừa", "variant_id": 59, "price_adjustment": 0}]","Ít đường"
696,487,46,1,55000.00,55000.00,NULL,"NULL"
697,488,1,2,45000.00,90000.00,"[{"name": "Vừa", "variant_id": 59, "price_adjustment": 0}]","NULL"
698,488,60,2,22000.00,44000.00,"[{"name": "Vừa", "variant_id": 59, "price_adjustment": 0}]","NULL"
699,489,24,2,39000.00,78000.00,"[{"name": "Vừa", "variant_id": 59, "price_adjustment": 0}]","NULL"
700,490,38,2,49000.00,98000.00,"[{"name": "Vừa", "variant_id": 59, "price_adjustment": 0}]","NULL"
701,491,15,2,59000.00,118000.00,"[{"name": "Vừa", "variant_id": 59, "price_adjustment": 0}]","NULL"
702,492,38,2,49000.00,98000.00,NULL,"NULL"
703,492,59,2,22000.00,44000.00,"[{"name": "Vừa", "variant_id": 59, "price_adjustment": 0}]","NULL"
704,493,16,1,59000.00,59000.00,NULL,"Ít đá"
705,493,53,1,19000.00,19000.00,"[{"name": "Vừa", "variant_id": 59, "price_adjustment": 0}]","NULL"
706,494,45,2,55000.00,110000.00,"[{"name": "Vừa", "variant_id": 59, "price_adjustment": 0}]","NULL"
707,495,30,2,49000.00,98000.00,"[{"name": "Vừa", "variant_id": 59, "price_adjustment": 0}]","NULL"
708,495,63,2,39000.00,78000.00,NULL,"NULL"
709,496,38,2,49000.00,98000.00,"[{"name": "Vừa", "variant_id": 59, "price_adjustment": 0}]","NULL"
710,497,34,1,49000.00,49000.00,"[{"name": "Vừa", "variant_id": 59, "price_adjustment": 0}]","NULL"
711,498,44,1,39000.00,39000.00,"[{"name": "Vừa", "variant_id": 59, "price_adjustment": 0}]","NULL"
712,499,24,1,39000.00,39000.00,"[{"name": "Vừa", "variant_id": 59, "price_adjustment": 0}]","Ít đường"
713,500,19,2,45000.00,90000.00,"[{"name": "Vừa", "variant_id": 59, "price_adjustment": 0}]","NULL"
714,501,28,1,49000.00,49000.00,"[{"name": "Vừa", "variant_id": 59, "price_adjustment": 0}]","NULL"
715,501,50,2,20000.00,40000.00,"[{"name": "Vừa", "variant_id": 59, "price_adjustment": 0}]","NULL"
716,502,17,2,65000.00,130000.00,"[{"name": "Vừa", "variant_id": 59, "price_adjustment": 0}]","NULL"
717,503,23,2,39000.00,78000.00,NULL,"Nhiều đá"
718,503,6,2,69000.00,138000.00,"[{"name": "Vừa", "variant_id": 59, "price_adjustment": 0}]","NULL"
719,504,27,1,45000.00,45000.00,"[{"name": "Vừa", "variant_id": 59, "price_adjustment": 0}]","Ít đá"
720,505,40,2,55000.00,110000.00,NULL,"Ít đường"
721,505,60,1,22000.00,22000.00,"[{"name": "Vừa", "variant_id": 59, "price_adjustment": 0}]","NULL"
722,506,44,1,39000.00,39000.00,"[{"name": "Vừa", "variant_id": 59, "price_adjustment": 0}]","NULL"
723,506,49,1,55000.00,55000.00,"[{"name": "Vừa", "variant_id": 59, "price_adjustment": 0}]","NULL"
724,507,4,1,55000.00,55000.00,NULL,"NULL"
725,507,45,2,55000.00,110000.00,"[{"name": "Vừa", "variant_id": 59, "price_adjustment": 0}]","Ít đường"
726,508,26,2,39000.00,78000.00,"[{"name": "Vừa", "variant_id": 59, "price_adjustment": 0}]","NULL"
727,508,52,1,19000.00,19000.00,NULL,"NULL"
728,509,2,1,49000.00,49000.00,"[{"name": "Vừa", "variant_id": 59, "price_adjustment": 0}]","NULL"
729,510,29,2,45000.00,90000.00,NULL,"NULL"
730,510,20,2,45000.00,90000.00,"[{"name": "Vừa", "variant_id": 59, "price_adjustment": 0}]","NULL"
731,511,24,2,39000.00,78000.00,"[{"name": "Vừa", "variant_id": 59, "price_adjustment": 0}]","Ít đường"
732,511,48,1,55000.00,55000.00,"[{"name": "Vừa", "variant_id": 59, "price_adjustment": 0}]","NULL"
733,512,44,1,39000.00,39000.00,"[{"name": "Vừa", "variant_id": 59, "price_adjustment": 0}]","NULL"
734,512,53,1,19000.00,19000.00,"[{"name": "Vừa", "variant_id": 59, "price_adjustment": 0}]","NULL"
735,513,1,2,45000.00,90000.00,"[{"name": "Vừa", "variant_id": 59, "price_adjustment": 0}]","NULL"
736,514,23,2,39000.00,78000.00,NULL,"NULL"
737,515,11,2,45000.00,90000.00,"[{"name": "Vừa", "variant_id": 59, "price_adjustment": 0}]","Ít đá"
738,516,39,1,55000.00,55000.00,NULL,"Ít đá"
739,517,18,1,65000.00,65000.00,NULL,"NULL"
740,518,11,1,45000.00,45000.00,NULL,"NULL"
741,518,60,2,22000.00,44000.00,NULL,"NULL"
742,518,9,1,49000.00,49000.00,"[{"name": "Vừa", "variant_id": 59, "price_adjustment": 0}]","NULL"
743,519,6,2,69000.00,138000.00,"[{"name": "Vừa", "variant_id": 59, "price_adjustment": 0}]","Ít đá"
744,519,50,2,20000.00,40000.00,"[{"name": "Vừa", "variant_id": 59, "price_adjustment": 0}]","NULL"
745,520,11,2,45000.00,90000.00,NULL,"NULL"
746,520,51,2,19000.00,38000.00,"[{"name": "Vừa", "variant_id": 59, "price_adjustment": 0}]","Ít đường"
747,521,7,2,39000.00,78000.00,NULL,"Nhiều đá"
748,521,61,2,19000.00,38000.00,"[{"name": "Vừa", "variant_id": 59, "price_adjustment": 0}]","NULL"
749,521,69,2,49000.00,98000.00,"[{"name": "Vừa", "variant_id": 59, "price_adjustment": 0}]","Ít đường"
750,522,26,2,39000.00,78000.00,NULL,"NULL"
751,523,5,2,65000.00,130000.00,"[{"name": "Vừa", "variant_id": 59, "price_adjustment": 0}]","NULL"
752,524,43,2,55000.00,110000.00,"[{"name": "Vừa", "variant_id": 59, "price_adjustment": 0}]","NULL"
753,525,45,2,55000.00,110000.00,NULL,"NULL"
754,525,54,1,19000.00,19000.00,"[{"name": "Vừa", "variant_id": 59, "price_adjustment": 0}]","NULL"
755,526,4,2,55000.00,110000.00,NULL,"NULL"
756,527,1,2,45000.00,90000.00,NULL,"NULL"
757,527,53,2,19000.00,38000.00,NULL,"Ít đá"
758,528,4,2,55000.00,110000.00,"[{"name": "Vừa", "variant_id": 59, "price_adjustment": 0}]","Nhiều đá"
759,528,58,1,29000.00,29000.00,"[{"name": "Vừa", "variant_id": 59, "price_adjustment": 0}]","NULL"
760,529,19,2,45000.00,90000.00,"[{"name": "Vừa", "variant_id": 59, "price_adjustment": 0}]","NULL"
761,530,45,2,55000.00,110000.00,NULL,"NULL"
762,531,2,1,49000.00,49000.00,"[{"name": "Vừa", "variant_id": 59, "price_adjustment": 0}]","NULL"
763,532,9,1,49000.00,49000.00,"[{"name": "Vừa", "variant_id": 59, "price_adjustment": 0}]","NULL"
764,532,56,2,35000.00,70000.00,"[{"name": "Vừa", "variant_id": 59, "price_adjustment": 0}]","NULL"
765,533,3,2,55000.00,110000.00,"[{"name": "Vừa", "variant_id": 59, "price_adjustment": 0}]","NULL"
766,534,38,1,49000.00,49000.00,"[{"name": "Vừa", "variant_id": 59, "price_adjustment": 0}]","NULL"
767,534,48,2,55000.00,110000.00,NULL,"Ít đá"
768,535,8,2,49000.00,98000.00,"[{"name": "Vừa", "variant_id": 59, "price_adjustment": 0}]","NULL"
769,536,1,2,45000.00,90000.00,NULL,"NULL"
770,537,23,2,39000.00,78000.00,"[{"name": "Vừa", "variant_id": 59, "price_adjustment": 0}]","NULL"
771,537,48,1,55000.00,55000.00,"[{"name": "Vừa", "variant_id": 59, "price_adjustment": 0}]","NULL"
772,537,16,2,59000.00,118000.00,NULL,"NULL"
773,538,12,2,59000.00,118000.00,"[{"name": "Vừa", "variant_id": 59, "price_adjustment": 0}]","Ít đường"
774,539,46,1,55000.00,55000.00,"[{"name": "Vừa", "variant_id": 59, "price_adjustment": 0}]","Ít đá"
775,540,38,2,49000.00,98000.00,"[{"name": "Vừa", "variant_id": 59, "price_adjustment": 0}]","NULL"
776,541,24,1,39000.00,39000.00,"[{"name": "Vừa", "variant_id": 59, "price_adjustment": 0}]","NULL"
777,541,59,2,22000.00,44000.00,"[{"name": "Vừa", "variant_id": 59, "price_adjustment": 0}]","Ít đường"
778,541,18,2,65000.00,130000.00,"[{"name": "Vừa", "variant_id": 59, "price_adjustment": 0}]","NULL"
779,542,24,2,39000.00,78000.00,NULL,"NULL"
780,542,63,2,39000.00,78000.00,"[{"name": "Vừa", "variant_id": 59, "price_adjustment": 0}]","NULL"
781,543,10,2,49000.00,98000.00,"[{"name": "Vừa", "variant_id": 59, "price_adjustment": 0}]","NULL"
782,543,50,2,20000.00,40000.00,"[{"name": "Vừa", "variant_id": 59, "price_adjustment": 0}]","NULL"
783,544,45,1,55000.00,55000.00,"[{"name": "Vừa", "variant_id": 59, "price_adjustment": 0}]","Ít đá"
784,544,63,1,39000.00,39000.00,"[{"name": "Vừa", "variant_id": 59, "price_adjustment": 0}]","NULL"
785,545,46,1,55000.00,55000.00,"[{"name": "Vừa", "variant_id": 59, "price_adjustment": 0}]","NULL"
786,546,46,1,55000.00,55000.00,NULL,"Ít đường"
787,547,12,2,59000.00,118000.00,NULL,"Ít đường"
788,548,41,2,55000.00,110000.00,NULL,"NULL"
789,549,35,1,59000.00,59000.00,"[{"name": "Vừa", "variant_id": 59, "price_adjustment": 0}]","NULL"
790,549,61,2,19000.00,38000.00,NULL,"NULL"
791,550,8,1,49000.00,49000.00,"[{"name": "Vừa", "variant_id": 59, "price_adjustment": 0}]","Ít đá"
792,550,62,1,39000.00,39000.00,NULL,"NULL"
793,551,44,2,39000.00,78000.00,"[{"name": "Vừa", "variant_id": 59, "price_adjustment": 0}]","NULL"
794,551,61,1,19000.00,19000.00,NULL,"NULL"
795,552,23,2,39000.00,78000.00,NULL,"Ít đá"
796,552,60,2,22000.00,44000.00,"[{"name": "Vừa", "variant_id": 59, "price_adjustment": 0}]","NULL"
797,553,24,2,39000.00,78000.00,"[{"name": "Vừa", "variant_id": 59, "price_adjustment": 0}]","Nhiều đá"
798,554,23,1,39000.00,39000.00,"[{"name": "Vừa", "variant_id": 59, "price_adjustment": 0}]","Ít đường"
799,555,9,1,49000.00,49000.00,"[{"name": "Vừa", "variant_id": 59, "price_adjustment": 0}]","NULL"
800,555,61,2,19000.00,38000.00,"[{"name": "Vừa", "variant_id": 59, "price_adjustment": 0}]","NULL"
801,556,25,1,39000.00,39000.00,NULL,"Ít đường"
802,556,54,1,19000.00,19000.00,"[{"name": "Vừa", "variant_id": 59, "price_adjustment": 0}]","NULL"
803,557,45,2,55000.00,110000.00,"[{"name": "Vừa", "variant_id": 59, "price_adjustment": 0}]","NULL"
804,558,30,2,49000.00,98000.00,"[{"name": "Vừa", "variant_id": 59, "price_adjustment": 0}]","NULL"
805,558,48,2,55000.00,110000.00,NULL,"NULL"
806,559,39,2,55000.00,110000.00,NULL,"Nhiều đá"
807,560,11,1,45000.00,45000.00,"[{"name": "Vừa", "variant_id": 59, "price_adjustment": 0}]","NULL"
808,560,53,1,19000.00,19000.00,"[{"name": "Vừa", "variant_id": 59, "price_adjustment": 0}]","Nhiều đá"
809,561,29,2,45000.00,90000.00,"[{"name": "Vừa", "variant_id": 59, "price_adjustment": 0}]","NULL"
810,562,46,2,55000.00,110000.00,"[{"name": "Vừa", "variant_id": 59, "price_adjustment": 0}]","NULL"
811,563,10,2,49000.00,98000.00,"[{"name": "Vừa", "variant_id": 59, "price_adjustment": 0}]","NULL"
812,564,23,1,39000.00,39000.00,"[{"name": "Vừa", "variant_id": 59, "price_adjustment": 0}]","Nhiều đá"
813,564,58,1,29000.00,29000.00,"[{"name": "Vừa", "variant_id": 59, "price_adjustment": 0}]","NULL"
814,565,1,2,45000.00,90000.00,NULL,"Ít đường"
815,566,44,1,39000.00,39000.00,"[{"name": "Vừa", "variant_id": 59, "price_adjustment": 0}]","NULL"
816,567,19,2,45000.00,90000.00,NULL,"Ít đường"
817,568,23,1,39000.00,39000.00,"[{"name": "Vừa", "variant_id": 59, "price_adjustment": 0}]","NULL"
818,568,50,2,20000.00,40000.00,NULL,"Ít đường"
819,569,4,2,55000.00,110000.00,"[{"name": "Vừa", "variant_id": 59, "price_adjustment": 0}]","Ít đá"
820,570,16,2,59000.00,118000.00,"[{"name": "Vừa", "variant_id": 59, "price_adjustment": 0}]","Ít đá"
821,571,38,2,49000.00,98000.00,NULL,"Nhiều đá"
822,571,53,2,19000.00,38000.00,"[{"name": "Vừa", "variant_id": 59, "price_adjustment": 0}]","NULL"
823,572,43,2,55000.00,110000.00,"[{"name": "Vừa", "variant_id": 59, "price_adjustment": 0}]","Nhiều đá"
824,572,58,1,29000.00,29000.00,NULL,"NULL"
825,572,7,2,39000.00,78000.00,"[{"name": "Vừa", "variant_id": 59, "price_adjustment": 0}]","NULL"
826,573,35,1,59000.00,59000.00,"[{"name": "Vừa", "variant_id": 59, "price_adjustment": 0}]","NULL"
827,574,11,1,45000.00,45000.00,"[{"name": "Vừa", "variant_id": 59, "price_adjustment": 0}]","NULL"
828,575,20,1,45000.00,45000.00,NULL,"NULL"
829,576,20,2,45000.00,90000.00,"[{"name": "Vừa", "variant_id": 59, "price_adjustment": 0}]","NULL"
830,577,24,2,39000.00,78000.00,NULL,"NULL"
831,578,22,2,39000.00,78000.00,NULL,"NULL"
832,578,62,2,39000.00,78000.00,"[{"name": "Vừa", "variant_id": 59, "price_adjustment": 0}]","NULL"
833,579,30,1,49000.00,49000.00,"[{"name": "Vừa", "variant_id": 59, "price_adjustment": 0}]","NULL"
834,579,49,1,55000.00,55000.00,NULL,"NULL"
835,580,33,2,55000.00,110000.00,"[{"name": "Vừa", "variant_id": 59, "price_adjustment": 0}]","NULL"
836,581,28,2,49000.00,98000.00,NULL,"NULL"
837,582,15,1,59000.00,59000.00,"[{"name": "Vừa", "variant_id": 59, "price_adjustment": 0}]","NULL"
838,582,61,1,19000.00,19000.00,"[{"name": "Vừa", "variant_id": 59, "price_adjustment": 0}]","Ít đường"
839,583,15,1,59000.00,59000.00,NULL,"Ít đá"
840,584,30,1,49000.00,49000.00,NULL,"NULL"
841,585,31,1,55000.00,55000.00,"[{"name": "Vừa", "variant_id": 59, "price_adjustment": 0}]","NULL"
842,586,46,1,55000.00,55000.00,"[{"name": "Vừa", "variant_id": 59, "price_adjustment": 0}]","Nhiều đá"
843,586,31,2,55000.00,110000.00,NULL,"NULL"
844,587,46,1,55000.00,55000.00,"[{"name": "Vừa", "variant_id": 59, "price_adjustment": 0}]","NULL"
845,588,44,2,39000.00,78000.00,NULL,"NULL"
846,588,60,1,22000.00,22000.00,"[{"name": "Vừa", "variant_id": 59, "price_adjustment": 0}]","NULL"
847,589,1,2,45000.00,90000.00,"[{"name": "Vừa", "variant_id": 59, "price_adjustment": 0}]","NULL"
848,589,62,1,39000.00,39000.00,"[{"name": "Vừa", "variant_id": 59, "price_adjustment": 0}]","NULL"
849,590,24,2,39000.00,78000.00,"[{"name": "Vừa", "variant_id": 59, "price_adjustment": 0}]","NULL"
850,590,53,2,19000.00,38000.00,"[{"name": "Vừa", "variant_id": 59, "price_adjustment": 0}]","Ít đá"
851,591,18,2,65000.00,130000.00,"[{"name": "Vừa", "variant_id": 59, "price_adjustment": 0}]","NULL"
852,591,48,2,55000.00,110000.00,"[{"name": "Vừa", "variant_id": 59, "price_adjustment": 0}]","Ít đá"
853,592,35,1,59000.00,59000.00,NULL,"Ít đường"
854,592,57,1,39000.00,39000.00,"[{"name": "Vừa", "variant_id": 59, "price_adjustment": 0}]","NULL"
855,593,22,2,39000.00,78000.00,"[{"name": "Vừa", "variant_id": 59, "price_adjustment": 0}]","NULL"
856,594,18,2,65000.00,130000.00,"[{"name": "Vừa", "variant_id": 59, "price_adjustment": 0}]","NULL"
857,594,63,1,39000.00,39000.00,"[{"name": "Vừa", "variant_id": 59, "price_adjustment": 0}]","Ít đá"
858,595,30,2,49000.00,98000.00,"[{"name": "Vừa", "variant_id": 59, "price_adjustment": 0}]","NULL"
859,595,60,2,22000.00,44000.00,NULL,"Ít đường"
860,596,28,1,49000.00,49000.00,"[{"name": "Vừa", "variant_id": 59, "price_adjustment": 0}]","NULL"
861,596,57,2,39000.00,78000.00,"[{"name": "Vừa", "variant_id": 59, "price_adjustment": 0}]","NULL"
862,597,46,1,55000.00,55000.00,"[{"name": "Vừa", "variant_id": 59, "price_adjustment": 0}]","NULL"
863,598,33,2,55000.00,110000.00,NULL,"Nhiều đá"
864,599,17,1,65000.00,65000.00,"[{"name": "Vừa", "variant_id": 59, "price_adjustment": 0}]","NULL"
865,600,34,1,49000.00,49000.00,NULL,"NULL"
866,600,12,2,59000.00,118000.00,"[{"name": "Vừa", "variant_id": 59, "price_adjustment": 0}]","NULL"
867,601,45,2,55000.00,110000.00,NULL,"NULL"
868,602,32,2,55000.00,110000.00,NULL,"NULL"
869,602,58,2,29000.00,58000.00,"[{"name": "Vừa", "variant_id": 59, "price_adjustment": 0}]","NULL"
870,602,26,2,39000.00,78000.00,"[{"name": "Vừa", "variant_id": 59, "price_adjustment": 0}]","NULL"
871,603,36,1,49000.00,49000.00,NULL,"NULL"
872,603,58,2,29000.00,58000.00,"[{"name": "Vừa", "variant_id": 59, "price_adjustment": 0}]","NULL"
873,604,26,1,39000.00,39000.00,NULL,"NULL"
874,604,62,1,39000.00,39000.00,"[{"name": "Vừa", "variant_id": 59, "price_adjustment": 0}]","NULL"
875,605,21,1,39000.00,39000.00,NULL,"Ít đá"
876,606,43,2,55000.00,110000.00,"[{"name": "Vừa", "variant_id": 59, "price_adjustment": 0}]","NULL"
877,606,55,1,19000.00,19000.00,"[{"name": "Vừa", "variant_id": 59, "price_adjustment": 0}]","Ít đường"
878,607,26,2,39000.00,78000.00,"[{"name": "Vừa", "variant_id": 59, "price_adjustment": 0}]","NULL"
879,608,35,1,59000.00,59000.00,"[{"name": "Vừa", "variant_id": 59, "price_adjustment": 0}]","NULL"
880,609,22,2,39000.00,78000.00,NULL,"NULL"
881,609,56,2,35000.00,70000.00,NULL,"Ít đường"
882,610,12,1,59000.00,59000.00,"[{"name": "Vừa", "variant_id": 59, "price_adjustment": 0}]","NULL"
883,610,56,2,35000.00,70000.00,"[{"name": "Vừa", "variant_id": 59, "price_adjustment": 0}]","NULL"
884,611,1,2,45000.00,90000.00,NULL,"NULL"
885,611,47,1,35000.00,35000.00,"[{"name": "Vừa", "variant_id": 59, "price_adjustment": 0}]","NULL"
886,612,34,1,49000.00,49000.00,"[{"name": "Vừa", "variant_id": 59, "price_adjustment": 0}]","NULL"
887,613,44,2,39000.00,78000.00,"[{"name": "Vừa", "variant_id": 59, "price_adjustment": 0}]","NULL"
888,614,23,1,39000.00,39000.00,"[{"name": "Vừa", "variant_id": 59, "price_adjustment": 0}]","NULL"
889,615,43,2,55000.00,110000.00,NULL,"NULL"
890,615,8,2,49000.00,98000.00,"[{"name": "Vừa", "variant_id": 59, "price_adjustment": 0}]","NULL"
891,616,32,2,55000.00,110000.00,"[{"name": "Vừa", "variant_id": 59, "price_adjustment": 0}]","NULL"
892,617,31,2,55000.00,110000.00,NULL,"NULL"
893,618,6,2,69000.00,138000.00,NULL,"NULL"
894,618,60,2,22000.00,44000.00,"[{"name": "Vừa", "variant_id": 59, "price_adjustment": 0}]","NULL"
895,619,24,1,39000.00,39000.00,"[{"name": "Vừa", "variant_id": 59, "price_adjustment": 0}]","NULL"
896,619,59,2,22000.00,44000.00,"[{"name": "Vừa", "variant_id": 59, "price_adjustment": 0}]","NULL"
897,620,36,1,49000.00,49000.00,"[{"name": "Vừa", "variant_id": 59, "price_adjustment": 0}]","NULL"
898,621,23,2,39000.00,78000.00,"[{"name": "Vừa", "variant_id": 59, "price_adjustment": 0}]","NULL"
899,622,39,1,55000.00,55000.00,NULL,"NULL"
900,622,55,2,19000.00,38000.00,"[{"name": "Vừa", "variant_id": 59, "price_adjustment": 0}]","Ít đá"
901,623,24,1,39000.00,39000.00,NULL,"Ít đá"
902,624,5,2,65000.00,130000.00,"[{"name": "Vừa", "variant_id": 59, "price_adjustment": 0}]","Ít đường"
903,625,9,1,49000.00,49000.00,"[{"name": "Vừa", "variant_id": 59, "price_adjustment": 0}]","NULL"
904,625,48,1,55000.00,55000.00,NULL,"Ít đường"
905,626,36,1,49000.00,49000.00,"[{"name": "Vừa", "variant_id": 59, "price_adjustment": 0}]","NULL"
906,627,36,1,49000.00,49000.00,NULL,"NULL"
907,628,6,2,69000.00,138000.00,"[{"name": "Vừa", "variant_id": 59, "price_adjustment": 0}]","NULL"
908,629,46,1,55000.00,55000.00,"[{"name": "Vừa", "variant_id": 59, "price_adjustment": 0}]","NULL"
909,630,11,1,45000.00,45000.00,"[{"name": "Vừa", "variant_id": 59, "price_adjustment": 0}]","Ít đá"
910,631,32,1,55000.00,55000.00,"[{"name": "Vừa", "variant_id": 59, "price_adjustment": 0}]","NULL"
911,632,1,2,45000.00,90000.00,NULL,"NULL"
912,632,61,2,19000.00,38000.00,NULL,"NULL"
913,633,10,2,49000.00,98000.00,"[{"name": "Vừa", "variant_id": 59, "price_adjustment": 0}]","NULL"
914,634,1,2,45000.00,90000.00,"[{"name": "Vừa", "variant_id": 59, "price_adjustment": 0}]","NULL"
915,635,33,2,55000.00,110000.00,NULL,"Nhiều đá"
916,636,28,2,49000.00,98000.00,"[{"name": "Vừa", "variant_id": 59, "price_adjustment": 0}]","NULL"
917,637,8,1,49000.00,49000.00,NULL,"NULL"
918,638,32,2,55000.00,110000.00,"[{"name": "Vừa", "variant_id": 59, "price_adjustment": 0}]","NULL"
919,638,58,2,29000.00,58000.00,"[{"name": "Vừa", "variant_id": 59, "price_adjustment": 0}]","Ít đá"
920,639,21,2,39000.00,78000.00,"[{"name": "Vừa", "variant_id": 59, "price_adjustment": 0}]","NULL"
921,639,63,2,39000.00,78000.00,"[{"name": "Vừa", "variant_id": 59, "price_adjustment": 0}]","Ít đường"
922,640,10,1,49000.00,49000.00,"[{"name": "Vừa", "variant_id": 59, "price_adjustment": 0}]","Ít đá"
923,641,22,2,39000.00,78000.00,"[{"name": "Vừa", "variant_id": 59, "price_adjustment": 0}]","NULL"
924,642,41,2,55000.00,110000.00,NULL,"Nhiều đá"
925,642,58,1,29000.00,29000.00,"[{"name": "Vừa", "variant_id": 59, "price_adjustment": 0}]","NULL"
926,643,35,2,59000.00,118000.00,"[{"name": "Vừa", "variant_id": 59, "price_adjustment": 0}]","Ít đường"
927,644,12,2,59000.00,118000.00,"[{"name": "Vừa", "variant_id": 59, "price_adjustment": 0}]","NULL"
928,644,58,1,29000.00,29000.00,NULL,"NULL"
929,645,36,1,49000.00,49000.00,"[{"name": "Vừa", "variant_id": 59, "price_adjustment": 0}]","Nhiều đá"
930,646,35,2,59000.00,118000.00,"[{"name": "Vừa", "variant_id": 59, "price_adjustment": 0}]","NULL"
931,647,8,1,49000.00,49000.00,"[{"name": "Vừa", "variant_id": 59, "price_adjustment": 0}]","NULL"
932,647,48,1,55000.00,55000.00,NULL,"NULL"
933,648,40,1,55000.00,55000.00,NULL,"Ít đá"
934,649,13,2,55000.00,110000.00,NULL,"NULL"
935,650,45,2,55000.00,110000.00,"[{"name": "Vừa", "variant_id": 59, "price_adjustment": 0}]","NULL"
936,650,62,2,39000.00,78000.00,"[{"name": "Vừa", "variant_id": 59, "price_adjustment": 0}]","NULL"
937,650,27,1,45000.00,45000.00,NULL,"NULL"
938,651,39,1,55000.00,55000.00,"[{"name": "Vừa", "variant_id": 59, "price_adjustment": 0}]","Nhiều đá"
939,651,48,2,55000.00,110000.00,"[{"name": "Vừa", "variant_id": 59, "price_adjustment": 0}]","Ít đá"
940,652,1,1,45000.00,45000.00,NULL,"NULL"
941,653,38,1,49000.00,49000.00,"[{"name": "Vừa", "variant_id": 59, "price_adjustment": 0}]","NULL"
942,654,6,1,69000.00,69000.00,"[{"name": "Vừa", "variant_id": 59, "price_adjustment": 0}]","Nhiều đá"
943,655,10,2,49000.00,98000.00,"[{"name": "Vừa", "variant_id": 59, "price_adjustment": 0}]","NULL"
944,656,46,2,55000.00,110000.00,"[{"name": "Vừa", "variant_id": 59, "price_adjustment": 0}]","NULL"
945,657,15,2,59000.00,118000.00,NULL,"Ít đá"
946,658,13,2,55000.00,110000.00,"[{"name": "Vừa", "variant_id": 59, "price_adjustment": 0}]","Nhiều đá"
947,658,56,2,35000.00,70000.00,"[{"name": "Vừa", "variant_id": 59, "price_adjustment": 0}]","NULL"
948,659,38,1,49000.00,49000.00,"[{"name": "Vừa", "variant_id": 59, "price_adjustment": 0}]","Ít đường"
949,660,28,1,49000.00,49000.00,"[{"name": "Vừa", "variant_id": 59, "price_adjustment": 0}]","NULL"
950,660,61,1,19000.00,19000.00,NULL,"NULL"
951,661,20,1,45000.00,45000.00,NULL,"NULL"
952,662,6,2,69000.00,138000.00,"[{"name": "Vừa", "variant_id": 59, "price_adjustment": 0}]","NULL"
953,663,31,2,55000.00,110000.00,"[{"name": "Vừa", "variant_id": 59, "price_adjustment": 0}]","Ít đường"
954,664,45,2,55000.00,110000.00,NULL,"Nhiều đá"
955,664,54,2,19000.00,38000.00,NULL,"Ít đá"
956,665,13,1,55000.00,55000.00,"[{"name": "Vừa", "variant_id": 59, "price_adjustment": 0}]","Nhiều đá"
957,666,34,2,49000.00,98000.00,"[{"name": "Vừa", "variant_id": 59, "price_adjustment": 0}]","NULL"
958,667,15,1,59000.00,59000.00,"[{"name": "Vừa", "variant_id": 59, "price_adjustment": 0}]","NULL"
959,667,48,2,55000.00,110000.00,"[{"name": "Vừa", "variant_id": 59, "price_adjustment": 0}]","NULL"
960,668,4,2,55000.00,110000.00,"[{"name": "Vừa", "variant_id": 59, "price_adjustment": 0}]","NULL"
961,669,16,2,59000.00,118000.00,"[{"name": "Vừa", "variant_id": 59, "price_adjustment": 0}]","NULL"
962,670,23,1,39000.00,39000.00,"[{"name": "Vừa", "variant_id": 59, "price_adjustment": 0}]","NULL"
963,671,46,2,55000.00,110000.00,"[{"name": "Vừa", "variant_id": 59, "price_adjustment": 0}]","NULL"
964,672,43,1,55000.00,55000.00,"[{"name": "Vừa", "variant_id": 59, "price_adjustment": 0}]","NULL"
965,673,33,1,55000.00,55000.00,"[{"name": "Vừa", "variant_id": 59, "price_adjustment": 0}]","NULL"
966,674,13,2,55000.00,110000.00,"[{"name": "Vừa", "variant_id": 59, "price_adjustment": 0}]","NULL"
967,674,49,1,55000.00,55000.00,NULL,"Ít đá"
968,675,46,1,55000.00,55000.00,"[{"name": "Vừa", "variant_id": 59, "price_adjustment": 0}]","NULL"
969,676,10,1,49000.00,49000.00,"[{"name": "Vừa", "variant_id": 59, "price_adjustment": 0}]","NULL"
970,676,50,1,20000.00,20000.00,"[{"name": "Vừa", "variant_id": 59, "price_adjustment": 0}]","NULL"
971,677,41,2,55000.00,110000.00,NULL,"NULL"
972,677,62,1,39000.00,39000.00,"[{"name": "Vừa", "variant_id": 59, "price_adjustment": 0}]","NULL"
973,678,24,2,39000.00,78000.00,"[{"name": "Vừa", "variant_id": 59, "price_adjustment": 0}]","NULL"
974,679,40,2,55000.00,110000.00,"[{"name": "Vừa", "variant_id": 59, "price_adjustment": 0}]","NULL"
975,680,27,1,45000.00,45000.00,NULL,"Nhiều đá"
976,681,3,2,55000.00,110000.00,"[{"name": "Vừa", "variant_id": 59, "price_adjustment": 0}]","NULL"
977,682,22,2,39000.00,78000.00,"[{"name": "Vừa", "variant_id": 59, "price_adjustment": 0}]","NULL"
978,683,38,2,49000.00,98000.00,"[{"name": "Vừa", "variant_id": 59, "price_adjustment": 0}]","NULL"
979,683,63,2,39000.00,78000.00,NULL,"NULL"
980,684,46,1,55000.00,55000.00,"[{"name": "Vừa", "variant_id": 59, "price_adjustment": 0}]","NULL"
981,685,33,2,55000.00,110000.00,NULL,"Nhiều đá"
982,686,12,1,59000.00,59000.00,"[{"name": "Vừa", "variant_id": 59, "price_adjustment": 0}]","NULL"
983,687,24,1,39000.00,39000.00,NULL,"NULL"
984,688,22,1,39000.00,39000.00,"[{"name": "Vừa", "variant_id": 59, "price_adjustment": 0}]","NULL"
985,689,37,2,59000.00,118000.00,"[{"name": "Vừa", "variant_id": 59, "price_adjustment": 0}]","NULL"
986,690,35,2,59000.00,118000.00,"[{"name": "Vừa", "variant_id": 59, "price_adjustment": 0}]","NULL"
987,691,13,1,55000.00,55000.00,"[{"name": "Vừa", "variant_id": 59, "price_adjustment": 0}]","Nhiều đá"
988,692,13,2,55000.00,110000.00,"[{"name": "Vừa", "variant_id": 59, "price_adjustment": 0}]","NULL"
989,693,16,1,59000.00,59000.00,"[{"name": "Vừa", "variant_id": 59, "price_adjustment": 0}]","NULL"
990,693,47,2,35000.00,70000.00,"[{"name": "Vừa", "variant_id": 59, "price_adjustment": 0}]","NULL"
991,694,1,2,45000.00,90000.00,NULL,"Ít đường"
992,695,38,1,49000.00,49000.00,"[{"name": "Vừa", "variant_id": 59, "price_adjustment": 0}]","NULL"
993,695,48,1,55000.00,55000.00,"[{"name": "Vừa", "variant_id": 59, "price_adjustment": 0}]","Ít đường"
994,696,7,2,39000.00,78000.00,"[{"name": "Vừa", "variant_id": 59, "price_adjustment": 0}]","NULL"
995,697,30,1,49000.00,49000.00,"[{"name": "Vừa", "variant_id": 59, "price_adjustment": 0}]","NULL"
996,697,46,2,55000.00,110000.00,"[{"name": "Vừa", "variant_id": 59, "price_adjustment": 0}]","NULL"
997,698,46,2,55000.00,110000.00,NULL,"NULL"
998,698,52,2,19000.00,38000.00,"[{"name": "Vừa", "variant_id": 59, "price_adjustment": 0}]","Ít đá"
999,699,26,2,39000.00,78000.00,"[{"name": "Vừa", "variant_id": 59, "price_adjustment": 0}]","NULL"
1000,699,56,2,35000.00,70000.00,"[{"name": "Vừa", "variant_id": 59, "price_adjustment": 0}]","NULL"
1001,700,8,2,49000.00,98000.00,NULL,"NULL"
1002,701,30,2,49000.00,98000.00,"[{"name": "Vừa", "variant_id": 59, "price_adjustment": 0}]","NULL"
1003,702,16,2,59000.00,118000.00,"[{"name": "Vừa", "variant_id": 59, "price_adjustment": 0}]","Ít đá"
1004,702,60,1,22000.00,22000.00,"[{"name": "Vừa", "variant_id": 59, "price_adjustment": 0}]","NULL"
1005,703,46,2,55000.00,110000.00,"[{"name": "Vừa", "variant_id": 59, "price_adjustment": 0}]","NULL"
1006,704,22,1,39000.00,39000.00,"[{"name": "Vừa", "variant_id": 59, "price_adjustment": 0}]","NULL"
1007,704,51,1,19000.00,19000.00,"[{"name": "Vừa", "variant_id": 59, "price_adjustment": 0}]","NULL"
1008,705,40,1,55000.00,55000.00,"[{"name": "Vừa", "variant_id": 59, "price_adjustment": 0}]","NULL"
1009,706,46,2,55000.00,110000.00,NULL,"NULL"
1010,707,24,2,39000.00,78000.00,"[{"name": "Vừa", "variant_id": 59, "price_adjustment": 0}]","NULL"
1011,708,23,1,39000.00,39000.00,"[{"name": "Vừa", "variant_id": 59, "price_adjustment": 0}]","Nhiều đá"
1012,709,23,1,39000.00,39000.00,NULL,"NULL"
1013,709,55,2,19000.00,38000.00,NULL,"NULL"
1014,710,40,1,55000.00,55000.00,NULL,"NULL"
1015,710,63,1,39000.00,39000.00,"[{"name": "Vừa", "variant_id": 59, "price_adjustment": 0}]","NULL"
1016,710,43,1,55000.00,55000.00,NULL,"Ít đường"
1017,711,41,2,55000.00,110000.00,NULL,"NULL"
1018,712,40,2,55000.00,110000.00,"[{"name": "Vừa", "variant_id": 59, "price_adjustment": 0}]","NULL"
1019,712,58,2,29000.00,58000.00,"[{"name": "Vừa", "variant_id": 59, "price_adjustment": 0}]","NULL"
1020,713,33,1,55000.00,55000.00,"[{"name": "Vừa", "variant_id": 59, "price_adjustment": 0}]","NULL"
1021,714,42,1,55000.00,55000.00,NULL,"NULL"
1022,715,45,1,55000.00,55000.00,"[{"name": "Vừa", "variant_id": 59, "price_adjustment": 0}]","NULL"
1023,715,61,2,19000.00,38000.00,"[{"name": "Vừa", "variant_id": 59, "price_adjustment": 0}]","NULL"
1024,716,34,1,49000.00,49000.00,NULL,"NULL"
1025,717,19,1,45000.00,45000.00,"[{"name": "Vừa", "variant_id": 59, "price_adjustment": 0}]","NULL"
1026,717,48,1,55000.00,55000.00,NULL,"NULL"
1027,718,6,1,69000.00,69000.00,"[{"name": "Vừa", "variant_id": 59, "price_adjustment": 0}]","Ít đường"
1028,719,38,1,49000.00,49000.00,"[{"name": "Vừa", "variant_id": 59, "price_adjustment": 0}]","Nhiều đá"
1029,720,22,2,39000.00,78000.00,"[{"name": "Vừa", "variant_id": 59, "price_adjustment": 0}]","Ít đường"
1030,720,58,2,29000.00,58000.00,"[{"name": "Vừa", "variant_id": 59, "price_adjustment": 0}]","NULL"
1031,721,36,1,49000.00,49000.00,"[{"name": "Vừa", "variant_id": 59, "price_adjustment": 0}]","NULL"
1032,721,62,1,39000.00,39000.00,"[{"name": "Vừa", "variant_id": 59, "price_adjustment": 0}]","NULL"
1033,722,28,1,49000.00,49000.00,"[{"name": "Vừa", "variant_id": 59, "price_adjustment": 0}]","NULL"
1034,722,50,1,20000.00,20000.00,"[{"name": "Vừa", "variant_id": 59, "price_adjustment": 0}]","NULL"
1035,723,35,2,59000.00,118000.00,"[{"name": "Vừa", "variant_id": 59, "price_adjustment": 0}]","Ít đường"
1036,723,60,1,22000.00,22000.00,"[{"name": "Vừa", "variant_id": 59, "price_adjustment": 0}]","Nhiều đá"
1037,724,37,1,59000.00,59000.00,NULL,"NULL"
1038,724,61,1,19000.00,19000.00,"[{"name": "Vừa", "variant_id": 59, "price_adjustment": 0}]","NULL"
1039,725,12,1,59000.00,59000.00,NULL,"NULL"
1040,725,59,1,22000.00,22000.00,"[{"name": "Vừa", "variant_id": 59, "price_adjustment": 0}]","NULL"
1041,726,36,1,49000.00,49000.00,NULL,"NULL"
1042,726,47,1,35000.00,35000.00,"[{"name": "Vừa", "variant_id": 59, "price_adjustment": 0}]","NULL"
1043,727,23,1,39000.00,39000.00,NULL,"NULL"
1044,728,9,1,49000.00,49000.00,NULL,"NULL"
1045,729,27,2,45000.00,90000.00,"[{"name": "Vừa", "variant_id": 59, "price_adjustment": 0}]","Ít đường"
1046,730,46,2,55000.00,110000.00,"[{"name": "Vừa", "variant_id": 59, "price_adjustment": 0}]","NULL"
1047,731,3,1,55000.00,55000.00,"[{"name": "Vừa", "variant_id": 59, "price_adjustment": 0}]","NULL"
1048,731,58,2,29000.00,58000.00,"[{"name": "Vừa", "variant_id": 59, "price_adjustment": 0}]","Ít đường"
1049,732,45,1,55000.00,55000.00,"[{"name": "Vừa", "variant_id": 59, "price_adjustment": 0}]","Ít đá"
1050,733,3,1,55000.00,55000.00,"[{"name": "Vừa", "variant_id": 59, "price_adjustment": 0}]","NULL"
1051,734,32,2,55000.00,110000.00,NULL,"NULL"
1052,735,35,1,59000.00,59000.00,"[{"name": "Vừa", "variant_id": 59, "price_adjustment": 0}]","Ít đá"
1053,736,4,1,55000.00,55000.00,"[{"name": "Vừa", "variant_id": 59, "price_adjustment": 0}]","Ít đường"
1054,737,23,2,39000.00,78000.00,"[{"name": "Vừa", "variant_id": 59, "price_adjustment": 0}]","NULL"
1055,738,26,1,39000.00,39000.00,"[{"name": "Vừa", "variant_id": 59, "price_adjustment": 0}]","NULL"
1056,738,55,1,19000.00,19000.00,"[{"name": "Vừa", "variant_id": 59, "price_adjustment": 0}]","NULL"
1057,739,43,1,55000.00,55000.00,"[{"name": "Vừa", "variant_id": 59, "price_adjustment": 0}]","Nhiều đá"
1058,739,63,1,39000.00,39000.00,NULL,"NULL"
1059,739,44,1,39000.00,39000.00,NULL,"NULL"
1060,740,22,2,39000.00,78000.00,NULL,"NULL"
1061,741,24,2,39000.00,78000.00,"[{"name": "Vừa", "variant_id": 59, "price_adjustment": 0}]","NULL"
1062,742,40,2,55000.00,110000.00,"[{"name": "Vừa", "variant_id": 59, "price_adjustment": 0}]","NULL"
1063,743,27,1,45000.00,45000.00,"[{"name": "Vừa", "variant_id": 59, "price_adjustment": 0}]","NULL"
1064,744,2,1,49000.00,49000.00,"[{"name": "Vừa", "variant_id": 59, "price_adjustment": 0}]","NULL"
1065,745,37,1,59000.00,59000.00,NULL,"Ít đá"
1066,745,58,2,29000.00,58000.00,"[{"name": "Vừa", "variant_id": 59, "price_adjustment": 0}]","NULL"
1067,746,22,2,39000.00,78000.00,"[{"name": "Vừa", "variant_id": 59, "price_adjustment": 0}]","Ít đá"
1068,747,21,1,39000.00,39000.00,"[{"name": "Vừa", "variant_id": 59, "price_adjustment": 0}]","NULL"
1069,748,38,1,49000.00,49000.00,NULL,"NULL"
1070,748,48,2,55000.00,110000.00,"[{"name": "Vừa", "variant_id": 59, "price_adjustment": 0}]","NULL"
1071,749,43,2,55000.00,110000.00,"[{"name": "Vừa", "variant_id": 59, "price_adjustment": 0}]","NULL"
1072,750,2,2,49000.00,98000.00,"[{"name": "Vừa", "variant_id": 59, "price_adjustment": 0}]","Nhiều đá"
1073,751,11,2,45000.00,90000.00,"[{"name": "Vừa", "variant_id": 59, "price_adjustment": 0}]","NULL"
1074,752,45,1,55000.00,55000.00,"[{"name": "Vừa", "variant_id": 59, "price_adjustment": 0}]","NULL"
1075,753,32,2,55000.00,110000.00,"[{"name": "Vừa", "variant_id": 59, "price_adjustment": 0}]","NULL"
1076,753,63,2,39000.00,78000.00,NULL,"NULL"
1077,754,4,2,55000.00,110000.00,"[{"name": "Vừa", "variant_id": 59, "price_adjustment": 0}]","NULL"
1078,754,57,2,39000.00,78000.00,NULL,"NULL"
1079,755,43,2,55000.00,110000.00,"[{"name": "Vừa", "variant_id": 59, "price_adjustment": 0}]","Ít đá"
1080,756,31,2,55000.00,110000.00,"[{"name": "Vừa", "variant_id": 59, "price_adjustment": 0}]","NULL"
1081,757,12,1,59000.00,59000.00,"[{"name": "Vừa", "variant_id": 59, "price_adjustment": 0}]","NULL"
1082,757,63,1,39000.00,39000.00,"[{"name": "Vừa", "variant_id": 59, "price_adjustment": 0}]","NULL"
1083,758,22,2,39000.00,78000.00,NULL,"NULL"
1084,759,26,1,39000.00,39000.00,"[{"name": "Vừa", "variant_id": 59, "price_adjustment": 0}]","NULL"
1085,760,44,2,39000.00,78000.00,NULL,"NULL"
1086,760,55,1,19000.00,19000.00,"[{"name": "Vừa", "variant_id": 59, "price_adjustment": 0}]","NULL"
1087,761,40,2,55000.00,110000.00,"[{"name": "Vừa", "variant_id": 59, "price_adjustment": 0}]","NULL"
1088,762,1,2,45000.00,90000.00,NULL,"NULL"
1089,763,6,1,69000.00,69000.00,"[{"name": "Vừa", "variant_id": 59, "price_adjustment": 0}]","NULL"
1090,763,62,1,39000.00,39000.00,NULL,"NULL"
1091,763,16,1,59000.00,59000.00,NULL,"NULL"
1092,764,2,2,49000.00,98000.00,NULL,"NULL"
1093,764,55,2,19000.00,38000.00,"[{"name": "Vừa", "variant_id": 59, "price_adjustment": 0}]","NULL"
1094,764,26,2,39000.00,78000.00,"[{"name": "Vừa", "variant_id": 59, "price_adjustment": 0}]","Ít đường"
1095,765,4,2,55000.00,110000.00,NULL,"NULL"
1096,765,47,2,35000.00,70000.00,"[{"name": "Vừa", "variant_id": 59, "price_adjustment": 0}]","NULL"
1097,766,11,2,45000.00,90000.00,"[{"name": "Vừa", "variant_id": 59, "price_adjustment": 0}]","Ít đường"
1098,767,2,2,49000.00,98000.00,"[{"name": "Vừa", "variant_id": 59, "price_adjustment": 0}]","NULL"
1099,768,28,1,49000.00,49000.00,"[{"name": "Vừa", "variant_id": 59, "price_adjustment": 0}]","NULL"
1100,769,44,1,39000.00,39000.00,"[{"name": "Vừa", "variant_id": 59, "price_adjustment": 0}]","NULL"
1101,770,6,1,69000.00,69000.00,NULL,"Ít đá"
1102,771,7,2,39000.00,78000.00,NULL,"NULL"
1103,771,63,2,39000.00,78000.00,"[{"name": "Vừa", "variant_id": 59, "price_adjustment": 0}]","NULL"
1104,772,46,2,55000.00,110000.00,"[{"name": "Vừa", "variant_id": 59, "price_adjustment": 0}]","Ít đường"
1105,772,61,2,19000.00,38000.00,NULL,"Ít đá"
1106,773,14,2,49000.00,98000.00,"[{"name": "Vừa", "variant_id": 59, "price_adjustment": 0}]","NULL"
1107,774,19,2,45000.00,90000.00,"[{"name": "Vừa", "variant_id": 59, "price_adjustment": 0}]","NULL"
1108,775,11,2,45000.00,90000.00,"[{"name": "Vừa", "variant_id": 59, "price_adjustment": 0}]","Ít đá"
1109,776,36,2,49000.00,98000.00,"[{"name": "Vừa", "variant_id": 59, "price_adjustment": 0}]","NULL"
1110,777,11,2,45000.00,90000.00,NULL,"NULL"
1111,778,17,2,65000.00,130000.00,NULL,"NULL"
1112,779,2,2,49000.00,98000.00,"[{"name": "Vừa", "variant_id": 59, "price_adjustment": 0}]","Ít đường"
1113,780,1,2,45000.00,90000.00,"[{"name": "Vừa", "variant_id": 59, "price_adjustment": 0}]","NULL"
1114,781,46,2,55000.00,110000.00,"[{"name": "Vừa", "variant_id": 59, "price_adjustment": 0}]","Ít đường"
1115,782,24,1,39000.00,39000.00,"[{"name": "Vừa", "variant_id": 59, "price_adjustment": 0}]","NULL"
1116,783,45,2,55000.00,110000.00,"[{"name": "Vừa", "variant_id": 59, "price_adjustment": 0}]","NULL"
1117,783,52,2,19000.00,38000.00,NULL,"NULL"
1118,784,11,2,45000.00,90000.00,"[{"name": "Vừa", "variant_id": 59, "price_adjustment": 0}]","NULL"
1119,784,51,1,19000.00,19000.00,"[{"name": "Vừa", "variant_id": 59, "price_adjustment": 0}]","Ít đá"
1120,784,41,2,55000.00,110000.00,"[{"name": "Vừa", "variant_id": 59, "price_adjustment": 0}]","NULL"
1121,785,14,2,49000.00,98000.00,NULL,"Ít đường"
1122,786,1,2,45000.00,90000.00,"[{"name": "Vừa", "variant_id": 59, "price_adjustment": 0}]","Ít đá"
1123,787,6,1,69000.00,69000.00,"[{"name": "Vừa", "variant_id": 59, "price_adjustment": 0}]","NULL"
1124,788,46,2,55000.00,110000.00,"[{"name": "Vừa", "variant_id": 59, "price_adjustment": 0}]","NULL"
1125,789,23,1,39000.00,39000.00,"[{"name": "Vừa", "variant_id": 59, "price_adjustment": 0}]","NULL"
1126,790,31,2,55000.00,110000.00,"[{"name": "Vừa", "variant_id": 59, "price_adjustment": 0}]","NULL"
1127,791,19,2,45000.00,90000.00,"[{"name": "Vừa", "variant_id": 59, "price_adjustment": 0}]","Ít đá"
1128,791,59,2,22000.00,44000.00,"[{"name": "Vừa", "variant_id": 59, "price_adjustment": 0}]","Nhiều đá"
1129,792,25,1,39000.00,39000.00,NULL,"NULL"
1130,793,11,1,45000.00,45000.00,"[{"name": "Vừa", "variant_id": 59, "price_adjustment": 0}]","NULL"
1131,793,60,2,22000.00,44000.00,"[{"name": "Vừa", "variant_id": 59, "price_adjustment": 0}]","NULL"
1132,794,43,2,55000.00,110000.00,"[{"name": "Vừa", "variant_id": 59, "price_adjustment": 0}]","NULL"
1133,794,51,2,19000.00,38000.00,"[{"name": "Vừa", "variant_id": 59, "price_adjustment": 0}]","NULL"
1134,795,8,1,49000.00,49000.00,NULL,"NULL"
1135,795,58,2,29000.00,58000.00,"[{"name": "Vừa", "variant_id": 59, "price_adjustment": 0}]","NULL"
1136,796,11,1,45000.00,45000.00,"[{"name": "Vừa", "variant_id": 59, "price_adjustment": 0}]","Ít đá"
1137,797,42,2,55000.00,110000.00,"[{"name": "Vừa", "variant_id": 59, "price_adjustment": 0}]","NULL"
1138,797,47,2,35000.00,70000.00,"[{"name": "Vừa", "variant_id": 59, "price_adjustment": 0}]","Ít đường"
1139,798,23,1,39000.00,39000.00,"[{"name": "Vừa", "variant_id": 59, "price_adjustment": 0}]","NULL"
1140,799,46,1,55000.00,55000.00,NULL,"NULL"
1141,799,52,1,19000.00,19000.00,"[{"name": "Vừa", "variant_id": 59, "price_adjustment": 0}]","NULL"
1142,800,14,1,49000.00,49000.00,"[{"name": "Vừa", "variant_id": 59, "price_adjustment": 0}]","NULL"
1143,800,58,1,29000.00,29000.00,"[{"name": "Vừa", "variant_id": 59, "price_adjustment": 0}]","NULL"
1144,801,43,2,55000.00,110000.00,NULL,"NULL"
1145,801,48,2,55000.00,110000.00,NULL,"NULL"
1146,802,21,2,39000.00,78000.00,"[{"name": "Vừa", "variant_id": 59, "price_adjustment": 0}]","NULL"
1147,803,15,2,59000.00,118000.00,NULL,"NULL"
1148,803,20,1,45000.00,45000.00,"[{"name": "Vừa", "variant_id": 59, "price_adjustment": 0}]","Ít đường"
1149,804,39,1,55000.00,55000.00,"[{"name": "Vừa", "variant_id": 59, "price_adjustment": 0}]","NULL"
1150,804,57,1,39000.00,39000.00,NULL,"NULL"
1151,804,69,2,49000.00,98000.00,"[{"name": "Vừa", "variant_id": 59, "price_adjustment": 0}]","NULL"
1152,805,21,2,39000.00,78000.00,"[{"name": "Vừa", "variant_id": 59, "price_adjustment": 0}]","NULL"
1153,805,62,2,39000.00,78000.00,"[{"name": "Vừa", "variant_id": 59, "price_adjustment": 0}]","NULL"
1154,806,1,2,45000.00,90000.00,NULL,"NULL"
1155,806,62,1,39000.00,39000.00,"[{"name": "Vừa", "variant_id": 59, "price_adjustment": 0}]","Nhiều đá"
1156,807,41,1,55000.00,55000.00,NULL,"NULL"
1157,808,16,1,59000.00,59000.00,"[{"name": "Vừa", "variant_id": 59, "price_adjustment": 0}]","NULL"
1158,809,7,2,39000.00,78000.00,"[{"name": "Vừa", "variant_id": 59, "price_adjustment": 0}]","NULL"
1159,810,23,2,39000.00,78000.00,"[{"name": "Vừa", "variant_id": 59, "price_adjustment": 0}]","NULL"
1160,810,60,2,22000.00,44000.00,"[{"name": "Vừa", "variant_id": 59, "price_adjustment": 0}]","NULL"
1161,810,14,1,49000.00,49000.00,"[{"name": "Vừa", "variant_id": 59, "price_adjustment": 0}]","NULL"
1162,811,45,1,55000.00,55000.00,"[{"name": "Vừa", "variant_id": 59, "price_adjustment": 0}]","NULL"
1163,812,16,2,59000.00,118000.00,"[{"name": "Vừa", "variant_id": 59, "price_adjustment": 0}]","NULL"
1164,812,59,1,22000.00,22000.00,NULL,"NULL"
1165,813,22,1,39000.00,39000.00,"[{"name": "Vừa", "variant_id": 59, "price_adjustment": 0}]","NULL"
1166,813,61,2,19000.00,38000.00,NULL,"NULL"
1167,813,17,1,65000.00,65000.00,"[{"name": "Vừa", "variant_id": 59, "price_adjustment": 0}]","NULL"
1168,814,6,2,69000.00,138000.00,"[{"name": "Vừa", "variant_id": 59, "price_adjustment": 0}]","NULL"
1169,814,59,2,22000.00,44000.00,"[{"name": "Vừa", "variant_id": 59, "price_adjustment": 0}]","Ít đá"
1170,815,4,1,55000.00,55000.00,"[{"name": "Vừa", "variant_id": 59, "price_adjustment": 0}]","NULL"
1171,816,16,2,59000.00,118000.00,"[{"name": "Vừa", "variant_id": 59, "price_adjustment": 0}]","NULL"
1172,817,27,2,45000.00,90000.00,"[{"name": "Vừa", "variant_id": 59, "price_adjustment": 0}]","Ít đường"
1173,817,63,1,39000.00,39000.00,"[{"name": "Vừa", "variant_id": 59, "price_adjustment": 0}]","Nhiều đá"
1174,818,33,1,55000.00,55000.00,"[{"name": "Vừa", "variant_id": 59, "price_adjustment": 0}]","NULL"
1175,819,45,2,55000.00,110000.00,NULL,"NULL"
1176,820,33,2,55000.00,110000.00,NULL,"NULL"
1177,821,21,1,39000.00,39000.00,"[{"name": "Vừa", "variant_id": 59, "price_adjustment": 0}]","Ít đường"
1178,822,16,1,59000.00,59000.00,"[{"name": "Vừa", "variant_id": 59, "price_adjustment": 0}]","Ít đá"
1179,823,18,2,65000.00,130000.00,"[{"name": "Vừa", "variant_id": 59, "price_adjustment": 0}]","NULL"
1180,824,1,2,45000.00,90000.00,NULL,"NULL"
1181,825,45,1,55000.00,55000.00,"[{"name": "Vừa", "variant_id": 59, "price_adjustment": 0}]","NULL"
1182,826,43,1,55000.00,55000.00,"[{"name": "Vừa", "variant_id": 59, "price_adjustment": 0}]","NULL"
1183,827,4,1,55000.00,55000.00,"[{"name": "Vừa", "variant_id": 59, "price_adjustment": 0}]","NULL"
1184,827,60,2,22000.00,44000.00,"[{"name": "Vừa", "variant_id": 59, "price_adjustment": 0}]","NULL"
1185,828,44,2,39000.00,78000.00,"[{"name": "Vừa", "variant_id": 59, "price_adjustment": 0}]","Nhiều đá"
1186,829,14,1,49000.00,49000.00,NULL,"Ít đá"
1187,829,63,1,39000.00,39000.00,NULL,"NULL"
1188,830,26,2,39000.00,78000.00,"[{"name": "Vừa", "variant_id": 59, "price_adjustment": 0}]","Ít đá"
1189,831,46,1,55000.00,55000.00,NULL,"NULL"
1190,832,41,1,55000.00,55000.00,"[{"name": "Vừa", "variant_id": 59, "price_adjustment": 0}]","Ít đá"
1191,833,6,2,69000.00,138000.00,"[{"name": "Vừa", "variant_id": 59, "price_adjustment": 0}]","NULL"
1192,833,23,1,39000.00,39000.00,"[{"name": "Vừa", "variant_id": 59, "price_adjustment": 0}]","Nhiều đá"
1193,834,1,1,45000.00,45000.00,"[{"name": "Vừa", "variant_id": 59, "price_adjustment": 0}]","NULL"
1194,835,28,2,49000.00,98000.00,"[{"name": "Vừa", "variant_id": 59, "price_adjustment": 0}]","NULL"
1195,836,3,2,55000.00,110000.00,NULL,"NULL"
1196,836,58,2,29000.00,58000.00,NULL,"NULL"
1197,837,43,2,55000.00,110000.00,NULL,"Ít đường"
1198,837,50,2,20000.00,40000.00,"[{"name": "Vừa", "variant_id": 59, "price_adjustment": 0}]","NULL"
1199,838,6,2,69000.00,138000.00,"[{"name": "Vừa", "variant_id": 59, "price_adjustment": 0}]","NULL"
1200,838,61,1,19000.00,19000.00,NULL,"Ít đá"
1201,838,37,2,59000.00,118000.00,"[{"name": "Vừa", "variant_id": 59, "price_adjustment": 0}]","Ít đá"
1202,839,11,1,45000.00,45000.00,"[{"name": "Vừa", "variant_id": 59, "price_adjustment": 0}]","NULL"
1203,840,23,2,39000.00,78000.00,"[{"name": "Vừa", "variant_id": 59, "price_adjustment": 0}]","NULL"
1204,841,19,2,45000.00,90000.00,"[{"name": "Vừa", "variant_id": 59, "price_adjustment": 0}]","NULL"
1205,842,45,1,55000.00,55000.00,"[{"name": "Vừa", "variant_id": 59, "price_adjustment": 0}]","NULL"
1206,843,32,2,55000.00,110000.00,NULL,"Nhiều đá"
1207,843,53,1,19000.00,19000.00,NULL,"NULL"
1208,844,22,2,39000.00,78000.00,"[{"name": "Vừa", "variant_id": 59, "price_adjustment": 0}]","NULL"
1209,845,31,2,55000.00,110000.00,"[{"name": "Vừa", "variant_id": 59, "price_adjustment": 0}]","Ít đá"
1210,846,36,1,49000.00,49000.00,"[{"name": "Vừa", "variant_id": 59, "price_adjustment": 0}]","Ít đường"
1211,847,31,1,55000.00,55000.00,"[{"name": "Vừa", "variant_id": 59, "price_adjustment": 0}]","NULL"
1212,847,17,1,65000.00,65000.00,"[{"name": "Vừa", "variant_id": 59, "price_adjustment": 0}]","NULL"
1213,847,69,2,49000.00,98000.00,NULL,"Ít đường"
1214,848,45,2,55000.00,110000.00,NULL,"Ít đường"
1215,849,16,1,59000.00,59000.00,NULL,"NULL"
1216,850,35,2,59000.00,118000.00,"[{"name": "Vừa", "variant_id": 59, "price_adjustment": 0}]","NULL"
1217,850,62,2,39000.00,78000.00,"[{"name": "Vừa", "variant_id": 59, "price_adjustment": 0}]","NULL"
1218,851,39,1,55000.00,55000.00,"[{"name": "Vừa", "variant_id": 59, "price_adjustment": 0}]","NULL"
1219,851,59,1,22000.00,22000.00,"[{"name": "Vừa", "variant_id": 59, "price_adjustment": 0}]","NULL"
1220,852,23,2,39000.00,78000.00,"[{"name": "Vừa", "variant_id": 59, "price_adjustment": 0}]","NULL"
1221,853,10,1,49000.00,49000.00,"[{"name": "Vừa", "variant_id": 59, "price_adjustment": 0}]","NULL"
1222,853,53,1,19000.00,19000.00,"[{"name": "Vừa", "variant_id": 59, "price_adjustment": 0}]","NULL"
1223,853,34,2,49000.00,98000.00,"[{"name": "Vừa", "variant_id": 59, "price_adjustment": 0}]","NULL"
1224,854,25,1,39000.00,39000.00,"[{"name": "Vừa", "variant_id": 59, "price_adjustment": 0}]","Ít đá"
1225,855,16,1,59000.00,59000.00,NULL,"NULL"
1226,855,57,1,39000.00,39000.00,NULL,"NULL"
1227,856,41,1,55000.00,55000.00,"[{"name": "Vừa", "variant_id": 59, "price_adjustment": 0}]","Ít đá"
1228,856,46,1,55000.00,55000.00,NULL,"NULL"
1229,857,11,1,45000.00,45000.00,"[{"name": "Vừa", "variant_id": 59, "price_adjustment": 0}]","NULL"
1230,858,21,2,39000.00,78000.00,"[{"name": "Vừa", "variant_id": 59, "price_adjustment": 0}]","NULL"
1231,858,52,2,19000.00,38000.00,"[{"name": "Vừa", "variant_id": 59, "price_adjustment": 0}]","Nhiều đá"
1232,859,45,2,55000.00,110000.00,NULL,"NULL"
1233,859,60,1,22000.00,22000.00,NULL,"NULL"
1234,860,37,2,59000.00,118000.00,NULL,"NULL"
1235,861,3,1,55000.00,55000.00,NULL,"NULL"
1236,862,8,1,49000.00,49000.00,"[{"name": "Vừa", "variant_id": 59, "price_adjustment": 0}]","Nhiều đá"
1237,862,19,2,45000.00,90000.00,"[{"name": "Vừa", "variant_id": 59, "price_adjustment": 0}]","NULL"
1238,863,37,2,59000.00,118000.00,"[{"name": "Vừa", "variant_id": 59, "price_adjustment": 0}]","NULL"
1239,863,61,1,19000.00,19000.00,NULL,"NULL"
1240,864,33,1,55000.00,55000.00,"[{"name": "Vừa", "variant_id": 59, "price_adjustment": 0}]","Ít đường"
1241,865,46,1,55000.00,55000.00,"[{"name": "Vừa", "variant_id": 59, "price_adjustment": 0}]","NULL"
1242,865,61,2,19000.00,38000.00,NULL,"NULL"
1243,866,35,1,59000.00,59000.00,"[{"name": "Vừa", "variant_id": 59, "price_adjustment": 0}]","NULL"
1244,867,19,1,45000.00,45000.00,"[{"name": "Vừa", "variant_id": 59, "price_adjustment": 0}]","NULL"
1245,867,55,1,19000.00,19000.00,NULL,"Ít đường"
1246,868,36,2,49000.00,98000.00,"[{"name": "Vừa", "variant_id": 59, "price_adjustment": 0}]","NULL"
1247,869,2,2,49000.00,98000.00,NULL,"NULL"
1248,870,8,2,49000.00,98000.00,NULL,"NULL"
1249,871,37,2,59000.00,118000.00,NULL,"NULL"
1250,871,59,2,22000.00,44000.00,"[{"name": "Vừa", "variant_id": 59, "price_adjustment": 0}]","NULL"
1251,872,34,1,49000.00,49000.00,"[{"name": "Vừa", "variant_id": 59, "price_adjustment": 0}]","NULL"
1252,873,24,1,39000.00,39000.00,"[{"name": "Vừa", "variant_id": 59, "price_adjustment": 0}]","NULL"
1253,874,25,1,39000.00,39000.00,NULL,"Ít đá"
1254,875,7,2,39000.00,78000.00,"[{"name": "Vừa", "variant_id": 59, "price_adjustment": 0}]","Nhiều đá"
1255,876,27,2,45000.00,90000.00,NULL,"NULL"
1256,877,25,1,39000.00,39000.00,"[{"name": "Vừa", "variant_id": 59, "price_adjustment": 0}]","NULL"
1257,878,14,2,49000.00,98000.00,"[{"name": "Vừa", "variant_id": 59, "price_adjustment": 0}]","Ít đường"
1258,879,5,2,65000.00,130000.00,NULL,"Ít đường"
1259,880,25,2,39000.00,78000.00,"[{"name": "Vừa", "variant_id": 59, "price_adjustment": 0}]","NULL"
1260,881,46,1,55000.00,55000.00,"[{"name": "Vừa", "variant_id": 59, "price_adjustment": 0}]","Nhiều đá"
1261,882,3,2,55000.00,110000.00,NULL,"NULL"
1262,882,56,2,35000.00,70000.00,"[{"name": "Vừa", "variant_id": 59, "price_adjustment": 0}]","NULL"
1263,883,1,2,45000.00,90000.00,"[{"name": "Vừa", "variant_id": 59, "price_adjustment": 0}]","NULL"
1264,883,59,1,22000.00,22000.00,NULL,"NULL"
1265,884,31,1,55000.00,55000.00,"[{"name": "Vừa", "variant_id": 59, "price_adjustment": 0}]","Ít đá"
1266,884,60,1,22000.00,22000.00,"[{"name": "Vừa", "variant_id": 59, "price_adjustment": 0}]","NULL"
1267,884,11,1,45000.00,45000.00,"[{"name": "Vừa", "variant_id": 59, "price_adjustment": 0}]","NULL"
1268,885,6,2,69000.00,138000.00,"[{"name": "Vừa", "variant_id": 59, "price_adjustment": 0}]","Nhiều đá"
1269,885,30,2,49000.00,98000.00,NULL,"NULL"
1270,886,28,1,49000.00,49000.00,"[{"name": "Vừa", "variant_id": 59, "price_adjustment": 0}]","NULL"
1271,887,11,1,45000.00,45000.00,"[{"name": "Vừa", "variant_id": 59, "price_adjustment": 0}]","NULL"
1272,888,23,2,39000.00,78000.00,"[{"name": "Vừa", "variant_id": 59, "price_adjustment": 0}]","NULL"
1273,889,45,2,55000.00,110000.00,NULL,"Nhiều đá"
1274,890,20,2,45000.00,90000.00,"[{"name": "Vừa", "variant_id": 59, "price_adjustment": 0}]","NULL"
1275,891,5,2,65000.00,130000.00,"[{"name": "Vừa", "variant_id": 59, "price_adjustment": 0}]","Ít đá"
1276,892,21,1,39000.00,39000.00,"[{"name": "Vừa", "variant_id": 59, "price_adjustment": 0}]","Ít đường"
1277,893,17,2,65000.00,130000.00,"[{"name": "Vừa", "variant_id": 59, "price_adjustment": 0}]","NULL"
1278,894,42,2,55000.00,110000.00,"[{"name": "Vừa", "variant_id": 59, "price_adjustment": 0}]","NULL"
1279,894,61,1,19000.00,19000.00,"[{"name": "Vừa", "variant_id": 59, "price_adjustment": 0}]","Ít đá"
1280,895,5,2,65000.00,130000.00,NULL,"NULL"
1281,896,5,1,65000.00,65000.00,NULL,"NULL"
1282,897,20,1,45000.00,45000.00,"[{"name": "Vừa", "variant_id": 59, "price_adjustment": 0}]","NULL"
1283,897,47,2,35000.00,70000.00,"[{"name": "Vừa", "variant_id": 59, "price_adjustment": 0}]","Ít đá"
1284,898,46,2,55000.00,110000.00,NULL,"NULL"
1285,898,58,2,29000.00,58000.00,"[{"name": "Vừa", "variant_id": 59, "price_adjustment": 0}]","NULL"
1286,899,6,2,69000.00,138000.00,NULL,"NULL"
1287,900,6,1,69000.00,69000.00,"[{"name": "Vừa", "variant_id": 59, "price_adjustment": 0}]","NULL"
1288,901,6,1,69000.00,69000.00,"[{"name": "Vừa", "variant_id": 59, "price_adjustment": 0}]","Nhiều đá"
1289,901,50,2,20000.00,40000.00,"[{"name": "Vừa", "variant_id": 59, "price_adjustment": 0}]","NULL"
1290,902,16,1,59000.00,59000.00,"[{"name": "Vừa", "variant_id": 59, "price_adjustment": 0}]","NULL"
1291,903,33,1,55000.00,55000.00,NULL,"NULL"
1292,903,60,2,22000.00,44000.00,NULL,"NULL"
1293,904,31,2,55000.00,110000.00,"[{"name": "Vừa", "variant_id": 59, "price_adjustment": 0}]","Ít đường"
1294,905,20,1,45000.00,45000.00,"[{"name": "Vừa", "variant_id": 59, "price_adjustment": 0}]","Nhiều đá"
1295,905,51,2,19000.00,38000.00,"[{"name": "Vừa", "variant_id": 59, "price_adjustment": 0}]","NULL"
1296,906,20,2,45000.00,90000.00,"[{"name": "Vừa", "variant_id": 59, "price_adjustment": 0}]","Ít đá"
1297,907,41,2,55000.00,110000.00,"[{"name": "Vừa", "variant_id": 59, "price_adjustment": 0}]","NULL"
1298,907,63,2,39000.00,78000.00,"[{"name": "Vừa", "variant_id": 59, "price_adjustment": 0}]","NULL"
1299,908,20,2,45000.00,90000.00,"[{"name": "Vừa", "variant_id": 59, "price_adjustment": 0}]","Nhiều đá"
1300,909,11,1,45000.00,45000.00,NULL,"Ít đá"
1301,909,51,1,19000.00,19000.00,"[{"name": "Vừa", "variant_id": 59, "price_adjustment": 0}]","NULL"
1302,910,33,2,55000.00,110000.00,NULL,"NULL"
1303,911,41,1,55000.00,55000.00,"[{"name": "Vừa", "variant_id": 59, "price_adjustment": 0}]","NULL"
1304,911,61,2,19000.00,38000.00,"[{"name": "Vừa", "variant_id": 59, "price_adjustment": 0}]","NULL"
1305,912,1,2,45000.00,90000.00,"[{"name": "Vừa", "variant_id": 59, "price_adjustment": 0}]","Nhiều đá"
1306,912,47,2,35000.00,70000.00,NULL,"NULL"
1307,913,42,2,55000.00,110000.00,NULL,"NULL"
1308,914,22,1,39000.00,39000.00,NULL,"NULL"
1309,914,50,2,20000.00,40000.00,"[{"name": "Vừa", "variant_id": 59, "price_adjustment": 0}]","NULL"
1310,915,20,1,45000.00,45000.00,"[{"name": "Vừa", "variant_id": 59, "price_adjustment": 0}]","NULL"
1311,915,60,2,22000.00,44000.00,"[{"name": "Vừa", "variant_id": 59, "price_adjustment": 0}]","NULL"
1312,916,4,1,55000.00,55000.00,"[{"name": "Vừa", "variant_id": 59, "price_adjustment": 0}]","NULL"
1313,917,11,2,45000.00,90000.00,"[{"name": "Vừa", "variant_id": 59, "price_adjustment": 0}]","NULL"
1314,918,33,2,55000.00,110000.00,"[{"name": "Vừa", "variant_id": 59, "price_adjustment": 0}]","NULL"
1315,919,13,2,55000.00,110000.00,"[{"name": "Vừa", "variant_id": 59, "price_adjustment": 0}]","Nhiều đá"
1316,920,36,2,49000.00,98000.00,"[{"name": "Vừa", "variant_id": 59, "price_adjustment": 0}]","NULL"
1317,920,63,1,39000.00,39000.00,NULL,"NULL"
1318,921,8,2,49000.00,98000.00,NULL,"NULL"
1319,922,9,2,49000.00,98000.00,"[{"name": "Vừa", "variant_id": 59, "price_adjustment": 0}]","NULL"
1320,923,25,2,39000.00,78000.00,NULL,"NULL"
1321,924,28,1,49000.00,49000.00,NULL,"NULL"
1322,925,5,2,65000.00,130000.00,"[{"name": "Vừa", "variant_id": 59, "price_adjustment": 0}]","NULL"
1323,925,49,1,55000.00,55000.00,"[{"name": "Vừa", "variant_id": 59, "price_adjustment": 0}]","NULL"
1324,926,46,2,55000.00,110000.00,"[{"name": "Vừa", "variant_id": 59, "price_adjustment": 0}]","NULL"
1325,927,16,2,59000.00,118000.00,"[{"name": "Vừa", "variant_id": 59, "price_adjustment": 0}]","NULL"
1326,928,11,2,45000.00,90000.00,NULL,"NULL"
1327,928,60,1,22000.00,22000.00,"[{"name": "Vừa", "variant_id": 59, "price_adjustment": 0}]","NULL"
1328,929,16,1,59000.00,59000.00,"[{"name": "Vừa", "variant_id": 59, "price_adjustment": 0}]","NULL"
1329,930,6,1,69000.00,69000.00,"[{"name": "Vừa", "variant_id": 59, "price_adjustment": 0}]","Nhiều đá"
1330,930,37,2,59000.00,118000.00,NULL,"NULL"
1331,931,8,1,49000.00,49000.00,"[{"name": "Vừa", "variant_id": 59, "price_adjustment": 0}]","Nhiều đá"
1332,932,8,1,49000.00,49000.00,"[{"name": "Vừa", "variant_id": 59, "price_adjustment": 0}]","NULL"
1333,932,50,2,20000.00,40000.00,NULL,"NULL"
1334,933,16,1,59000.00,59000.00,"[{"name": "Vừa", "variant_id": 59, "price_adjustment": 0}]","NULL"
1335,934,20,2,45000.00,90000.00,"[{"name": "Vừa", "variant_id": 59, "price_adjustment": 0}]","Nhiều đá"
1336,934,61,2,19000.00,38000.00,NULL,"NULL"
1337,935,4,1,55000.00,55000.00,NULL,"NULL"
1338,935,62,1,39000.00,39000.00,NULL,"NULL"
1339,936,27,1,45000.00,45000.00,"[{"name": "Vừa", "variant_id": 59, "price_adjustment": 0}]","NULL"
1340,936,60,2,22000.00,44000.00,"[{"name": "Vừa", "variant_id": 59, "price_adjustment": 0}]","NULL"
1341,937,24,2,39000.00,78000.00,NULL,"NULL"
1342,938,5,1,65000.00,65000.00,"[{"name": "Vừa", "variant_id": 59, "price_adjustment": 0}]","NULL"
1343,939,10,1,49000.00,49000.00,NULL,"NULL"
1344,939,61,1,19000.00,19000.00,"[{"name": "Vừa", "variant_id": 59, "price_adjustment": 0}]","NULL"
1345,939,21,1,39000.00,39000.00,"[{"name": "Vừa", "variant_id": 59, "price_adjustment": 0}]","Ít đường"
1346,940,27,1,45000.00,45000.00,NULL,"NULL"
1347,940,59,2,22000.00,44000.00,"[{"name": "Vừa", "variant_id": 59, "price_adjustment": 0}]","NULL"
1348,940,3,1,55000.00,55000.00,"[{"name": "Vừa", "variant_id": 59, "price_adjustment": 0}]","NULL"
1349,941,2,1,49000.00,49000.00,"[{"name": "Vừa", "variant_id": 59, "price_adjustment": 0}]","Ít đường"
1350,942,23,1,39000.00,39000.00,"[{"name": "Vừa", "variant_id": 59, "price_adjustment": 0}]","NULL"
1351,943,37,1,59000.00,59000.00,NULL,"Nhiều đá"
1352,943,63,2,39000.00,78000.00,"[{"name": "Vừa", "variant_id": 59, "price_adjustment": 0}]","Ít đá"
1353,944,28,1,49000.00,49000.00,"[{"name": "Vừa", "variant_id": 59, "price_adjustment": 0}]","NULL"
1354,945,40,1,55000.00,55000.00,NULL,"NULL"
1355,946,5,1,65000.00,65000.00,"[{"name": "Vừa", "variant_id": 59, "price_adjustment": 0}]","NULL"
1356,947,16,1,59000.00,59000.00,"[{"name": "Vừa", "variant_id": 59, "price_adjustment": 0}]","NULL"
1357,948,4,1,55000.00,55000.00,NULL,"NULL"
1358,949,11,2,45000.00,90000.00,NULL,"Ít đá"
1359,950,5,1,65000.00,65000.00,"[{"name": "Vừa", "variant_id": 59, "price_adjustment": 0}]","Nhiều đá"
1360,950,40,1,55000.00,55000.00,NULL,"NULL"
1361,951,46,1,55000.00,55000.00,"[{"name": "Vừa", "variant_id": 59, "price_adjustment": 0}]","NULL"
1362,952,44,1,39000.00,39000.00,NULL,"NULL"
1363,953,28,1,49000.00,49000.00,NULL,"Nhiều đá"
1364,954,15,2,59000.00,118000.00,NULL,"Ít đá"
1365,955,5,1,65000.00,65000.00,"[{"name": "Vừa", "variant_id": 59, "price_adjustment": 0}]","NULL"
1366,955,60,1,22000.00,22000.00,NULL,"NULL"
1367,956,28,1,49000.00,49000.00,NULL,"NULL"
1368,957,15,1,59000.00,59000.00,NULL,"NULL"
1369,958,12,2,59000.00,118000.00,"[{"name": "Vừa", "variant_id": 59, "price_adjustment": 0}]","Nhiều đá"
1370,959,36,2,49000.00,98000.00,"[{"name": "Vừa", "variant_id": 59, "price_adjustment": 0}]","Ít đá"
1371,960,45,2,55000.00,110000.00,"[{"name": "Vừa", "variant_id": 59, "price_adjustment": 0}]","NULL"
1372,960,63,1,39000.00,39000.00,"[{"name": "Vừa", "variant_id": 59, "price_adjustment": 0}]","NULL"
1373,960,46,2,55000.00,110000.00,NULL,"Nhiều đá"
1374,961,25,1,39000.00,39000.00,NULL,"NULL"
1375,962,16,2,59000.00,118000.00,NULL,"NULL"
1376,962,54,2,19000.00,38000.00,"[{"name": "Vừa", "variant_id": 59, "price_adjustment": 0}]","NULL"
1377,963,39,2,55000.00,110000.00,"[{"name": "Vừa", "variant_id": 59, "price_adjustment": 0}]","NULL"
1378,964,25,1,39000.00,39000.00,"[{"name": "Vừa", "variant_id": 59, "price_adjustment": 0}]","NULL"
1379,965,24,1,39000.00,39000.00,NULL,"NULL"
1380,966,26,1,39000.00,39000.00,"[{"name": "Vừa", "variant_id": 59, "price_adjustment": 0}]","NULL"
1381,967,23,1,39000.00,39000.00,"[{"name": "Vừa", "variant_id": 59, "price_adjustment": 0}]","Nhiều đá"
1382,968,12,1,59000.00,59000.00,"[{"name": "Vừa", "variant_id": 59, "price_adjustment": 0}]","NULL"
1383,968,61,2,19000.00,38000.00,NULL,"NULL"
1384,968,25,2,39000.00,78000.00,"[{"name": "Vừa", "variant_id": 59, "price_adjustment": 0}]","NULL"
1385,969,16,1,59000.00,59000.00,"[{"name": "Vừa", "variant_id": 59, "price_adjustment": 0}]","NULL"
1386,970,39,1,55000.00,55000.00,NULL,"NULL"
1387,971,9,1,49000.00,49000.00,NULL,"Nhiều đá"
1388,972,21,2,39000.00,78000.00,NULL,"NULL"
1389,973,25,2,39000.00,78000.00,"[{"name": "Vừa", "variant_id": 59, "price_adjustment": 0}]","NULL"
1390,973,36,2,49000.00,98000.00,"[{"name": "Vừa", "variant_id": 59, "price_adjustment": 0}]","Nhiều đá"
1391,974,21,1,39000.00,39000.00,"[{"name": "Vừa", "variant_id": 59, "price_adjustment": 0}]","NULL"
1392,975,45,2,55000.00,110000.00,"[{"name": "Vừa", "variant_id": 59, "price_adjustment": 0}]","NULL"
1393,976,1,2,45000.00,90000.00,"[{"name": "Vừa", "variant_id": 59, "price_adjustment": 0}]","NULL"
1394,977,1,2,45000.00,90000.00,NULL,"NULL"
1395,977,49,2,55000.00,110000.00,"[{"name": "Vừa", "variant_id": 59, "price_adjustment": 0}]","NULL"
1396,977,22,1,39000.00,39000.00,"[{"name": "Vừa", "variant_id": 59, "price_adjustment": 0}]","NULL"
1397,978,46,2,55000.00,110000.00,"[{"name": "Vừa", "variant_id": 59, "price_adjustment": 0}]","NULL"
1398,979,29,2,45000.00,90000.00,NULL,"NULL"
1399,980,39,2,55000.00,110000.00,"[{"name": "Vừa", "variant_id": 59, "price_adjustment": 0}]","NULL"
1400,980,51,2,19000.00,38000.00,"[{"name": "Vừa", "variant_id": 59, "price_adjustment": 0}]","NULL"
1401,980,3,1,55000.00,55000.00,"[{"name": "Vừa", "variant_id": 59, "price_adjustment": 0}]","NULL"
1402,981,24,2,39000.00,78000.00,"[{"name": "Vừa", "variant_id": 59, "price_adjustment": 0}]","NULL"
1403,981,62,1,39000.00,39000.00,"[{"name": "Vừa", "variant_id": 59, "price_adjustment": 0}]","NULL"
1404,981,37,1,59000.00,59000.00,"[{"name": "Vừa", "variant_id": 59, "price_adjustment": 0}]","NULL"
1405,982,46,1,55000.00,55000.00,"[{"name": "Vừa", "variant_id": 59, "price_adjustment": 0}]","NULL"
1406,983,36,1,49000.00,49000.00,"[{"name": "Vừa", "variant_id": 59, "price_adjustment": 0}]","NULL"
1407,984,23,1,39000.00,39000.00,"[{"name": "Vừa", "variant_id": 59, "price_adjustment": 0}]","Nhiều đá"
1408,985,5,2,65000.00,130000.00,"[{"name": "Vừa", "variant_id": 59, "price_adjustment": 0}]","Ít đường"
1409,985,49,2,55000.00,110000.00,"[{"name": "Vừa", "variant_id": 59, "price_adjustment": 0}]","Ít đường"
1410,986,45,2,55000.00,110000.00,"[{"name": "Vừa", "variant_id": 59, "price_adjustment": 0}]","NULL"
1411,986,53,2,19000.00,38000.00,"[{"name": "Vừa", "variant_id": 59, "price_adjustment": 0}]","Nhiều đá"
1412,987,40,1,55000.00,55000.00,NULL,"NULL"
1413,988,36,1,49000.00,49000.00,"[{"name": "Vừa", "variant_id": 59, "price_adjustment": 0}]","NULL"
1414,988,50,1,20000.00,20000.00,NULL,"Ít đường"
1415,989,32,1,55000.00,55000.00,NULL,"NULL"
1416,990,17,2,65000.00,130000.00,"[{"name": "Vừa", "variant_id": 59, "price_adjustment": 0}]","NULL"
1417,990,68,2,39000.00,78000.00,"[{"name": "Vừa", "variant_id": 59, "price_adjustment": 0}]","NULL"
1418,991,37,1,59000.00,59000.00,"[{"name": "Vừa", "variant_id": 59, "price_adjustment": 0}]","NULL"
1419,991,47,2,35000.00,70000.00,"[{"name": "Vừa", "variant_id": 59, "price_adjustment": 0}]","NULL"
1420,992,35,1,59000.00,59000.00,NULL,"NULL"
1421,992,59,2,22000.00,44000.00,"[{"name": "Vừa", "variant_id": 59, "price_adjustment": 0}]","NULL"
1422,993,5,2,65000.00,130000.00,"[{"name": "Vừa", "variant_id": 59, "price_adjustment": 0}]","Nhiều đá"
1423,994,32,1,55000.00,55000.00,"[{"name": "Vừa", "variant_id": 59, "price_adjustment": 0}]","NULL"
1424,995,8,2,49000.00,98000.00,"[{"name": "Vừa", "variant_id": 59, "price_adjustment": 0}]","NULL"
1425,996,41,2,55000.00,110000.00,"[{"name": "Vừa", "variant_id": 59, "price_adjustment": 0}]","NULL"
1426,997,46,2,55000.00,110000.00,NULL,"NULL"
1427,997,60,1,22000.00,22000.00,"[{"name": "Vừa", "variant_id": 59, "price_adjustment": 0}]","NULL"
1428,998,46,2,55000.00,110000.00,"[{"name": "Vừa", "variant_id": 59, "price_adjustment": 0}]","NULL"
1429,999,26,2,39000.00,78000.00,"[{"name": "Vừa", "variant_id": 59, "price_adjustment": 0}]","Ít đường"
1430,999,47,2,35000.00,70000.00,"[{"name": "Vừa", "variant_id": 59, "price_adjustment": 0}]","Nhiều đá"
1431,1000,23,2,39000.00,78000.00,"[{"name": "Vừa", "variant_id": 59, "price_adjustment": 0}]","NULL"
1432,1000,58,2,29000.00,58000.00,"[{"name": "Vừa", "variant_id": 59, "price_adjustment": 0}]","NULL"
1433,1001,1,1,45000.00,45000.00,"[{"name": "Vừa", "variant_id": 59, "price_adjustment": 0}]","NULL"
1434,1001,61,1,19000.00,19000.00,NULL,"NULL"
1435,1002,4,2,55000.00,110000.00,NULL,"NULL"
1436,1002,59,2,22000.00,44000.00,NULL,"Nhiều đá"
1437,1003,23,2,39000.00,78000.00,"[{"name": "Vừa", "variant_id": 59, "price_adjustment": 0}]","Ít đường"
1438,1003,56,1,35000.00,35000.00,"[{"name": "Vừa", "variant_id": 59, "price_adjustment": 0}]","NULL"
1439,1004,29,2,45000.00,90000.00,"[{"name": "Vừa", "variant_id": 59, "price_adjustment": 0}]","NULL"
1440,1005,26,1,39000.00,39000.00,NULL,"NULL"
1441,1005,53,2,19000.00,38000.00,NULL,"NULL"
1442,1006,43,2,55000.00,110000.00,"[{"name": "Vừa", "variant_id": 59, "price_adjustment": 0}]","NULL"
1443,1007,22,1,39000.00,39000.00,NULL,"Nhiều đá"
1444,1008,17,2,65000.00,130000.00,"[{"name": "Vừa", "variant_id": 59, "price_adjustment": 0}]","NULL"
1445,1008,47,1,35000.00,35000.00,"[{"name": "Vừa", "variant_id": 59, "price_adjustment": 0}]","NULL"
1446,1009,28,2,49000.00,98000.00,"[{"name": "Vừa", "variant_id": 59, "price_adjustment": 0}]","NULL"
1447,1009,63,2,39000.00,78000.00,"[{"name": "Vừa", "variant_id": 59, "price_adjustment": 0}]","NULL"
1448,1010,28,2,49000.00,98000.00,NULL,"Nhiều đá"
1449,1011,1,1,45000.00,45000.00,"[{"name": "Vừa", "variant_id": 59, "price_adjustment": 0}]","NULL"
1450,1012,21,2,39000.00,78000.00,"[{"name": "Vừa", "variant_id": 59, "price_adjustment": 0}]","NULL"
1451,1012,55,1,19000.00,19000.00,"[{"name": "Vừa", "variant_id": 59, "price_adjustment": 0}]","Ít đá"
1452,1013,4,1,55000.00,55000.00,"[{"name": "Vừa", "variant_id": 59, "price_adjustment": 0}]","NULL"
1453,1014,1,2,45000.00,90000.00,"[{"name": "Vừa", "variant_id": 59, "price_adjustment": 0}]","NULL"
1454,1015,18,2,65000.00,130000.00,"[{"name": "Vừa", "variant_id": 59, "price_adjustment": 0}]","NULL"
1455,1015,61,2,19000.00,38000.00,"[{"name": "Vừa", "variant_id": 59, "price_adjustment": 0}]","NULL"
1456,1015,17,2,65000.00,130000.00,"[{"name": "Vừa", "variant_id": 59, "price_adjustment": 0}]","NULL"
1457,1016,1,2,45000.00,90000.00,"[{"name": "Vừa", "variant_id": 59, "price_adjustment": 0}]","NULL"
1458,1017,23,1,39000.00,39000.00,"[{"name": "Vừa", "variant_id": 59, "price_adjustment": 0}]","NULL"
1459,1018,33,2,55000.00,110000.00,NULL,"Ít đá"
1460,1018,53,2,19000.00,38000.00,NULL,"NULL"
1461,1019,46,1,55000.00,55000.00,NULL,"NULL"
1462,1020,29,2,45000.00,90000.00,"[{"name": "Vừa", "variant_id": 59, "price_adjustment": 0}]","NULL"
1463,1021,42,2,55000.00,110000.00,"[{"name": "Vừa", "variant_id": 59, "price_adjustment": 0}]","NULL"
1464,1022,23,2,39000.00,78000.00,"[{"name": "Vừa", "variant_id": 59, "price_adjustment": 0}]","Ít đá"
1465,1023,4,1,55000.00,55000.00,"[{"name": "Vừa", "variant_id": 59, "price_adjustment": 0}]","NULL"
1466,1023,48,1,55000.00,55000.00,NULL,"NULL"
1467,1024,23,1,39000.00,39000.00,NULL,"NULL"
1468,1024,49,2,55000.00,110000.00,"[{"name": "Vừa", "variant_id": 59, "price_adjustment": 0}]","Ít đá"
1469,1025,23,2,39000.00,78000.00,NULL,"Ít đá"
1470,1025,47,2,35000.00,70000.00,"[{"name": "Vừa", "variant_id": 59, "price_adjustment": 0}]","NULL"
1471,1026,31,2,55000.00,110000.00,"[{"name": "Vừa", "variant_id": 59, "price_adjustment": 0}]","NULL"
1472,1027,32,1,55000.00,55000.00,"[{"name": "Vừa", "variant_id": 59, "price_adjustment": 0}]","NULL"
1473,1028,32,1,55000.00,55000.00,"[{"name": "Vừa", "variant_id": 59, "price_adjustment": 0}]","Ít đá"
1474,1028,50,2,20000.00,40000.00,NULL,"NULL"
1475,1029,46,1,55000.00,55000.00,"[{"name": "Vừa", "variant_id": 59, "price_adjustment": 0}]","NULL"
1476,1029,58,2,29000.00,58000.00,NULL,"NULL"
1477,1030,5,2,65000.00,130000.00,"[{"name": "Vừa", "variant_id": 59, "price_adjustment": 0}]","NULL"
1478,1031,34,1,49000.00,49000.00,"[{"name": "Vừa", "variant_id": 59, "price_adjustment": 0}]","NULL"
1479,1031,48,2,55000.00,110000.00,"[{"name": "Vừa", "variant_id": 59, "price_adjustment": 0}]","NULL"
1480,1032,1,2,45000.00,90000.00,NULL,"NULL"
1481,1032,54,2,19000.00,38000.00,NULL,"NULL"
1482,1033,39,1,55000.00,55000.00,"[{"name": "Vừa", "variant_id": 59, "price_adjustment": 0}]","Nhiều đá"
1483,1033,7,1,39000.00,39000.00,"[{"name": "Vừa", "variant_id": 59, "price_adjustment": 0}]","Nhiều đá"
1484,1034,14,2,49000.00,98000.00,"[{"name": "Vừa", "variant_id": 59, "price_adjustment": 0}]","NULL"
1485,1034,56,1,35000.00,35000.00,"[{"name": "Vừa", "variant_id": 59, "price_adjustment": 0}]","NULL"
1486,1035,1,2,45000.00,90000.00,NULL,"Ít đá"
1487,1036,7,1,39000.00,39000.00,NULL,"NULL"
1488,1036,62,1,39000.00,39000.00,"[{"name": "Vừa", "variant_id": 59, "price_adjustment": 0}]","NULL"
1489,1037,10,1,49000.00,49000.00,"[{"name": "Vừa", "variant_id": 59, "price_adjustment": 0}]","NULL"
1490,1038,18,2,65000.00,130000.00,"[{"name": "Vừa", "variant_id": 59, "price_adjustment": 0}]","NULL"
1491,1039,11,2,45000.00,90000.00,NULL,"NULL"
1492,1039,62,1,39000.00,39000.00,"[{"name": "Vừa", "variant_id": 59, "price_adjustment": 0}]","NULL"
1493,1040,40,1,55000.00,55000.00,NULL,"NULL"
1494,1041,40,1,55000.00,55000.00,"[{"name": "Vừa", "variant_id": 59, "price_adjustment": 0}]","NULL"
1495,1042,26,1,39000.00,39000.00,"[{"name": "Vừa", "variant_id": 59, "price_adjustment": 0}]","NULL"
1496,1043,10,2,49000.00,98000.00,"[{"name": "Vừa", "variant_id": 59, "price_adjustment": 0}]","NULL"
1497,1044,38,1,49000.00,49000.00,NULL,"NULL"
1498,1044,47,1,35000.00,35000.00,NULL,"Nhiều đá"
1499,1045,10,1,49000.00,49000.00,"[{"name": "Vừa", "variant_id": 59, "price_adjustment": 0}]","NULL"
1500,1046,17,2,65000.00,130000.00,"[{"name": "Vừa", "variant_id": 59, "price_adjustment": 0}]","NULL"
1501,1046,63,1,39000.00,39000.00,"[{"name": "Vừa", "variant_id": 59, "price_adjustment": 0}]","NULL"
1502,1047,24,2,39000.00,78000.00,"[{"name": "Vừa", "variant_id": 59, "price_adjustment": 0}]","NULL"
1503,1047,59,2,22000.00,44000.00,NULL,"NULL"
1504,1048,21,1,39000.00,39000.00,NULL,"NULL"
1505,1049,2,2,49000.00,98000.00,"[{"name": "Vừa", "variant_id": 59, "price_adjustment": 0}]","NULL"
1506,1050,26,1,39000.00,39000.00,"[{"name": "Vừa", "variant_id": 59, "price_adjustment": 0}]","NULL"
1507,1051,42,1,55000.00,55000.00,"[{"name": "Vừa", "variant_id": 59, "price_adjustment": 0}]","NULL"
1508,1051,63,1,39000.00,39000.00,"[{"name": "Vừa", "variant_id": 59, "price_adjustment": 0}]","NULL"
1509,1052,4,1,55000.00,55000.00,"[{"name": "Vừa", "variant_id": 59, "price_adjustment": 0}]","NULL"
1510,1052,52,2,19000.00,38000.00,"[{"name": "Vừa", "variant_id": 59, "price_adjustment": 0}]","NULL"
1511,1053,22,1,39000.00,39000.00,"[{"name": "Vừa", "variant_id": 59, "price_adjustment": 0}]","NULL"
1512,1054,6,2,69000.00,138000.00,NULL,"NULL"
1513,1055,46,1,55000.00,55000.00,"[{"name": "Vừa", "variant_id": 59, "price_adjustment": 0}]","NULL"
1514,1056,21,2,39000.00,78000.00,NULL,"Ít đường"
1515,1057,31,1,55000.00,55000.00,NULL,"NULL"
1516,1058,38,2,49000.00,98000.00,"[{"name": "Vừa", "variant_id": 59, "price_adjustment": 0}]","NULL"
1517,1059,24,2,39000.00,78000.00,NULL,"Ít đá"
1518,1060,35,2,59000.00,118000.00,"[{"name": "Vừa", "variant_id": 59, "price_adjustment": 0}]","NULL"
1519,1060,59,2,22000.00,44000.00,NULL,"Ít đá"
1520,1061,46,1,55000.00,55000.00,"[{"name": "Vừa", "variant_id": 59, "price_adjustment": 0}]","Nhiều đá"
1521,1061,52,2,19000.00,38000.00,"[{"name": "Vừa", "variant_id": 59, "price_adjustment": 0}]","NULL"
1522,1062,18,2,65000.00,130000.00,"[{"name": "Vừa", "variant_id": 59, "price_adjustment": 0}]","NULL"
1523,1062,60,1,22000.00,22000.00,"[{"name": "Vừa", "variant_id": 59, "price_adjustment": 0}]","NULL"
1524,1063,4,1,55000.00,55000.00,NULL,"NULL"
1525,1064,2,2,49000.00,98000.00,NULL,"NULL"
1526,1065,37,2,59000.00,118000.00,"[{"name": "Vừa", "variant_id": 59, "price_adjustment": 0}]","Ít đá"
1527,1065,61,2,19000.00,38000.00,NULL,"NULL"
1528,1066,38,1,49000.00,49000.00,"[{"name": "Vừa", "variant_id": 59, "price_adjustment": 0}]","Nhiều đá"
1529,1067,22,2,39000.00,78000.00,"[{"name": "Vừa", "variant_id": 59, "price_adjustment": 0}]","NULL"
1530,1067,61,2,19000.00,38000.00,NULL,"Ít đá"
1531,1068,25,1,39000.00,39000.00,"[{"name": "Vừa", "variant_id": 59, "price_adjustment": 0}]","NULL"
1532,1069,16,2,59000.00,118000.00,"[{"name": "Vừa", "variant_id": 59, "price_adjustment": 0}]","NULL"
1533,1070,34,2,49000.00,98000.00,"[{"name": "Vừa", "variant_id": 59, "price_adjustment": 0}]","NULL"
1534,1070,9,1,49000.00,49000.00,"[{"name": "Vừa", "variant_id": 59, "price_adjustment": 0}]","Ít đường"
1535,1071,37,1,59000.00,59000.00,NULL,"NULL"
1536,1072,40,2,55000.00,110000.00,"[{"name": "Vừa", "variant_id": 59, "price_adjustment": 0}]","Ít đường"
1537,1073,24,1,39000.00,39000.00,"[{"name": "Vừa", "variant_id": 59, "price_adjustment": 0}]","NULL"
1538,1074,7,2,39000.00,78000.00,"[{"name": "Vừa", "variant_id": 59, "price_adjustment": 0}]","NULL"
1539,1074,59,2,22000.00,44000.00,"[{"name": "Vừa", "variant_id": 59, "price_adjustment": 0}]","NULL"
1540,1075,40,1,55000.00,55000.00,"[{"name": "Vừa", "variant_id": 59, "price_adjustment": 0}]","Ít đường"
1541,1076,41,1,55000.00,55000.00,"[{"name": "Vừa", "variant_id": 59, "price_adjustment": 0}]","NULL"
1542,1076,50,1,20000.00,20000.00,"[{"name": "Vừa", "variant_id": 59, "price_adjustment": 0}]","NULL"
1543,1076,30,2,49000.00,98000.00,"[{"name": "Vừa", "variant_id": 59, "price_adjustment": 0}]","NULL"
1544,1077,16,1,59000.00,59000.00,"[{"name": "Vừa", "variant_id": 59, "price_adjustment": 0}]","NULL"
1545,1078,15,2,59000.00,118000.00,"[{"name": "Vừa", "variant_id": 59, "price_adjustment": 0}]","Nhiều đá"
1546,1078,64,2,59000.00,118000.00,"[{"name": "Vừa", "variant_id": 59, "price_adjustment": 0}]","NULL"
1547,1079,7,1,39000.00,39000.00,NULL,"Ít đá"
1548,1080,41,2,55000.00,110000.00,"[{"name": "Vừa", "variant_id": 59, "price_adjustment": 0}]","NULL"
1549,1081,22,1,39000.00,39000.00,"[{"name": "Vừa", "variant_id": 59, "price_adjustment": 0}]","NULL"
1550,1082,46,1,55000.00,55000.00,"[{"name": "Vừa", "variant_id": 59, "price_adjustment": 0}]","NULL"
1551,1083,22,2,39000.00,78000.00,NULL,"NULL"
1552,1083,61,1,19000.00,19000.00,"[{"name": "Vừa", "variant_id": 59, "price_adjustment": 0}]","NULL"
1553,1084,16,2,59000.00,118000.00,"[{"name": "Vừa", "variant_id": 59, "price_adjustment": 0}]","Ít đá"
1554,1084,58,1,29000.00,29000.00,"[{"name": "Vừa", "variant_id": 59, "price_adjustment": 0}]","Nhiều đá"
1555,1085,34,1,49000.00,49000.00,"[{"name": "Vừa", "variant_id": 59, "price_adjustment": 0}]","NULL"
1556,1086,23,1,39000.00,39000.00,NULL,"NULL"
1557,1087,46,2,55000.00,110000.00,NULL,"NULL"
1558,1088,12,2,59000.00,118000.00,"[{"name": "Vừa", "variant_id": 59, "price_adjustment": 0}]","NULL"
1559,1089,35,1,59000.00,59000.00,NULL,"NULL"
1560,1089,63,2,39000.00,78000.00,"[{"name": "Vừa", "variant_id": 59, "price_adjustment": 0}]","NULL"
1561,1090,23,1,39000.00,39000.00,NULL,"NULL"
1562,1090,31,1,55000.00,55000.00,"[{"name": "Vừa", "variant_id": 59, "price_adjustment": 0}]","NULL"
1563,1091,4,1,55000.00,55000.00,"[{"name": "Vừa", "variant_id": 59, "price_adjustment": 0}]","NULL"
1564,1092,7,1,39000.00,39000.00,NULL,"NULL"
1565,1093,16,1,59000.00,59000.00,"[{"name": "Vừa", "variant_id": 59, "price_adjustment": 0}]","NULL"
1566,1094,6,1,69000.00,69000.00,"[{"name": "Vừa", "variant_id": 59, "price_adjustment": 0}]","NULL"
1567,1095,1,2,45000.00,90000.00,NULL,"NULL"
1568,1095,49,2,55000.00,110000.00,"[{"name": "Vừa", "variant_id": 59, "price_adjustment": 0}]","Ít đường"
1569,1096,26,2,39000.00,78000.00,"[{"name": "Vừa", "variant_id": 59, "price_adjustment": 0}]","NULL"
1570,1097,16,2,59000.00,118000.00,"[{"name": "Vừa", "variant_id": 59, "price_adjustment": 0}]","NULL"
1571,1097,63,2,39000.00,78000.00,"[{"name": "Vừa", "variant_id": 59, "price_adjustment": 0}]","NULL"
1572,1098,46,1,55000.00,55000.00,"[{"name": "Vừa", "variant_id": 59, "price_adjustment": 0}]","NULL"
1573,1098,51,1,19000.00,19000.00,NULL,"NULL"
1574,1099,15,1,59000.00,59000.00,"[{"name": "Vừa", "variant_id": 59, "price_adjustment": 0}]","NULL"
1575,1100,24,2,39000.00,78000.00,"[{"name": "Vừa", "variant_id": 59, "price_adjustment": 0}]","Ít đường"
1576,1100,46,2,55000.00,110000.00,"[{"name": "Vừa", "variant_id": 59, "price_adjustment": 0}]","NULL"
1577,1101,8,2,49000.00,98000.00,NULL,"NULL"
1578,1102,1,2,45000.00,90000.00,"[{"name": "Vừa", "variant_id": 59, "price_adjustment": 0}]","NULL"
1579,1103,21,2,39000.00,78000.00,"[{"name": "Vừa", "variant_id": 59, "price_adjustment": 0}]","NULL"
1580,1104,36,1,49000.00,49000.00,"[{"name": "Vừa", "variant_id": 59, "price_adjustment": 0}]","Ít đường"
1581,1104,58,2,29000.00,58000.00,"[{"name": "Vừa", "variant_id": 59, "price_adjustment": 0}]","NULL"
1582,1105,13,1,55000.00,55000.00,NULL,"NULL"
1583,1105,56,2,35000.00,70000.00,"[{"name": "Vừa", "variant_id": 59, "price_adjustment": 0}]","NULL"
1584,1106,10,2,49000.00,98000.00,"[{"name": "Vừa", "variant_id": 59, "price_adjustment": 0}]","NULL"
1585,1107,23,1,39000.00,39000.00,"[{"name": "Vừa", "variant_id": 59, "price_adjustment": 0}]","NULL"
1586,1108,15,1,59000.00,59000.00,NULL,"NULL"
1587,1109,23,2,39000.00,78000.00,"[{"name": "Vừa", "variant_id": 59, "price_adjustment": 0}]","NULL"
1588,1110,36,1,49000.00,49000.00,"[{"name": "Vừa", "variant_id": 59, "price_adjustment": 0}]","NULL"
1589,1110,48,2,55000.00,110000.00,"[{"name": "Vừa", "variant_id": 59, "price_adjustment": 0}]","NULL"
1590,1111,23,1,39000.00,39000.00,NULL,"NULL"
1591,1112,10,1,49000.00,49000.00,"[{"name": "Vừa", "variant_id": 59, "price_adjustment": 0}]","NULL"
1592,1113,20,1,45000.00,45000.00,NULL,"NULL"
1593,1114,4,1,55000.00,55000.00,"[{"name": "Vừa", "variant_id": 59, "price_adjustment": 0}]","NULL"
1594,1115,20,2,45000.00,90000.00,"[{"name": "Vừa", "variant_id": 59, "price_adjustment": 0}]","NULL"
1595,1115,63,1,39000.00,39000.00,"[{"name": "Vừa", "variant_id": 59, "price_adjustment": 0}]","Nhiều đá"
1596,1116,13,2,55000.00,110000.00,NULL,"NULL"
1597,1116,59,1,22000.00,22000.00,NULL,"Nhiều đá"
1598,1117,1,1,45000.00,45000.00,"[{"name": "Vừa", "variant_id": 59, "price_adjustment": 0}]","NULL"
1599,1117,52,1,19000.00,19000.00,NULL,"Nhiều đá"
1600,1118,22,2,39000.00,78000.00,"[{"name": "Vừa", "variant_id": 59, "price_adjustment": 0}]","NULL"
1601,1119,4,1,55000.00,55000.00,"[{"name": "Vừa", "variant_id": 59, "price_adjustment": 0}]","NULL"
1602,1119,53,1,19000.00,19000.00,"[{"name": "Vừa", "variant_id": 59, "price_adjustment": 0}]","NULL"
1603,1120,20,2,45000.00,90000.00,"[{"name": "Vừa", "variant_id": 59, "price_adjustment": 0}]","Nhiều đá"
1604,1121,5,2,65000.00,130000.00,"[{"name": "Vừa", "variant_id": 59, "price_adjustment": 0}]","NULL"
1605,1121,60,2,22000.00,44000.00,"[{"name": "Vừa", "variant_id": 59, "price_adjustment": 0}]","NULL"
1606,1122,11,1,45000.00,45000.00,"[{"name": "Vừa", "variant_id": 59, "price_adjustment": 0}]","NULL"
1607,1123,42,1,55000.00,55000.00,NULL,"Nhiều đá"
1608,1124,28,1,49000.00,49000.00,"[{"name": "Vừa", "variant_id": 59, "price_adjustment": 0}]","NULL"
1609,1125,30,2,49000.00,98000.00,"[{"name": "Vừa", "variant_id": 59, "price_adjustment": 0}]","NULL"
1610,1126,5,1,65000.00,65000.00,"[{"name": "Vừa", "variant_id": 59, "price_adjustment": 0}]","NULL"
1611,1127,2,1,49000.00,49000.00,NULL,"NULL"
1612,1128,29,1,45000.00,45000.00,"[{"name": "Vừa", "variant_id": 59, "price_adjustment": 0}]","NULL"
1613,1128,57,1,39000.00,39000.00,"[{"name": "Vừa", "variant_id": 59, "price_adjustment": 0}]","NULL"
1614,1129,5,1,65000.00,65000.00,"[{"name": "Vừa", "variant_id": 59, "price_adjustment": 0}]","NULL"
1615,1129,57,2,39000.00,78000.00,"[{"name": "Vừa", "variant_id": 59, "price_adjustment": 0}]","NULL"
1616,1130,44,2,39000.00,78000.00,NULL,"NULL"
1617,1131,6,2,69000.00,138000.00,"[{"name": "Vừa", "variant_id": 59, "price_adjustment": 0}]","Ít đá"
1618,1131,61,2,19000.00,38000.00,"[{"name": "Vừa", "variant_id": 59, "price_adjustment": 0}]","NULL"
1619,1131,1,2,45000.00,90000.00,NULL,"NULL"
1620,1132,35,2,59000.00,118000.00,NULL,"NULL"
1621,1133,46,1,55000.00,55000.00,"[{"name": "Vừa", "variant_id": 59, "price_adjustment": 0}]","NULL"
1622,1134,1,2,45000.00,90000.00,NULL,"Ít đá"
1623,1135,14,1,49000.00,49000.00,"[{"name": "Vừa", "variant_id": 59, "price_adjustment": 0}]","NULL"
1624,1136,21,2,39000.00,78000.00,"[{"name": "Vừa", "variant_id": 59, "price_adjustment": 0}]","Nhiều đá"
1625,1137,9,2,49000.00,98000.00,NULL,"NULL"
1626,1138,17,1,65000.00,65000.00,"[{"name": "Vừa", "variant_id": 59, "price_adjustment": 0}]","NULL"
1627,1139,2,2,49000.00,98000.00,NULL,"NULL"
1628,1140,33,1,55000.00,55000.00,"[{"name": "Vừa", "variant_id": 59, "price_adjustment": 0}]","NULL"
1629,1141,6,2,69000.00,138000.00,"[{"name": "Vừa", "variant_id": 59, "price_adjustment": 0}]","NULL"
1630,1141,61,1,19000.00,19000.00,"[{"name": "Vừa", "variant_id": 59, "price_adjustment": 0}]","NULL"
1631,1141,31,2,55000.00,110000.00,NULL,"Ít đá"
1632,1142,13,2,55000.00,110000.00,NULL,"NULL"
1633,1143,3,2,55000.00,110000.00,"[{"name": "Vừa", "variant_id": 59, "price_adjustment": 0}]","NULL"
1634,1144,46,1,55000.00,55000.00,"[{"name": "Vừa", "variant_id": 59, "price_adjustment": 0}]","NULL"
1635,1145,8,2,49000.00,98000.00,"[{"name": "Vừa", "variant_id": 59, "price_adjustment": 0}]","NULL"
1636,1145,55,2,19000.00,38000.00,NULL,"NULL"
1637,1146,8,1,49000.00,49000.00,"[{"name": "Vừa", "variant_id": 59, "price_adjustment": 0}]","Nhiều đá"
1638,1147,42,1,55000.00,55000.00,"[{"name": "Vừa", "variant_id": 59, "price_adjustment": 0}]","NULL"
1639,1148,41,1,55000.00,55000.00,"[{"name": "Vừa", "variant_id": 59, "price_adjustment": 0}]","NULL"
1640,1149,10,1,49000.00,49000.00,NULL,"NULL"
1641,1149,61,1,19000.00,19000.00,NULL,"NULL"
1642,1150,15,1,59000.00,59000.00,NULL,"Ít đá"
1643,1150,60,1,22000.00,22000.00,"[{"name": "Vừa", "variant_id": 59, "price_adjustment": 0}]","NULL"
1644,1151,10,1,49000.00,49000.00,NULL,"NULL"
1645,1151,63,2,39000.00,78000.00,"[{"name": "Vừa", "variant_id": 59, "price_adjustment": 0}]","Ít đá"
1646,1152,3,2,55000.00,110000.00,"[{"name": "Vừa", "variant_id": 59, "price_adjustment": 0}]","NULL"
1647,1152,53,2,19000.00,38000.00,NULL,"NULL"
1648,1153,22,1,39000.00,39000.00,"[{"name": "Vừa", "variant_id": 59, "price_adjustment": 0}]","NULL"
1649,1154,2,2,49000.00,98000.00,NULL,"NULL"
1650,1155,19,2,45000.00,90000.00,"[{"name": "Vừa", "variant_id": 59, "price_adjustment": 0}]","NULL"
1651,1155,61,1,19000.00,19000.00,NULL,"NULL"
1652,1156,1,2,45000.00,90000.00,"[{"name": "Vừa", "variant_id": 59, "price_adjustment": 0}]","NULL"
1653,1157,19,2,45000.00,90000.00,"[{"name": "Vừa", "variant_id": 59, "price_adjustment": 0}]","Ít đá"
1654,1158,15,1,59000.00,59000.00,NULL,"NULL"
1655,1159,23,1,39000.00,39000.00,"[{"name": "Vừa", "variant_id": 59, "price_adjustment": 0}]","NULL"
1656,1159,60,2,22000.00,44000.00,"[{"name": "Vừa", "variant_id": 59, "price_adjustment": 0}]","NULL"
1657,1160,45,2,55000.00,110000.00,NULL,"NULL"
1658,1160,54,1,19000.00,19000.00,NULL,"NULL"
1659,1161,19,1,45000.00,45000.00,"[{"name": "Vừa", "variant_id": 59, "price_adjustment": 0}]","NULL"
1660,1161,10,1,49000.00,49000.00,NULL,"NULL"
1661,1162,25,2,39000.00,78000.00,"[{"name": "Vừa", "variant_id": 59, "price_adjustment": 0}]","NULL"
1662,1163,23,1,39000.00,39000.00,"[{"name": "Vừa", "variant_id": 59, "price_adjustment": 0}]","NULL"
1663,1163,52,2,19000.00,38000.00,"[{"name": "Vừa", "variant_id": 59, "price_adjustment": 0}]","NULL"
1664,1164,19,1,45000.00,45000.00,"[{"name": "Vừa", "variant_id": 59, "price_adjustment": 0}]","NULL"
1665,1165,24,1,39000.00,39000.00,"[{"name": "Vừa", "variant_id": 59, "price_adjustment": 0}]","NULL"
1666,1165,51,2,19000.00,38000.00,NULL,"NULL"
1667,1166,11,1,45000.00,45000.00,"[{"name": "Vừa", "variant_id": 59, "price_adjustment": 0}]","NULL"
1668,1166,26,2,39000.00,78000.00,NULL,"NULL"
1669,1167,22,1,39000.00,39000.00,"[{"name": "Vừa", "variant_id": 59, "price_adjustment": 0}]","NULL"
1670,1168,16,1,59000.00,59000.00,"[{"name": "Vừa", "variant_id": 59, "price_adjustment": 0}]","NULL"
1671,1169,6,2,69000.00,138000.00,"[{"name": "Vừa", "variant_id": 59, "price_adjustment": 0}]","Nhiều đá"
1672,1169,62,2,39000.00,78000.00,"[{"name": "Vừa", "variant_id": 59, "price_adjustment": 0}]","NULL"
1673,1169,21,2,39000.00,78000.00,"[{"name": "Vừa", "variant_id": 59, "price_adjustment": 0}]","NULL"
1674,1170,16,2,59000.00,118000.00,NULL,"NULL"
1675,1170,62,2,39000.00,78000.00,NULL,"Ít đá"
1676,1171,35,1,59000.00,59000.00,NULL,"Ít đường"
1677,1171,57,2,39000.00,78000.00,"[{"name": "Vừa", "variant_id": 59, "price_adjustment": 0}]","NULL"
1678,1172,4,2,55000.00,110000.00,"[{"name": "Vừa", "variant_id": 59, "price_adjustment": 0}]","NULL"
1679,1172,48,2,55000.00,110000.00,"[{"name": "Vừa", "variant_id": 59, "price_adjustment": 0}]","NULL"
1680,1173,16,2,59000.00,118000.00,"[{"name": "Vừa", "variant_id": 59, "price_adjustment": 0}]","NULL"
1681,1174,11,1,45000.00,45000.00,NULL,"NULL"
1682,1175,44,1,39000.00,39000.00,NULL,"NULL"
1683,1175,60,1,22000.00,22000.00,"[{"name": "Vừa", "variant_id": 59, "price_adjustment": 0}]","NULL"
1684,1176,19,1,45000.00,45000.00,NULL,"NULL"
1685,1177,6,1,69000.00,69000.00,NULL,"NULL"
1686,1178,43,1,55000.00,55000.00,"[{"name": "Vừa", "variant_id": 59, "price_adjustment": 0}]","NULL"
1687,1179,6,1,69000.00,69000.00,"[{"name": "Vừa", "variant_id": 59, "price_adjustment": 0}]","NULL"
1688,1179,62,1,39000.00,39000.00,"[{"name": "Vừa", "variant_id": 59, "price_adjustment": 0}]","NULL"
1689,1180,14,2,49000.00,98000.00,NULL,"NULL"
1690,1181,45,2,55000.00,110000.00,"[{"name": "Vừa", "variant_id": 59, "price_adjustment": 0}]","NULL"
1691,1181,18,1,65000.00,65000.00,"[{"name": "Vừa", "variant_id": 59, "price_adjustment": 0}]","NULL"
1692,1182,7,2,39000.00,78000.00,"[{"name": "Vừa", "variant_id": 59, "price_adjustment": 0}]","NULL"
1693,1183,4,2,55000.00,110000.00,"[{"name": "Vừa", "variant_id": 59, "price_adjustment": 0}]","NULL"
1694,1184,4,2,55000.00,110000.00,"[{"name": "Vừa", "variant_id": 59, "price_adjustment": 0}]","NULL"
1695,1185,37,1,59000.00,59000.00,"[{"name": "Vừa", "variant_id": 59, "price_adjustment": 0}]","Nhiều đá"
1696,1186,45,2,55000.00,110000.00,"[{"name": "Vừa", "variant_id": 59, "price_adjustment": 0}]","Ít đường"
1697,1187,38,1,49000.00,49000.00,"[{"name": "Vừa", "variant_id": 59, "price_adjustment": 0}]","NULL"
1698,1187,49,2,55000.00,110000.00,"[{"name": "Vừa", "variant_id": 59, "price_adjustment": 0}]","NULL"
1699,1188,31,2,55000.00,110000.00,"[{"name": "Vừa", "variant_id": 59, "price_adjustment": 0}]","Nhiều đá"
1700,1189,16,1,59000.00,59000.00,NULL,"NULL"
1701,1190,46,1,55000.00,55000.00,"[{"name": "Vừa", "variant_id": 59, "price_adjustment": 0}]","NULL"
1702,1190,51,1,19000.00,19000.00,"[{"name": "Vừa", "variant_id": 59, "price_adjustment": 0}]","NULL"
1703,1191,11,2,45000.00,90000.00,"[{"name": "Vừa", "variant_id": 59, "price_adjustment": 0}]","NULL"
1704,1191,62,1,39000.00,39000.00,"[{"name": "Vừa", "variant_id": 59, "price_adjustment": 0}]","NULL"
1705,1192,42,1,55000.00,55000.00,"[{"name": "Vừa", "variant_id": 59, "price_adjustment": 0}]","NULL"
1706,1193,14,2,49000.00,98000.00,"[{"name": "Vừa", "variant_id": 59, "price_adjustment": 0}]","NULL"
1707,1194,25,2,39000.00,78000.00,"[{"name": "Vừa", "variant_id": 59, "price_adjustment": 0}]","NULL"
1708,1194,22,2,39000.00,78000.00,NULL,"NULL"
1709,1195,39,2,55000.00,110000.00,NULL,"NULL"
1710,1196,40,2,55000.00,110000.00,"[{"name": "Vừa", "variant_id": 59, "price_adjustment": 0}]","NULL"
1711,1197,7,2,39000.00,78000.00,NULL,"NULL"
1712,1197,57,2,39000.00,78000.00,"[{"name": "Vừa", "variant_id": 59, "price_adjustment": 0}]","NULL"
1713,1198,23,2,39000.00,78000.00,"[{"name": "Vừa", "variant_id": 59, "price_adjustment": 0}]","NULL"
1714,1198,63,2,39000.00,78000.00,"[{"name": "Vừa", "variant_id": 59, "price_adjustment": 0}]","NULL"
1715,1199,18,2,65000.00,130000.00,"[{"name": "Vừa", "variant_id": 59, "price_adjustment": 0}]","NULL"
1716,1200,6,2,69000.00,138000.00,NULL,"Nhiều đá"
1717,1201,12,2,59000.00,118000.00,"[{"name": "Vừa", "variant_id": 59, "price_adjustment": 0}]","Ít đường"
1718,1201,15,1,59000.00,59000.00,"[{"name": "Vừa", "variant_id": 59, "price_adjustment": 0}]","NULL"
1719,1202,8,1,49000.00,49000.00,"[{"name": "Vừa", "variant_id": 59, "price_adjustment": 0}]","Ít đá"
1720,1202,61,2,19000.00,38000.00,"[{"name": "Vừa", "variant_id": 59, "price_adjustment": 0}]","NULL"
1721,1203,46,2,55000.00,110000.00,NULL,"Ít đường"
1722,1204,16,1,59000.00,59000.00,"[{"name": "Vừa", "variant_id": 59, "price_adjustment": 0}]","NULL"
1723,1205,24,2,39000.00,78000.00,"[{"name": "Vừa", "variant_id": 59, "price_adjustment": 0}]","Ít đá"
1724,1206,5,2,65000.00,130000.00,NULL,"NULL"
1725,1207,18,2,65000.00,130000.00,"[{"name": "Vừa", "variant_id": 59, "price_adjustment": 0}]","NULL"
1726,1208,44,2,39000.00,78000.00,"[{"name": "Vừa", "variant_id": 59, "price_adjustment": 0}]","NULL"
1727,1209,24,1,39000.00,39000.00,NULL,"Nhiều đá"
1728,1210,6,1,69000.00,69000.00,"[{"name": "Vừa", "variant_id": 59, "price_adjustment": 0}]","NULL"
1729,1211,12,2,59000.00,118000.00,"[{"name": "Vừa", "variant_id": 59, "price_adjustment": 0}]","NULL"
1730,1211,58,1,29000.00,29000.00,NULL,"NULL"
1731,1212,41,2,55000.00,110000.00,"[{"name": "Vừa", "variant_id": 59, "price_adjustment": 0}]","Nhiều đá"
1732,1213,28,1,49000.00,49000.00,"[{"name": "Vừa", "variant_id": 59, "price_adjustment": 0}]","NULL"
1733,1214,31,2,55000.00,110000.00,NULL,"NULL"
1734,1214,53,1,19000.00,19000.00,"[{"name": "Vừa", "variant_id": 59, "price_adjustment": 0}]","Ít đường"
1735,1215,6,2,69000.00,138000.00,"[{"name": "Vừa", "variant_id": 59, "price_adjustment": 0}]","NULL"
1736,1216,11,1,45000.00,45000.00,"[{"name": "Vừa", "variant_id": 59, "price_adjustment": 0}]","NULL"
1737,1217,28,2,49000.00,98000.00,"[{"name": "Vừa", "variant_id": 59, "price_adjustment": 0}]","Ít đường"
1738,1218,11,1,45000.00,45000.00,NULL,"NULL"
1739,1219,34,1,49000.00,49000.00,"[{"name": "Vừa", "variant_id": 59, "price_adjustment": 0}]","NULL"
1740,1220,24,1,39000.00,39000.00,NULL,"NULL"
1741,1220,58,2,29000.00,58000.00,"[{"name": "Vừa", "variant_id": 59, "price_adjustment": 0}]","NULL"
1742,1221,46,1,55000.00,55000.00,"[{"name": "Vừa", "variant_id": 59, "price_adjustment": 0}]","NULL"
1743,1221,53,2,19000.00,38000.00,NULL,"NULL"
1744,1222,19,1,45000.00,45000.00,"[{"name": "Vừa", "variant_id": 59, "price_adjustment": 0}]","NULL"
1745,1222,62,1,39000.00,39000.00,"[{"name": "Vừa", "variant_id": 59, "price_adjustment": 0}]","Ít đường"
1746,1223,36,2,49000.00,98000.00,NULL,"NULL"
1747,1224,34,1,49000.00,49000.00,"[{"name": "Vừa", "variant_id": 59, "price_adjustment": 0}]","NULL"
1748,1225,1,1,45000.00,45000.00,"[{"name": "Vừa", "variant_id": 59, "price_adjustment": 0}]","NULL"
1749,1226,23,1,39000.00,39000.00,"[{"name": "Vừa", "variant_id": 59, "price_adjustment": 0}]","NULL"
1750,1227,45,2,55000.00,110000.00,"[{"name": "Vừa", "variant_id": 59, "price_adjustment": 0}]","Ít đường"
1751,1228,4,2,55000.00,110000.00,"[{"name": "Vừa", "variant_id": 59, "price_adjustment": 0}]","NULL"
1752,1229,8,1,49000.00,49000.00,"[{"name": "Vừa", "variant_id": 59, "price_adjustment": 0}]","NULL"
1753,1230,19,1,45000.00,45000.00,"[{"name": "Vừa", "variant_id": 59, "price_adjustment": 0}]","NULL"
1754,1231,45,2,55000.00,110000.00,NULL,"NULL"
1755,1231,48,2,55000.00,110000.00,"[{"name": "Vừa", "variant_id": 59, "price_adjustment": 0}]","NULL"
1756,1232,6,1,69000.00,69000.00,NULL,"Nhiều đá"
1757,1232,60,2,22000.00,44000.00,"[{"name": "Vừa", "variant_id": 59, "price_adjustment": 0}]","Ít đá"
1758,1232,38,2,49000.00,98000.00,"[{"name": "Vừa", "variant_id": 59, "price_adjustment": 0}]","NULL"
1759,1233,20,1,45000.00,45000.00,"[{"name": "Vừa", "variant_id": 59, "price_adjustment": 0}]","NULL"
1760,1234,4,2,55000.00,110000.00,NULL,"NULL"
1761,1235,4,1,55000.00,55000.00,"[{"name": "Vừa", "variant_id": 59, "price_adjustment": 0}]","NULL"
1762,1236,11,1,45000.00,45000.00,"[{"name": "Vừa", "variant_id": 59, "price_adjustment": 0}]","NULL"
1763,1237,5,1,65000.00,65000.00,"[{"name": "Vừa", "variant_id": 59, "price_adjustment": 0}]","NULL"
1764,1238,11,2,45000.00,90000.00,NULL,"NULL"
1765,1239,24,2,39000.00,78000.00,"[{"name": "Vừa", "variant_id": 59, "price_adjustment": 0}]","NULL"
1766,1240,25,1,39000.00,39000.00,"[{"name": "Vừa", "variant_id": 59, "price_adjustment": 0}]","NULL"
1767,1241,42,1,55000.00,55000.00,NULL,"Ít đường"
1768,1242,22,2,39000.00,78000.00,"[{"name": "Vừa", "variant_id": 59, "price_adjustment": 0}]","NULL"
1769,1242,59,2,22000.00,44000.00,"[{"name": "Vừa", "variant_id": 59, "price_adjustment": 0}]","NULL"
1770,1243,19,2,45000.00,90000.00,"[{"name": "Vừa", "variant_id": 59, "price_adjustment": 0}]","NULL"
1771,1244,28,2,49000.00,98000.00,NULL,"NULL"
1772,1244,62,1,39000.00,39000.00,NULL,"NULL"
1773,1245,19,1,45000.00,45000.00,NULL,"Ít đường"
1774,1246,46,2,55000.00,110000.00,"[{"name": "Vừa", "variant_id": 59, "price_adjustment": 0}]","NULL"
1775,1247,24,1,39000.00,39000.00,"[{"name": "Vừa", "variant_id": 59, "price_adjustment": 0}]","NULL"
1776,1247,62,1,39000.00,39000.00,"[{"name": "Vừa", "variant_id": 59, "price_adjustment": 0}]","NULL"
1777,1248,7,1,39000.00,39000.00,"[{"name": "Vừa", "variant_id": 59, "price_adjustment": 0}]","Ít đường"
1778,1249,8,1,49000.00,49000.00,NULL,"NULL"
1779,1249,53,1,19000.00,19000.00,"[{"name": "Vừa", "variant_id": 59, "price_adjustment": 0}]","NULL"
1780,1250,41,1,55000.00,55000.00,"[{"name": "Vừa", "variant_id": 59, "price_adjustment": 0}]","NULL"
1781,1251,46,1,55000.00,55000.00,NULL,"NULL"
1782,1251,17,1,65000.00,65000.00,"[{"name": "Vừa", "variant_id": 59, "price_adjustment": 0}]","NULL"
1783,1252,21,2,39000.00,78000.00,"[{"name": "Vừa", "variant_id": 59, "price_adjustment": 0}]","Ít đường"
1784,1252,53,2,19000.00,38000.00,"[{"name": "Vừa", "variant_id": 59, "price_adjustment": 0}]","NULL"
1785,1253,2,1,49000.00,49000.00,NULL,"NULL"
1786,1253,57,1,39000.00,39000.00,"[{"name": "Vừa", "variant_id": 59, "price_adjustment": 0}]","NULL"
1787,1253,24,2,39000.00,78000.00,NULL,"NULL"
1788,1254,33,2,55000.00,110000.00,NULL,"NULL"
1789,1254,54,1,19000.00,19000.00,"[{"name": "Vừa", "variant_id": 59, "price_adjustment": 0}]","NULL"
1790,1255,6,1,69000.00,69000.00,NULL,"NULL"
1791,1255,49,1,55000.00,55000.00,"[{"name": "Vừa", "variant_id": 59, "price_adjustment": 0}]","NULL"
1792,1256,21,2,39000.00,78000.00,NULL,"NULL"
1793,1257,15,1,59000.00,59000.00,"[{"name": "Vừa", "variant_id": 59, "price_adjustment": 0}]","NULL"
1794,1258,40,2,55000.00,110000.00,"[{"name": "Vừa", "variant_id": 59, "price_adjustment": 0}]","NULL"
1795,1258,60,2,22000.00,44000.00,"[{"name": "Vừa", "variant_id": 59, "price_adjustment": 0}]","NULL"
1796,1259,6,1,69000.00,69000.00,"[{"name": "Vừa", "variant_id": 59, "price_adjustment": 0}]","NULL"
1797,1260,41,1,55000.00,55000.00,"[{"name": "Vừa", "variant_id": 59, "price_adjustment": 0}]","NULL"
1798,1260,58,1,29000.00,29000.00,"[{"name": "Vừa", "variant_id": 59, "price_adjustment": 0}]","NULL"
1799,1261,27,2,45000.00,90000.00,"[{"name": "Vừa", "variant_id": 59, "price_adjustment": 0}]","NULL"
1800,1261,63,1,39000.00,39000.00,"[{"name": "Vừa", "variant_id": 59, "price_adjustment": 0}]","Ít đá"
1801,1262,43,2,55000.00,110000.00,"[{"name": "Vừa", "variant_id": 59, "price_adjustment": 0}]","NULL"
1802,1262,62,2,39000.00,78000.00,"[{"name": "Vừa", "variant_id": 59, "price_adjustment": 0}]","Ít đường"
1803,1263,26,2,39000.00,78000.00,NULL,"Ít đá"
1804,1263,61,2,19000.00,38000.00,"[{"name": "Vừa", "variant_id": 59, "price_adjustment": 0}]","NULL"
1805,1264,3,1,55000.00,55000.00,NULL,"NULL"
1806,1265,22,1,39000.00,39000.00,"[{"name": "Vừa", "variant_id": 59, "price_adjustment": 0}]","Ít đá"
1807,1265,48,1,55000.00,55000.00,NULL,"NULL"
1808,1266,6,2,69000.00,138000.00,"[{"name": "Vừa", "variant_id": 59, "price_adjustment": 0}]","Ít đường"
1809,1267,39,2,55000.00,110000.00,NULL,"Ít đường"
1810,1268,4,1,55000.00,55000.00,"[{"name": "Vừa", "variant_id": 59, "price_adjustment": 0}]","NULL"
1811,1269,4,1,55000.00,55000.00,"[{"name": "Vừa", "variant_id": 59, "price_adjustment": 0}]","NULL"
1812,1269,58,1,29000.00,29000.00,NULL,"NULL"
1813,1270,11,2,45000.00,90000.00,"[{"name": "Vừa", "variant_id": 59, "price_adjustment": 0}]","NULL"
1814,1270,50,1,20000.00,20000.00,"[{"name": "Vừa", "variant_id": 59, "price_adjustment": 0}]","NULL"
1815,1271,32,1,55000.00,55000.00,"[{"name": "Vừa", "variant_id": 59, "price_adjustment": 0}]","NULL"
1816,1272,46,2,55000.00,110000.00,"[{"name": "Vừa", "variant_id": 59, "price_adjustment": 0}]","NULL"
1817,1273,9,2,49000.00,98000.00,"[{"name": "Vừa", "variant_id": 59, "price_adjustment": 0}]","NULL"
1818,1274,39,1,55000.00,55000.00,NULL,"NULL"
1819,1275,22,2,39000.00,78000.00,"[{"name": "Vừa", "variant_id": 59, "price_adjustment": 0}]","Nhiều đá"
1820,1276,32,1,55000.00,55000.00,"[{"name": "Vừa", "variant_id": 59, "price_adjustment": 0}]","NULL"
1821,1277,41,2,55000.00,110000.00,NULL,"NULL"
1822,1277,61,1,19000.00,19000.00,NULL,"NULL"
1823,1278,13,1,55000.00,55000.00,"[{"name": "Vừa", "variant_id": 59, "price_adjustment": 0}]","Ít đường"
1824,1279,22,2,39000.00,78000.00,"[{"name": "Vừa", "variant_id": 59, "price_adjustment": 0}]","NULL"
1825,1280,23,1,39000.00,39000.00,"[{"name": "Vừa", "variant_id": 59, "price_adjustment": 0}]","Nhiều đá"
1826,1280,53,2,19000.00,38000.00,"[{"name": "Vừa", "variant_id": 59, "price_adjustment": 0}]","Nhiều đá"
1827,1281,26,1,39000.00,39000.00,NULL,"Ít đường"
1828,1282,36,1,49000.00,49000.00,"[{"name": "Vừa", "variant_id": 59, "price_adjustment": 0}]","NULL"
1829,1282,57,1,39000.00,39000.00,"[{"name": "Vừa", "variant_id": 59, "price_adjustment": 0}]","NULL"
1830,1283,22,2,39000.00,78000.00,"[{"name": "Vừa", "variant_id": 59, "price_adjustment": 0}]","NULL"
1831,1284,46,2,55000.00,110000.00,NULL,"NULL"
1832,1284,57,2,39000.00,78000.00,NULL,"NULL"
1833,1285,11,1,45000.00,45000.00,NULL,"NULL"
1834,1286,4,1,55000.00,55000.00,"[{"name": "Vừa", "variant_id": 59, "price_adjustment": 0}]","Ít đường"
1835,1287,22,2,39000.00,78000.00,"[{"name": "Vừa", "variant_id": 59, "price_adjustment": 0}]","Nhiều đá"
1836,1287,52,2,19000.00,38000.00,"[{"name": "Vừa", "variant_id": 59, "price_adjustment": 0}]","NULL"
1837,1288,6,1,69000.00,69000.00,"[{"name": "Vừa", "variant_id": 59, "price_adjustment": 0}]","NULL"
1838,1288,47,2,35000.00,70000.00,"[{"name": "Vừa", "variant_id": 59, "price_adjustment": 0}]","NULL"
1839,1289,43,2,55000.00,110000.00,"[{"name": "Vừa", "variant_id": 59, "price_adjustment": 0}]","NULL"
1840,1289,63,1,39000.00,39000.00,NULL,"NULL"
1841,1290,35,1,59000.00,59000.00,"[{"name": "Vừa", "variant_id": 59, "price_adjustment": 0}]","NULL"
1842,1290,24,1,39000.00,39000.00,"[{"name": "Vừa", "variant_id": 59, "price_adjustment": 0}]","NULL"
1843,1291,34,2,49000.00,98000.00,"[{"name": "Vừa", "variant_id": 59, "price_adjustment": 0}]","NULL"
1844,1291,58,1,29000.00,29000.00,"[{"name": "Vừa", "variant_id": 59, "price_adjustment": 0}]","Nhiều đá"
1845,1292,1,1,45000.00,45000.00,"[{"name": "Vừa", "variant_id": 59, "price_adjustment": 0}]","NULL"
1846,1292,62,2,39000.00,78000.00,"[{"name": "Vừa", "variant_id": 59, "price_adjustment": 0}]","NULL"
1847,1293,6,2,69000.00,138000.00,"[{"name": "Vừa", "variant_id": 59, "price_adjustment": 0}]","NULL"
1848,1294,45,2,55000.00,110000.00,"[{"name": "Vừa", "variant_id": 59, "price_adjustment": 0}]","NULL"
1849,1295,36,1,49000.00,49000.00,"[{"name": "Vừa", "variant_id": 59, "price_adjustment": 0}]","NULL"
1850,1296,20,2,45000.00,90000.00,"[{"name": "Vừa", "variant_id": 59, "price_adjustment": 0}]","NULL"
1851,1297,6,1,69000.00,69000.00,"[{"name": "Vừa", "variant_id": 59, "price_adjustment": 0}]","NULL"
1852,1297,55,1,19000.00,19000.00,"[{"name": "Vừa", "variant_id": 59, "price_adjustment": 0}]","NULL"
1853,1298,8,1,49000.00,49000.00,"[{"name": "Vừa", "variant_id": 59, "price_adjustment": 0}]","NULL"
1854,1299,23,2,39000.00,78000.00,"[{"name": "Vừa", "variant_id": 59, "price_adjustment": 0}]","Ít đá"
1855,1300,11,1,45000.00,45000.00,NULL,"NULL"
1856,1301,44,1,39000.00,39000.00,NULL,"NULL"
1857,1302,8,2,49000.00,98000.00,"[{"name": "Vừa", "variant_id": 59, "price_adjustment": 0}]","Ít đá"
1858,1303,40,1,55000.00,55000.00,"[{"name": "Vừa", "variant_id": 59, "price_adjustment": 0}]","Nhiều đá"
1859,1304,25,2,39000.00,78000.00,"[{"name": "Vừa", "variant_id": 59, "price_adjustment": 0}]","NULL"
1860,1304,53,1,19000.00,19000.00,"[{"name": "Vừa", "variant_id": 59, "price_adjustment": 0}]","NULL"
1861,1305,16,2,59000.00,118000.00,"[{"name": "Vừa", "variant_id": 59, "price_adjustment": 0}]","NULL"
1862,1305,57,1,39000.00,39000.00,"[{"name": "Vừa", "variant_id": 59, "price_adjustment": 0}]","NULL"
1863,1306,46,1,55000.00,55000.00,"[{"name": "Vừa", "variant_id": 59, "price_adjustment": 0}]","Ít đường"
1864,1307,25,1,39000.00,39000.00,"[{"name": "Vừa", "variant_id": 59, "price_adjustment": 0}]","NULL"
1865,1307,61,1,19000.00,19000.00,"[{"name": "Vừa", "variant_id": 59, "price_adjustment": 0}]","Nhiều đá"
1866,1308,37,1,59000.00,59000.00,"[{"name": "Vừa", "variant_id": 59, "price_adjustment": 0}]","NULL"
1867,1308,51,1,19000.00,19000.00,"[{"name": "Vừa", "variant_id": 59, "price_adjustment": 0}]","NULL"
1868,1309,2,2,49000.00,98000.00,NULL,"Ít đường"
1869,1310,12,2,59000.00,118000.00,NULL,"NULL"
1870,1311,18,1,65000.00,65000.00,"[{"name": "Vừa", "variant_id": 59, "price_adjustment": 0}]","Ít đá"
1871,1311,47,2,35000.00,70000.00,"[{"name": "Vừa", "variant_id": 59, "price_adjustment": 0}]","NULL"
1872,1312,1,1,45000.00,45000.00,"[{"name": "Vừa", "variant_id": 59, "price_adjustment": 0}]","NULL"
1873,1313,6,2,69000.00,138000.00,"[{"name": "Vừa", "variant_id": 59, "price_adjustment": 0}]","NULL"
1874,1314,39,1,55000.00,55000.00,NULL,"NULL"
1875,1315,45,2,55000.00,110000.00,"[{"name": "Vừa", "variant_id": 59, "price_adjustment": 0}]","NULL"
1876,1315,56,1,35000.00,35000.00,"[{"name": "Vừa", "variant_id": 59, "price_adjustment": 0}]","NULL"
1877,1316,22,2,39000.00,78000.00,"[{"name": "Vừa", "variant_id": 59, "price_adjustment": 0}]","NULL"
1878,1317,19,1,45000.00,45000.00,"[{"name": "Vừa", "variant_id": 59, "price_adjustment": 0}]","NULL"
1879,1317,48,1,55000.00,55000.00,"[{"name": "Vừa", "variant_id": 59, "price_adjustment": 0}]","NULL"
1880,1317,68,2,39000.00,78000.00,"[{"name": "Vừa", "variant_id": 59, "price_adjustment": 0}]","NULL"
1881,1318,3,2,55000.00,110000.00,"[{"name": "Vừa", "variant_id": 59, "price_adjustment": 0}]","Nhiều đá"
1882,1319,39,2,55000.00,110000.00,"[{"name": "Vừa", "variant_id": 59, "price_adjustment": 0}]","NULL"
1883,1319,62,2,39000.00,78000.00,"[{"name": "Vừa", "variant_id": 59, "price_adjustment": 0}]","NULL"
1884,1320,33,2,55000.00,110000.00,"[{"name": "Vừa", "variant_id": 59, "price_adjustment": 0}]","NULL"
1885,1320,47,1,35000.00,35000.00,NULL,"NULL"
1886,1321,15,1,59000.00,59000.00,"[{"name": "Vừa", "variant_id": 59, "price_adjustment": 0}]","NULL"
1887,1321,48,2,55000.00,110000.00,"[{"name": "Vừa", "variant_id": 59, "price_adjustment": 0}]","Ít đường"
1888,1322,3,2,55000.00,110000.00,NULL,"NULL"
1889,1322,56,2,35000.00,70000.00,"[{"name": "Vừa", "variant_id": 59, "price_adjustment": 0}]","Ít đá"
1890,1323,39,1,55000.00,55000.00,"[{"name": "Vừa", "variant_id": 59, "price_adjustment": 0}]","NULL"
1891,1324,25,1,39000.00,39000.00,"[{"name": "Vừa", "variant_id": 59, "price_adjustment": 0}]","NULL"
1892,1325,9,1,49000.00,49000.00,"[{"name": "Vừa", "variant_id": 59, "price_adjustment": 0}]","NULL"
1893,1326,6,1,69000.00,69000.00,NULL,"NULL"
1894,1327,24,2,39000.00,78000.00,"[{"name": "Vừa", "variant_id": 59, "price_adjustment": 0}]","NULL"
1895,1327,56,2,35000.00,70000.00,NULL,"NULL"
1896,1328,10,2,49000.00,98000.00,"[{"name": "Vừa", "variant_id": 59, "price_adjustment": 0}]","NULL"
1897,1329,37,2,59000.00,118000.00,"[{"name": "Vừa", "variant_id": 59, "price_adjustment": 0}]","NULL"
1898,1330,23,2,39000.00,78000.00,NULL,"NULL"
1899,1330,60,2,22000.00,44000.00,"[{"name": "Vừa", "variant_id": 59, "price_adjustment": 0}]","NULL"
1900,1331,22,1,39000.00,39000.00,"[{"name": "Vừa", "variant_id": 59, "price_adjustment": 0}]","NULL"
1901,1332,6,2,69000.00,138000.00,"[{"name": "Vừa", "variant_id": 59, "price_adjustment": 0}]","Nhiều đá"
1902,1333,1,2,45000.00,90000.00,NULL,"NULL"
1903,1333,59,1,22000.00,22000.00,"[{"name": "Vừa", "variant_id": 59, "price_adjustment": 0}]","Ít đường"
1904,1334,46,2,55000.00,110000.00,NULL,"Ít đường"
1905,1335,35,1,59000.00,59000.00,"[{"name": "Vừa", "variant_id": 59, "price_adjustment": 0}]","NULL"
1906,1336,19,2,45000.00,90000.00,"[{"name": "Vừa", "variant_id": 59, "price_adjustment": 0}]","NULL"
1907,1337,9,2,49000.00,98000.00,"[{"name": "Vừa", "variant_id": 59, "price_adjustment": 0}]","NULL"
1908,1338,5,2,65000.00,130000.00,NULL,"NULL"
1909,1339,5,2,65000.00,130000.00,"[{"name": "Vừa", "variant_id": 59, "price_adjustment": 0}]","NULL"
1910,1339,60,1,22000.00,22000.00,"[{"name": "Vừa", "variant_id": 59, "price_adjustment": 0}]","Ít đá"
1911,1340,21,1,39000.00,39000.00,"[{"name": "Vừa", "variant_id": 59, "price_adjustment": 0}]","NULL"
1912,1340,15,1,59000.00,59000.00,NULL,"Ít đá"
1913,1341,11,2,45000.00,90000.00,"[{"name": "Vừa", "variant_id": 59, "price_adjustment": 0}]","NULL"
1914,1342,32,1,55000.00,55000.00,"[{"name": "Vừa", "variant_id": 59, "price_adjustment": 0}]","NULL"
1915,1342,49,2,55000.00,110000.00,"[{"name": "Vừa", "variant_id": 59, "price_adjustment": 0}]","NULL"
1916,1343,6,2,69000.00,138000.00,"[{"name": "Vừa", "variant_id": 59, "price_adjustment": 0}]","NULL"
1917,1344,34,2,49000.00,98000.00,"[{"name": "Vừa", "variant_id": 59, "price_adjustment": 0}]","NULL"
1918,1345,29,2,45000.00,90000.00,"[{"name": "Vừa", "variant_id": 59, "price_adjustment": 0}]","NULL"
1919,1345,51,1,19000.00,19000.00,"[{"name": "Vừa", "variant_id": 59, "price_adjustment": 0}]","NULL"
1920,1346,41,1,55000.00,55000.00,"[{"name": "Vừa", "variant_id": 59, "price_adjustment": 0}]","NULL"
1921,1347,4,2,55000.00,110000.00,"[{"name": "Vừa", "variant_id": 59, "price_adjustment": 0}]","NULL"
1922,1348,6,2,69000.00,138000.00,"[{"name": "Vừa", "variant_id": 59, "price_adjustment": 0}]","NULL"
1923,1349,8,2,49000.00,98000.00,"[{"name": "Vừa", "variant_id": 59, "price_adjustment": 0}]","NULL"
1924,1350,35,1,59000.00,59000.00,"[{"name": "Vừa", "variant_id": 59, "price_adjustment": 0}]","NULL"
1925,1350,4,1,55000.00,55000.00,NULL,"Ít đá"
1926,1351,32,1,55000.00,55000.00,"[{"name": "Vừa", "variant_id": 59, "price_adjustment": 0}]","NULL"
1927,1351,55,2,19000.00,38000.00,NULL,"NULL"
1928,1352,21,1,39000.00,39000.00,"[{"name": "Vừa", "variant_id": 59, "price_adjustment": 0}]","NULL"
1929,1353,1,2,45000.00,90000.00,"[{"name": "Vừa", "variant_id": 59, "price_adjustment": 0}]","NULL"
1930,1354,20,2,45000.00,90000.00,"[{"name": "Vừa", "variant_id": 59, "price_adjustment": 0}]","NULL"
1931,1355,40,2,55000.00,110000.00,"[{"name": "Vừa", "variant_id": 59, "price_adjustment": 0}]","NULL"
1932,1355,53,2,19000.00,38000.00,"[{"name": "Vừa", "variant_id": 59, "price_adjustment": 0}]","Nhiều đá"
1933,1356,41,1,55000.00,55000.00,"[{"name": "Vừa", "variant_id": 59, "price_adjustment": 0}]","NULL"
1934,1356,60,1,22000.00,22000.00,NULL,"NULL"
1935,1357,31,2,55000.00,110000.00,NULL,"NULL"
1936,1358,28,2,49000.00,98000.00,"[{"name": "Vừa", "variant_id": 59, "price_adjustment": 0}]","NULL"
1937,1359,34,2,49000.00,98000.00,"[{"name": "Vừa", "variant_id": 59, "price_adjustment": 0}]","NULL"
1938,1360,27,2,45000.00,90000.00,"[{"name": "Vừa", "variant_id": 59, "price_adjustment": 0}]","NULL"
1939,1361,46,1,55000.00,55000.00,"[{"name": "Vừa", "variant_id": 59, "price_adjustment": 0}]","NULL"
1940,1362,46,1,55000.00,55000.00,"[{"name": "Vừa", "variant_id": 59, "price_adjustment": 0}]","Nhiều đá"
1941,1362,55,1,19000.00,19000.00,"[{"name": "Vừa", "variant_id": 59, "price_adjustment": 0}]","NULL"
1942,1363,46,2,55000.00,110000.00,NULL,"NULL"
1943,1364,14,1,49000.00,49000.00,"[{"name": "Vừa", "variant_id": 59, "price_adjustment": 0}]","NULL"
1944,1365,17,2,65000.00,130000.00,"[{"name": "Vừa", "variant_id": 59, "price_adjustment": 0}]","NULL"
1945,1365,54,2,19000.00,38000.00,"[{"name": "Vừa", "variant_id": 59, "price_adjustment": 0}]","NULL"
1946,1366,19,2,45000.00,90000.00,"[{"name": "Vừa", "variant_id": 59, "price_adjustment": 0}]","NULL"
1947,1366,59,2,22000.00,44000.00,"[{"name": "Vừa", "variant_id": 59, "price_adjustment": 0}]","NULL"
1948,1367,7,2,39000.00,78000.00,"[{"name": "Vừa", "variant_id": 59, "price_adjustment": 0}]","NULL"
1949,1367,47,2,35000.00,70000.00,"[{"name": "Vừa", "variant_id": 59, "price_adjustment": 0}]","Nhiều đá"
1950,1368,11,1,45000.00,45000.00,"[{"name": "Vừa", "variant_id": 59, "price_adjustment": 0}]","NULL"
1951,1368,58,1,29000.00,29000.00,"[{"name": "Vừa", "variant_id": 59, "price_adjustment": 0}]","NULL"
1952,1369,11,2,45000.00,90000.00,NULL,"NULL"
1953,1370,8,1,49000.00,49000.00,"[{"name": "Vừa", "variant_id": 59, "price_adjustment": 0}]","NULL"
1954,1371,36,1,49000.00,49000.00,"[{"name": "Vừa", "variant_id": 59, "price_adjustment": 0}]","NULL"
1955,1371,53,1,19000.00,19000.00,"[{"name": "Vừa", "variant_id": 59, "price_adjustment": 0}]","NULL"
1956,1372,11,2,45000.00,90000.00,"[{"name": "Vừa", "variant_id": 59, "price_adjustment": 0}]","Nhiều đá"
1957,1373,5,1,65000.00,65000.00,"[{"name": "Vừa", "variant_id": 59, "price_adjustment": 0}]","NULL"
1958,1374,41,1,55000.00,55000.00,NULL,"NULL"
1959,1374,49,2,55000.00,110000.00,NULL,"NULL"
1960,1375,26,2,39000.00,78000.00,"[{"name": "Vừa", "variant_id": 59, "price_adjustment": 0}]","NULL"
1961,1376,27,1,45000.00,45000.00,NULL,"NULL"
1962,1377,45,1,55000.00,55000.00,NULL,"NULL"
1963,1378,1,2,45000.00,90000.00,"[{"name": "Vừa", "variant_id": 59, "price_adjustment": 0}]","NULL"
1964,1379,18,2,65000.00,130000.00,"[{"name": "Vừa", "variant_id": 59, "price_adjustment": 0}]","NULL"
1965,1380,40,1,55000.00,55000.00,"[{"name": "Vừa", "variant_id": 59, "price_adjustment": 0}]","NULL"
1966,1381,17,1,65000.00,65000.00,NULL,"NULL"
1967,1382,24,2,39000.00,78000.00,"[{"name": "Vừa", "variant_id": 59, "price_adjustment": 0}]","NULL"
1968,1383,34,1,49000.00,49000.00,"[{"name": "Vừa", "variant_id": 59, "price_adjustment": 0}]","NULL"
1969,1383,58,1,29000.00,29000.00,"[{"name": "Vừa", "variant_id": 59, "price_adjustment": 0}]","NULL"
1970,1384,44,1,39000.00,39000.00,NULL,"NULL"
1971,1385,7,1,39000.00,39000.00,"[{"name": "Vừa", "variant_id": 59, "price_adjustment": 0}]","Nhiều đá"
1972,1385,57,2,39000.00,78000.00,"[{"name": "Vừa", "variant_id": 59, "price_adjustment": 0}]","NULL"
1973,1386,21,2,39000.00,78000.00,NULL,"NULL"
1974,1387,17,1,65000.00,65000.00,NULL,"NULL"
1975,1387,62,2,39000.00,78000.00,"[{"name": "Vừa", "variant_id": 59, "price_adjustment": 0}]","NULL"
1976,1388,23,2,39000.00,78000.00,"[{"name": "Vừa", "variant_id": 59, "price_adjustment": 0}]","NULL"
1977,1389,17,2,65000.00,130000.00,"[{"name": "Vừa", "variant_id": 59, "price_adjustment": 0}]","NULL"
1978,1389,48,2,55000.00,110000.00,"[{"name": "Vừa", "variant_id": 59, "price_adjustment": 0}]","NULL"
1979,1390,30,2,49000.00,98000.00,"[{"name": "Vừa", "variant_id": 59, "price_adjustment": 0}]","Ít đường"
1980,1391,34,2,49000.00,98000.00,NULL,"NULL"
1981,1392,20,2,45000.00,90000.00,NULL,"NULL"
1982,1392,62,2,39000.00,78000.00,NULL,"NULL"
1983,1393,10,2,49000.00,98000.00,"[{"name": "Vừa", "variant_id": 59, "price_adjustment": 0}]","NULL"
1984,1393,50,1,20000.00,20000.00,"[{"name": "Vừa", "variant_id": 59, "price_adjustment": 0}]","NULL"
1985,1394,34,2,49000.00,98000.00,NULL,"Ít đá"
1986,1394,56,1,35000.00,35000.00,"[{"name": "Vừa", "variant_id": 59, "price_adjustment": 0}]","Ít đường"
1987,1395,38,1,49000.00,49000.00,NULL,"NULL"
1988,1395,48,2,55000.00,110000.00,"[{"name": "Vừa", "variant_id": 59, "price_adjustment": 0}]","NULL"
1989,1396,27,1,45000.00,45000.00,NULL,"Ít đường"
1990,1396,58,2,29000.00,58000.00,NULL,"NULL"
1991,1397,15,1,59000.00,59000.00,NULL,"NULL"
1992,1397,57,2,39000.00,78000.00,"[{"name": "Vừa", "variant_id": 59, "price_adjustment": 0}]","NULL"
1993,1398,43,1,55000.00,55000.00,"[{"name": "Vừa", "variant_id": 59, "price_adjustment": 0}]","NULL"
1994,1399,30,1,49000.00,49000.00,"[{"name": "Vừa", "variant_id": 59, "price_adjustment": 0}]","NULL"
1995,1399,59,2,22000.00,44000.00,NULL,"NULL"
1996,1399,45,2,55000.00,110000.00,"[{"name": "Vừa", "variant_id": 59, "price_adjustment": 0}]","NULL"
1997,1400,6,2,69000.00,138000.00,"[{"name": "Vừa", "variant_id": 59, "price_adjustment": 0}]","NULL"
1998,1401,27,1,45000.00,45000.00,"[{"name": "Vừa", "variant_id": 59, "price_adjustment": 0}]","Nhiều đá"
1999,1401,56,1,35000.00,35000.00,"[{"name": "Vừa", "variant_id": 59, "price_adjustment": 0}]","NULL"
2000,1402,15,2,59000.00,118000.00,"[{"name": "Vừa", "variant_id": 59, "price_adjustment": 0}]","Ít đá"
2001,1403,33,2,55000.00,110000.00,"[{"name": "Vừa", "variant_id": 59, "price_adjustment": 0}]","NULL"
2002,1404,1,2,45000.00,90000.00,NULL,"NULL"
2003,1405,20,1,45000.00,45000.00,"[{"name": "Vừa", "variant_id": 59, "price_adjustment": 0}]","NULL"
2004,1406,31,1,55000.00,55000.00,NULL,"NULL"
2005,1406,50,2,20000.00,40000.00,"[{"name": "Vừa", "variant_id": 59, "price_adjustment": 0}]","NULL"
2006,1406,23,1,39000.00,39000.00,NULL,"NULL"
2007,1407,23,2,39000.00,78000.00,"[{"name": "Vừa", "variant_id": 59, "price_adjustment": 0}]","NULL"
2008,1408,24,2,39000.00,78000.00,"[{"name": "Vừa", "variant_id": 59, "price_adjustment": 0}]","NULL"
2009,1408,48,1,55000.00,55000.00,"[{"name": "Vừa", "variant_id": 59, "price_adjustment": 0}]","NULL"
2010,1409,19,1,45000.00,45000.00,"[{"name": "Vừa", "variant_id": 59, "price_adjustment": 0}]","Nhiều đá"
2011,1409,61,1,19000.00,19000.00,NULL,"NULL"
2012,1410,19,1,45000.00,45000.00,"[{"name": "Vừa", "variant_id": 59, "price_adjustment": 0}]","NULL"
2013,1410,51,1,19000.00,19000.00,NULL,"Ít đường"
2014,1411,16,2,59000.00,118000.00,"[{"name": "Vừa", "variant_id": 59, "price_adjustment": 0}]","NULL"
2015,1412,33,2,55000.00,110000.00,"[{"name": "Vừa", "variant_id": 59, "price_adjustment": 0}]","NULL"
2016,1413,24,1,39000.00,39000.00,"[{"name": "Vừa", "variant_id": 59, "price_adjustment": 0}]","NULL"
2017,1414,6,2,69000.00,138000.00,"[{"name": "Vừa", "variant_id": 59, "price_adjustment": 0}]","NULL"
2018,1414,62,2,39000.00,78000.00,"[{"name": "Vừa", "variant_id": 59, "price_adjustment": 0}]","Ít đường"
2019,1415,37,2,59000.00,118000.00,"[{"name": "Vừa", "variant_id": 59, "price_adjustment": 0}]","Nhiều đá"
2020,1416,16,1,59000.00,59000.00,"[{"name": "Vừa", "variant_id": 59, "price_adjustment": 0}]","NULL"
2021,1417,19,1,45000.00,45000.00,"[{"name": "Vừa", "variant_id": 59, "price_adjustment": 0}]","NULL"
2022,1418,14,1,49000.00,49000.00,"[{"name": "Vừa", "variant_id": 59, "price_adjustment": 0}]","NULL"
2023,1418,58,1,29000.00,29000.00,"[{"name": "Vừa", "variant_id": 59, "price_adjustment": 0}]","Nhiều đá"
2024,1419,1,1,45000.00,45000.00,"[{"name": "Vừa", "variant_id": 59, "price_adjustment": 0}]","Nhiều đá"
2025,1419,59,2,22000.00,44000.00,"[{"name": "Vừa", "variant_id": 59, "price_adjustment": 0}]","NULL"
2026,1420,5,2,65000.00,130000.00,"[{"name": "Vừa", "variant_id": 59, "price_adjustment": 0}]","Ít đá"
2027,1421,12,1,59000.00,59000.00,NULL,"NULL"
2028,1422,1,1,45000.00,45000.00,"[{"name": "Vừa", "variant_id": 59, "price_adjustment": 0}]","NULL"
2029,1422,62,2,39000.00,78000.00,"[{"name": "Vừa", "variant_id": 59, "price_adjustment": 0}]","NULL"
2030,1423,23,1,39000.00,39000.00,"[{"name": "Vừa", "variant_id": 59, "price_adjustment": 0}]","Nhiều đá"
2031,1423,60,2,22000.00,44000.00,NULL,"NULL"
2032,1424,46,1,55000.00,55000.00,"[{"name": "Vừa", "variant_id": 59, "price_adjustment": 0}]","NULL"
2033,1424,56,1,35000.00,35000.00,"[{"name": "Vừa", "variant_id": 59, "price_adjustment": 0}]","NULL"
2034,1425,46,2,55000.00,110000.00,NULL,"NULL"
2035,1426,1,1,45000.00,45000.00,"[{"name": "Vừa", "variant_id": 59, "price_adjustment": 0}]","Ít đường"
2036,1426,51,1,19000.00,19000.00,"[{"name": "Vừa", "variant_id": 59, "price_adjustment": 0}]","NULL"
2037,1427,28,2,49000.00,98000.00,"[{"name": "Vừa", "variant_id": 59, "price_adjustment": 0}]","Nhiều đá"
2038,1428,2,2,49000.00,98000.00,"[{"name": "Vừa", "variant_id": 59, "price_adjustment": 0}]","Ít đá"
2039,1429,16,1,59000.00,59000.00,NULL,"NULL"
2040,1430,15,1,59000.00,59000.00,"[{"name": "Vừa", "variant_id": 59, "price_adjustment": 0}]","NULL"
2041,1431,19,2,45000.00,90000.00,"[{"name": "Vừa", "variant_id": 59, "price_adjustment": 0}]","NULL"
2042,1432,15,2,59000.00,118000.00,"[{"name": "Vừa", "variant_id": 59, "price_adjustment": 0}]","NULL"
2043,1432,55,2,19000.00,38000.00,"[{"name": "Vừa", "variant_id": 59, "price_adjustment": 0}]","NULL"
2044,1433,38,1,49000.00,49000.00,NULL,"Nhiều đá"
2045,1434,12,1,59000.00,59000.00,"[{"name": "Vừa", "variant_id": 59, "price_adjustment": 0}]","Ít đường"
2046,1434,63,2,39000.00,78000.00,NULL,"NULL"
2047,1435,10,2,49000.00,98000.00,"[{"name": "Vừa", "variant_id": 59, "price_adjustment": 0}]","NULL"
2048,1436,4,2,55000.00,110000.00,"[{"name": "Vừa", "variant_id": 59, "price_adjustment": 0}]","NULL"
2049,1437,29,2,45000.00,90000.00,"[{"name": "Vừa", "variant_id": 59, "price_adjustment": 0}]","NULL"
2050,1438,4,2,55000.00,110000.00,"[{"name": "Vừa", "variant_id": 59, "price_adjustment": 0}]","NULL"
2051,1438,62,2,39000.00,78000.00,"[{"name": "Vừa", "variant_id": 59, "price_adjustment": 0}]","NULL"
2052,1439,3,2,55000.00,110000.00,"[{"name": "Vừa", "variant_id": 59, "price_adjustment": 0}]","NULL"
2053,1439,53,2,19000.00,38000.00,NULL,"Ít đường"
2054,1440,21,2,39000.00,78000.00,NULL,"NULL"
2055,1441,1,2,45000.00,90000.00,"[{"name": "Vừa", "variant_id": 59, "price_adjustment": 0}]","NULL"
2056,1442,15,2,59000.00,118000.00,"[{"name": "Vừa", "variant_id": 59, "price_adjustment": 0}]","NULL"
2057,1442,63,1,39000.00,39000.00,NULL,"NULL"
2058,1443,7,1,39000.00,39000.00,"[{"name": "Vừa", "variant_id": 59, "price_adjustment": 0}]","Ít đá"
2059,1443,61,1,19000.00,19000.00,"[{"name": "Vừa", "variant_id": 59, "price_adjustment": 0}]","NULL"
2060,1444,24,1,39000.00,39000.00,"[{"name": "Vừa", "variant_id": 59, "price_adjustment": 0}]","Ít đá"
2061,1444,49,2,55000.00,110000.00,"[{"name": "Vừa", "variant_id": 59, "price_adjustment": 0}]","NULL"
2062,1445,17,1,65000.00,65000.00,NULL,"NULL"
2063,1446,1,2,45000.00,90000.00,"[{"name": "Vừa", "variant_id": 59, "price_adjustment": 0}]","Nhiều đá"
2064,1447,17,1,65000.00,65000.00,"[{"name": "Vừa", "variant_id": 59, "price_adjustment": 0}]","Ít đường"
2065,1447,61,1,19000.00,19000.00,"[{"name": "Vừa", "variant_id": 59, "price_adjustment": 0}]","NULL"
2066,1448,21,1,39000.00,39000.00,"[{"name": "Vừa", "variant_id": 59, "price_adjustment": 0}]","Nhiều đá"
2067,1449,16,2,59000.00,118000.00,NULL,"NULL"
2068,1450,38,1,49000.00,49000.00,NULL,"NULL"
2069,1451,37,2,59000.00,118000.00,"[{"name": "Vừa", "variant_id": 59, "price_adjustment": 0}]","NULL"
2070,1452,31,1,55000.00,55000.00,"[{"name": "Vừa", "variant_id": 59, "price_adjustment": 0}]","NULL"
2071,1453,42,2,55000.00,110000.00,NULL,"NULL"
2072,1454,32,1,55000.00,55000.00,"[{"name": "Vừa", "variant_id": 59, "price_adjustment": 0}]","Ít đá"
2073,1455,25,1,39000.00,39000.00,"[{"name": "Vừa", "variant_id": 59, "price_adjustment": 0}]","Nhiều đá"
2074,1456,16,2,59000.00,118000.00,NULL,"NULL"
2075,1457,1,2,45000.00,90000.00,"[{"name": "Vừa", "variant_id": 59, "price_adjustment": 0}]","NULL"
2076,1457,55,1,19000.00,19000.00,"[{"name": "Vừa", "variant_id": 59, "price_adjustment": 0}]","NULL"
2077,1458,6,2,69000.00,138000.00,NULL,"NULL"
2078,1459,6,2,69000.00,138000.00,"[{"name": "Vừa", "variant_id": 59, "price_adjustment": 0}]","NULL"
2079,1460,42,1,55000.00,55000.00,"[{"name": "Vừa", "variant_id": 59, "price_adjustment": 0}]","Ít đường"
2080,1461,27,2,45000.00,90000.00,"[{"name": "Vừa", "variant_id": 59, "price_adjustment": 0}]","NULL"
2081,1461,38,1,49000.00,49000.00,NULL,"NULL"
2082,1462,1,1,45000.00,45000.00,"[{"name": "Vừa", "variant_id": 59, "price_adjustment": 0}]","NULL"
2083,1462,63,1,39000.00,39000.00,"[{"name": "Vừa", "variant_id": 59, "price_adjustment": 0}]","NULL"
2084,1463,32,1,55000.00,55000.00,"[{"name": "Vừa", "variant_id": 59, "price_adjustment": 0}]","Ít đá"
2085,1463,57,2,39000.00,78000.00,"[{"name": "Vừa", "variant_id": 59, "price_adjustment": 0}]","NULL"
2086,1464,41,2,55000.00,110000.00,"[{"name": "Vừa", "variant_id": 59, "price_adjustment": 0}]","NULL"
2087,1465,2,1,49000.00,49000.00,"[{"name": "Vừa", "variant_id": 59, "price_adjustment": 0}]","NULL"
2088,1465,59,2,22000.00,44000.00,"[{"name": "Vừa", "variant_id": 59, "price_adjustment": 0}]","NULL"
2089,1466,40,2,55000.00,110000.00,"[{"name": "Vừa", "variant_id": 59, "price_adjustment": 0}]","Ít đường"
2090,1466,58,2,29000.00,58000.00,NULL,"NULL"
2091,1467,22,1,39000.00,39000.00,NULL,"NULL"
2092,1468,33,1,55000.00,55000.00,"[{"name": "Vừa", "variant_id": 59, "price_adjustment": 0}]","NULL"
2093,1469,12,2,59000.00,118000.00,"[{"name": "Vừa", "variant_id": 59, "price_adjustment": 0}]","Ít đá"
2094,1470,9,2,49000.00,98000.00,"[{"name": "Vừa", "variant_id": 59, "price_adjustment": 0}]","NULL"
2095,1471,22,2,39000.00,78000.00,"[{"name": "Vừa", "variant_id": 59, "price_adjustment": 0}]","NULL"
2096,1472,46,1,55000.00,55000.00,"[{"name": "Vừa", "variant_id": 59, "price_adjustment": 0}]","Ít đá"
2097,1473,6,2,69000.00,138000.00,"[{"name": "Vừa", "variant_id": 59, "price_adjustment": 0}]","NULL"
2098,1474,23,1,39000.00,39000.00,"[{"name": "Vừa", "variant_id": 59, "price_adjustment": 0}]","NULL"
2099,1474,52,2,19000.00,38000.00,NULL,"NULL"
2100,1475,25,1,39000.00,39000.00,"[{"name": "Vừa", "variant_id": 59, "price_adjustment": 0}]","NULL"
2101,1476,34,2,49000.00,98000.00,"[{"name": "Vừa", "variant_id": 59, "price_adjustment": 0}]","NULL"
2102,1477,24,2,39000.00,78000.00,"[{"name": "Vừa", "variant_id": 59, "price_adjustment": 0}]","NULL"
2103,1478,6,1,69000.00,69000.00,"[{"name": "Vừa", "variant_id": 59, "price_adjustment": 0}]","NULL"
2104,1478,55,1,19000.00,19000.00,NULL,"NULL"
2105,1479,44,1,39000.00,39000.00,"[{"name": "Vừa", "variant_id": 59, "price_adjustment": 0}]","NULL"
2106,1480,43,1,55000.00,55000.00,NULL,"NULL"
2107,1481,14,2,49000.00,98000.00,NULL,"Ít đường"
2108,1481,58,1,29000.00,29000.00,"[{"name": "Vừa", "variant_id": 59, "price_adjustment": 0}]","NULL"
2109,1482,10,1,49000.00,49000.00,"[{"name": "Vừa", "variant_id": 59, "price_adjustment": 0}]","NULL"
2110,1483,17,1,65000.00,65000.00,"[{"name": "Vừa", "variant_id": 59, "price_adjustment": 0}]","NULL"
2111,1484,36,2,49000.00,98000.00,NULL,"NULL"
2112,1485,31,2,55000.00,110000.00,"[{"name": "Vừa", "variant_id": 59, "price_adjustment": 0}]","Ít đá"
2113,1486,22,1,39000.00,39000.00,NULL,"NULL"
2114,1487,25,2,39000.00,78000.00,NULL,"Ít đá"
2115,1488,42,2,55000.00,110000.00,NULL,"NULL"
2116,1489,18,2,65000.00,130000.00,"[{"name": "Vừa", "variant_id": 59, "price_adjustment": 0}]","NULL"
2117,1490,46,1,55000.00,55000.00,"[{"name": "Vừa", "variant_id": 59, "price_adjustment": 0}]","NULL"
2118,1490,54,2,19000.00,38000.00,NULL,"NULL"
2119,1491,11,1,45000.00,45000.00,"[{"name": "Vừa", "variant_id": 59, "price_adjustment": 0}]","NULL"
2120,1491,61,2,19000.00,38000.00,"[{"name": "Vừa", "variant_id": 59, "price_adjustment": 0}]","NULL"
2121,1491,45,1,55000.00,55000.00,"[{"name": "Vừa", "variant_id": 59, "price_adjustment": 0}]","NULL"
2122,1492,33,1,55000.00,55000.00,"[{"name": "Vừa", "variant_id": 59, "price_adjustment": 0}]","NULL"
2123,1493,46,1,55000.00,55000.00,"[{"name": "Vừa", "variant_id": 59, "price_adjustment": 0}]","NULL"
2124,1493,50,1,20000.00,20000.00,"[{"name": "Vừa", "variant_id": 59, "price_adjustment": 0}]","Nhiều đá"
2125,1494,30,1,49000.00,49000.00,"[{"name": "Vừa", "variant_id": 59, "price_adjustment": 0}]","NULL"
2126,1494,58,1,29000.00,29000.00,"[{"name": "Vừa", "variant_id": 59, "price_adjustment": 0}]","NULL"
2127,1495,45,2,55000.00,110000.00,NULL,"NULL"
2128,1496,22,2,39000.00,78000.00,NULL,"NULL"
2129,1497,7,1,39000.00,39000.00,NULL,"NULL"
2130,1497,52,1,19000.00,19000.00,NULL,"NULL"
2131,1498,8,1,49000.00,49000.00,"[{"name": "Vừa", "variant_id": 59, "price_adjustment": 0}]","NULL"
2132,1499,23,2,39000.00,78000.00,NULL,"NULL"
2133,1499,60,1,22000.00,22000.00,"[{"name": "Vừa", "variant_id": 59, "price_adjustment": 0}]","Ít đường"
2134,1500,27,1,45000.00,45000.00,"[{"name": "Vừa", "variant_id": 59, "price_adjustment": 0}]","NULL"
2135,1501,22,2,39000.00,78000.00,"[{"name": "Vừa", "variant_id": 59, "price_adjustment": 0}]","NULL"
2136,1502,29,2,45000.00,90000.00,NULL,"NULL"
2137,1503,46,2,55000.00,110000.00,"[{"name": "Vừa", "variant_id": 59, "price_adjustment": 0}]","NULL"
2138,1503,16,1,59000.00,59000.00,"[{"name": "Vừa", "variant_id": 59, "price_adjustment": 0}]","NULL"
2139,1504,16,2,59000.00,118000.00,NULL,"NULL"
2140,1505,11,1,45000.00,45000.00,"[{"name": "Vừa", "variant_id": 59, "price_adjustment": 0}]","NULL"
2141,1506,1,2,45000.00,90000.00,"[{"name": "Vừa", "variant_id": 59, "price_adjustment": 0}]","NULL"
2142,1507,11,1,45000.00,45000.00,"[{"name": "Vừa", "variant_id": 59, "price_adjustment": 0}]","NULL"
2143,1507,60,1,22000.00,22000.00,"[{"name": "Vừa", "variant_id": 59, "price_adjustment": 0}]","NULL"
2144,1508,20,1,45000.00,45000.00,NULL,"NULL"
2145,1509,21,2,39000.00,78000.00,NULL,"NULL"
2146,1510,25,2,39000.00,78000.00,"[{"name": "Vừa", "variant_id": 59, "price_adjustment": 0}]","NULL"
2147,1511,45,1,55000.00,55000.00,"[{"name": "Vừa", "variant_id": 59, "price_adjustment": 0}]","NULL"
2148,1512,24,2,39000.00,78000.00,"[{"name": "Vừa", "variant_id": 59, "price_adjustment": 0}]","NULL"
