order_id,user_id,store_id,created_at,delivery_type,product_id,quantity,product_name,category_id,category_name,drink_type,temperature,has_caffeine,has_milk,weather_temp,weather_condition,humidity,hour,day_of_week,month
1327,78,10,2025-12-03 06:25:44,delivery,24,2,Cà Phê Sữa Nóng,5,"""PHIN"" VIỆT NAM",coffee,hot,1,1,25.7,Cool,67,6,2,12
1327,78,10,2025-12-03 06:25:44,delivery,56,2,Mousse Tiramisu,11,BÁNH NGỌT,food,cold,1,1,25.7,Cool,67,6,2,12
118,48,12,2025-12-03 03:16:44,takeaway,41,2,Hồng Trà Sữa Nóng,9,TRÀ SỮA,tea,hot,1,1,22.9,Cool,72,3,2,12
118,48,12,2025-12-03 03:16:44,takeaway,53,2,Mochi Kem Việt Quất,11,BÁNH NGỌT,food,cold,0,1,22.9,Cool,72,3,2,12
1109,130,14,2025-12-03 01:18:44,delivery,23,2,Cà Phê Đen Nóng,5,"""PHIN"" VIỆT NAM",coffee,hot,1,0,22.4,Cloudy,69,1,2,12
812,119,7,2025-12-02 23:21:44,dine-in,16,2,Latte Nóng,3,LATTE,coffee,hot,1,1,23.0,Cool,66,23,1,12
812,119,7,2025-12-02 23:21:44,dine-in,59,1,Bánh Mì Que Chà Bông Phô Mai Bơ Cay,12,BÁNH MẶN,food,hot,0,1,23.0,Cool,66,23,1,12
975,122,12,2025-12-02 19:10:44,dine-in,45,2,Chocolate Đá,10,CHOCOLATE,chocolate,cold,0,1,27.2,Cool,67,19,1,12
1320,51,7,2025-12-02 18:29:44,takeaway,33,2,Matcha Latte,7,MATCHA TÂY BẮC,tea,cold,0,1,25.7,Sunny,69,18,1,12
1320,51,7,2025-12-02 18:29:44,takeaway,47,1,Butter Croissant Sữa Đặc,11,BÁNH NGỌT,food,room,0,1,25.7,Sunny,69,18,1,12
832,84,13,2025-12-02 18:13:44,takeaway,41,1,Hồng Trà Sữa Nóng,9,TRÀ SỮA,tea,hot,1,1,24.4,Cool,66,18,1,12
731,26,13,2025-12-02 08:33:44,takeaway,3,1,Cappuccino Đá,1,ESPRESSO,coffee,cold,1,1,25.0,Cool,66,8,1,12
731,26,13,2025-12-02 08:33:44,takeaway,58,2,Butter Croissant,12,BÁNH MẶN,food,room,0,1,25.0,Cool,66,8,1,12
777,131,8,2025-12-02 07:58:44,takeaway,11,2,Americano Nóng,2,AMERICANO,coffee,hot,1,0,23.5,Sunny,74,7,1,12
1032,42,1,2025-12-02 07:55:44,takeaway,1,2,Espresso Nóng,1,ESPRESSO,coffee,hot,1,0,24.8,Cool,73,7,1,12
1032,42,1,2025-12-02 07:55:44,takeaway,54,2,Mochi Kem Chocolate,11,BÁNH NGỌT,food,cold,0,1,24.8,Cool,73,7,1,12
1348,44,8,2025-12-02 07:36:44,delivery,6,2,Caramel Macchiato Nóng,1,ESPRESSO,coffee,hot,1,1,27.9,Cool,73,7,1,12
1388,140,4,2025-12-02 06:32:44,dine-in,23,2,Cà Phê Đen Nóng,5,"""PHIN"" VIỆT NAM",coffee,hot,1,0,25.6,Cool,75,6,1,12
71,37,1,2025-12-02 05:07:44,dine-in,27,2,Cold Brew Truyền Thống,6,COLD BREW,coffee,cold,1,0,27.6,Sunny,73,5,1,12
1406,165,13,2025-12-02 00:58:44,takeaway,31,1,Matcha Latte Tây Bắc Sữa Yến Mạch (Nóng),7,MATCHA TÂY BẮC,tea,hot,0,1,23.9,Cloudy,69,0,1,12
1406,165,13,2025-12-02 00:58:44,takeaway,50,2,Mít Sấy,11,BÁNH NGỌT,food,room,0,0,23.9,Cloudy,69,0,1,12
1406,165,13,2025-12-02 00:58:44,takeaway,23,1,Cà Phê Đen Nóng,5,"""PHIN"" VIỆT NAM",coffee,hot,1,0,23.9,Cloudy,69,0,1,12
1119,102,3,2025-12-01 23:30:44,takeaway,4,1,Cappuccino Nóng,1,ESPRESSO,coffee,hot,1,1,25.3,Cool,73,23,0,12
1119,102,3,2025-12-01 23:30:44,takeaway,53,1,Mochi Kem Việt Quất,11,BÁNH NGỌT,food,cold,0,1,25.3,Cool,73,23,0,12
1003,109,12,2025-12-01 23:13:44,takeaway,23,2,Cà Phê Đen Nóng,5,"""PHIN"" VIỆT NAM",coffee,hot,1,0,23.3,Cloudy,69,23,0,12
1003,109,12,2025-12-01 23:13:44,takeaway,56,1,Mousse Tiramisu,11,BÁNH NGỌT,food,cold,1,1,23.3,Cloudy,69,23,0,12
616,146,6,2025-12-01 08:13:44,takeaway,32,2,Matcha Latte Tây Bắc Sữa Yến Mạch,7,MATCHA TÂY BẮC,tea,cold,0,1,27.5,Cloudy,70,8,0,12
1208,118,7,2025-12-01 07:10:44,dine-in,44,2,Trà Sữa Oolong BLao,9,TRÀ SỮA,tea,cold,1,1,25.8,Sunny,66,7,0,12
887,59,12,2025-12-01 05:01:44,delivery,11,1,Americano Nóng,2,AMERICANO,coffee,hot,1,0,23.2,Sunny,69,5,0,12
604,70,9,2025-12-01 00:50:44,dine-in,26,1,Cà Phê Sữa Đá,5,"""PHIN"" VIỆT NAM",coffee,cold,1,1,26.3,Cool,70,0,0,12
604,70,9,2025-12-01 00:50:44,dine-in,62,1,Croissant trứng muối,12,BÁNH MẶN,food,hot,0,1,26.3,Cool,70,0,0,12
1203,139,11,2025-12-01 00:11:44,takeaway,46,2,Chocolate Nóng,10,CHOCOLATE,chocolate,hot,0,1,24.5,Cloudy,72,0,0,12
1166,106,12,2025-11-30 22:27:44,takeaway,11,1,Americano Nóng,2,AMERICANO,coffee,hot,1,0,27.8,Sunny,73,22,6,11
1166,106,12,2025-11-30 22:27:44,takeaway,26,2,Cà Phê Sữa Đá,5,"""PHIN"" VIỆT NAM",coffee,cold,1,1,27.8,Sunny,73,22,6,11
939,147,7,2025-11-30 08:54:44,takeaway,10,1,A-Mê Thanh Yên,2,AMERICANO,coffee,cold,1,0,26.2,Cool,72,8,6,11
939,147,7,2025-11-30 08:54:44,takeaway,61,1,Bánh Mì Que Pate Cột Đèn,12,BÁNH MẶN,food,hot,0,0,26.2,Cool,72,8,6,11
939,147,7,2025-11-30 08:54:44,takeaway,21,1,Bạc Xỉu,5,"""PHIN"" VIỆT NAM",coffee,cold,1,1,26.2,Cool,72,8,6,11
920,55,9,2025-11-30 07:44:44,takeaway,36,2,Trà Đào Cam Sả - Đá,8,TRÀ TRÁI CÂY,tea,cold,1,0,27.5,Cloudy,71,7,6,11
920,55,9,2025-11-30 07:44:44,takeaway,63,1,Chà Bông Phô Mai,12,BÁNH MẶN,food,room,0,1,27.5,Cloudy,71,7,6,11
172,60,4,2025-11-30 04:30:44,takeaway,38,1,Oolong Tứ Quý Sen,8,TRÀ TRÁI CÂY,tea,cold,1,1,25.4,Cool,80,4,6,11
381,132,1,2025-11-30 03:07:44,delivery,46,2,Chocolate Nóng,10,CHOCOLATE,chocolate,hot,0,1,26.8,Cool,72,3,6,11
381,132,1,2025-11-30 03:07:44,delivery,62,2,Croissant trứng muối,12,BÁNH MẶN,food,hot,0,1,26.8,Cool,72,3,6,11
649,29,13,2025-11-30 02:21:44,takeaway,13,2,Latte Classic,3,LATTE,coffee,cold,1,1,28.2,Cloudy,76,2,6,11
322,54,10,2025-11-29 23:07:44,takeaway,45,1,Chocolate Đá,10,CHOCOLATE,chocolate,cold,0,1,24.6,Cool,70,23,5,11
343,43,4,2025-11-29 19:51:44,dine-in,14,1,Latte Bạc Xỉu,3,LATTE,coffee,cold,1,1,26.3,Cool,76,19,5,11
10,12,1,2025-11-29 14:15:00,delivery,13,2,Latte Classic,3,LATTE,coffee,cold,1,1,28.0,Unknown,75,14,5,11
9,11,1,2025-11-29 09:00:00,takeaway,29,2,Matcha Latte Tây Bắc,7,MATCHA TÂY BẮC,tea,cold,0,1,28.0,Unknown,75,9,5,11
1394,58,6,2025-11-29 08:08:44,dine-in,34,2,Matcha Tây Bắc Trân Châu Hoàng Kim,7,MATCHA TÂY BẮC,tea,cold,0,1,28.6,Cool,76,8,5,11
1394,58,6,2025-11-29 08:08:44,dine-in,56,1,Mousse Tiramisu,11,BÁNH NGỌT,food,cold,1,1,28.6,Cool,76,8,5,11
973,51,13,2025-11-29 02:49:44,takeaway,25,2,Cà Phê Đen Đá,5,"""PHIN"" VIỆT NAM",coffee,cold,1,0,27.4,Cloudy,78,2,5,11
973,51,13,2025-11-29 02:49:44,takeaway,36,2,Trà Đào Cam Sả - Đá,8,TRÀ TRÁI CÂY,tea,cold,1,0,27.4,Cloudy,78,2,5,11
493,16,9,2025-11-29 02:20:44,takeaway,16,1,Latte Nóng,3,LATTE,coffee,hot,1,1,28.0,Cool,74,2,5,11
493,16,9,2025-11-29 02:20:44,takeaway,53,1,Mochi Kem Việt Quất,11,BÁNH NGỌT,food,cold,0,1,28.0,Cool,74,2,5,11
145,166,3,2025-11-29 00:50:44,delivery,16,1,Latte Nóng,3,LATTE,coffee,hot,1,1,25.0,Sunny,79,0,5,11
81,80,1,2025-11-28 23:49:44,takeaway,3,1,Cappuccino Đá,1,ESPRESSO,coffee,cold,1,1,28.7,Cloudy,79,23,4,11
50,23,6,2025-11-28 23:29:44,takeaway,20,1,Bạc Xỉu Caramel Muối,5,"""PHIN"" VIỆT NAM",coffee,cold,1,1,25.6,Cool,73,23,4,11
682,24,3,2025-11-28 22:24:44,delivery,22,2,Bạc Xỉu Nóng,5,"""PHIN"" VIỆT NAM",coffee,hot,1,1,28.9,Cloudy,77,22,4,11
8,8,1,2025-11-28 13:30:00,takeaway,13,3,Latte Classic,3,LATTE,coffee,cold,1,1,28.0,Unknown,75,13,4,11
8,8,1,2025-11-28 13:30:00,takeaway,21,1,Bạc Xỉu,5,"""PHIN"" VIỆT NAM",coffee,cold,1,1,28.0,Unknown,75,13,4,11
7,10,2,2025-11-28 10:20:00,delivery,7,2,A-Mê Classic,2,AMERICANO,coffee,cold,1,0,28.0,Unknown,75,10,4,11
980,11,12,2025-11-28 07:33:44,takeaway,39,2,Trà Sữa Oolong Nướng Sương Sáo,9,TRÀ SỮA,tea,cold,1,1,27.8,Sunny,80,7,4,11
980,11,12,2025-11-28 07:33:44,takeaway,51,2,Mochi Kem Trà Sữa Trân Châu,11,BÁNH NGỌT,food,cold,0,1,27.8,Sunny,80,7,4,11
980,11,12,2025-11-28 07:33:44,takeaway,3,1,Cappuccino Đá,1,ESPRESSO,coffee,cold,1,1,27.8,Sunny,80,7,4,11
62,64,7,2025-11-28 07:08:44,takeaway,4,1,Cappuccino Nóng,1,ESPRESSO,coffee,hot,1,1,27.7,Cloudy,71,7,4,11
618,150,11,2025-11-28 06:30:44,dine-in,6,2,Caramel Macchiato Nóng,1,ESPRESSO,coffee,hot,1,1,24.8,Cloudy,73,6,4,11
618,150,11,2025-11-28 06:30:44,dine-in,60,2,Bánh Mì Que Bò Nấm Xốt Bơ,12,BÁNH MẶN,food,hot,0,0,24.8,Cloudy,73,6,4,11
1452,85,2,2025-11-28 04:59:44,takeaway,31,1,Matcha Latte Tây Bắc Sữa Yến Mạch (Nóng),7,MATCHA TÂY BẮC,tea,hot,0,1,24.3,Sunny,79,4,4,11
1092,104,8,2025-11-28 04:17:44,delivery,7,1,A-Mê Classic,2,AMERICANO,coffee,cold,1,0,26.6,Sunny,78,4,4,11
875,85,7,2025-11-28 03:55:44,delivery,7,2,A-Mê Classic,2,AMERICANO,coffee,cold,1,0,25.3,Cloudy,74,3,4,11
667,19,14,2025-11-28 03:22:44,takeaway,15,1,Latte Hazelnut,3,LATTE,coffee,cold,1,1,27.9,Cool,72,3,4,11
667,19,14,2025-11-28 03:22:44,takeaway,48,2,Matcha Burnt Cheesecake,11,BÁNH NGỌT,food,cold,0,1,27.9,Cool,72,3,4,11
680,45,1,2025-11-28 03:20:44,delivery,27,1,Cold Brew Truyền Thống,6,COLD BREW,coffee,cold,1,0,27.5,Cool,71,3,4,11
1036,72,8,2025-11-28 02:00:44,dine-in,7,1,A-Mê Classic,2,AMERICANO,coffee,cold,1,0,28.6,Cool,76,2,4,11
1036,72,8,2025-11-28 02:00:44,dine-in,62,1,Croissant trứng muối,12,BÁNH MẶN,food,hot,0,1,28.6,Cool,76,2,4,11
890,44,14,2025-11-27 20:57:44,takeaway,20,2,Bạc Xỉu Caramel Muối,5,"""PHIN"" VIỆT NAM",coffee,cold,1,1,27.1,Cloudy,73,20,3,11
41,54,3,2025-11-27 20:05:44,delivery,22,2,Bạc Xỉu Nóng,5,"""PHIN"" VIỆT NAM",coffee,hot,1,1,25.4,Cloudy,76,20,3,11
549,75,2,2025-11-27 19:34:44,delivery,35,1,Trà Đào Cam Sả - Nóng,8,TRÀ TRÁI CÂY,tea,hot,1,0,24.3,Cool,73,19,3,11
549,75,2,2025-11-27 19:34:44,delivery,61,2,Bánh Mì Que Pate Cột Đèn,12,BÁNH MẶN,food,hot,0,0,24.3,Cool,73,19,3,11
1194,118,3,2025-11-27 19:34:44,takeaway,25,2,Cà Phê Đen Đá,5,"""PHIN"" VIỆT NAM",coffee,cold,1,0,25.8,Sunny,78,19,3,11
1194,118,3,2025-11-27 19:34:44,takeaway,22,2,Bạc Xỉu Nóng,5,"""PHIN"" VIỆT NAM",coffee,hot,1,1,25.8,Sunny,78,19,3,11
6,13,1,2025-11-27 15:45:00,takeaway,13,2,Latte Classic,3,LATTE,coffee,cold,1,1,28.0,Unknown,75,15,3,11
6,13,1,2025-11-27 15:45:00,takeaway,47,1,Butter Croissant Sữa Đặc,11,BÁNH NGỌT,food,room,0,1,28.0,Unknown,75,15,3,11
5,12,3,2025-11-27 11:00:00,dine-in,29,2,Matcha Latte Tây Bắc,7,MATCHA TÂY BẮC,tea,cold,0,1,28.0,Unknown,75,11,3,11
1339,153,2,2025-11-27 08:36:44,takeaway,5,2,Caramel Macchiato Đá,1,ESPRESSO,coffee,cold,1,1,25.2,Cool,76,8,3,11
1339,153,2,2025-11-27 08:36:44,takeaway,60,1,Bánh Mì Que Bò Nấm Xốt Bơ,12,BÁNH MẶN,food,hot,0,0,25.2,Cool,76,8,3,11
125,168,15,2025-11-27 05:57:44,dine-in,4,2,Cappuccino Nóng,1,ESPRESSO,coffee,hot,1,1,24.1,Cool,73,5,3,11
125,168,15,2025-11-27 05:57:44,dine-in,61,1,Bánh Mì Que Pate Cột Đèn,12,BÁNH MẶN,food,hot,0,0,24.1,Cool,73,5,3,11
1015,44,13,2025-11-27 05:12:44,dine-in,18,2,Frappe Chocochip,4,FRAPPE,chocolate,cold,0,1,24.9,Sunny,74,5,3,11
1015,44,13,2025-11-27 05:12:44,dine-in,61,2,Bánh Mì Que Pate Cột Đèn,12,BÁNH MẶN,food,hot,0,0,24.9,Sunny,74,5,3,11
1015,44,13,2025-11-27 05:12:44,dine-in,17,2,Frappe Matcha Tây Bắc,4,FRAPPE,tea,cold,0,1,24.9,Sunny,74,5,3,11
1048,77,10,2025-11-27 04:58:44,delivery,21,1,Bạc Xỉu,5,"""PHIN"" VIỆT NAM",coffee,cold,1,1,27.2,Cool,80,4,3,11
1066,32,6,2025-11-27 00:00:44,dine-in,38,1,Oolong Tứ Quý Sen,8,TRÀ TRÁI CÂY,tea,cold,1,1,27.3,Cool,76,0,3,11
443,163,6,2025-11-26 21:03:44,delivery,46,1,Chocolate Nóng,10,CHOCOLATE,chocolate,hot,0,1,24.0,Cloudy,75,21,2,11
443,163,6,2025-11-26 21:03:44,delivery,59,1,Bánh Mì Que Chà Bông Phô Mai Bơ Cay,12,BÁNH MẶN,food,hot,0,1,24.0,Cloudy,75,21,2,11
1445,33,15,2025-11-26 20:42:44,dine-in,17,1,Frappe Matcha Tây Bắc,4,FRAPPE,tea,cold,0,1,24.1,Sunny,76,20,2,11
508,164,1,2025-11-26 19:33:44,delivery,26,2,Cà Phê Sữa Đá,5,"""PHIN"" VIỆT NAM",coffee,cold,1,1,26.1,Cloudy,72,19,2,11
508,164,1,2025-11-26 19:33:44,delivery,52,1,Mochi Kem Phúc Bồn Tử,11,BÁNH NGỌT,food,cold,0,1,26.1,Cloudy,72,19,2,11
282,82,8,2025-11-26 18:16:44,dine-in,42,1,Hồng Trà Sữa Trân Châu,9,TRÀ SỮA,tea,cold,1,1,28.2,Sunny,75,18,2,11
282,82,8,2025-11-26 18:16:44,dine-in,58,1,Butter Croissant,12,BÁNH MẶN,food,room,0,1,28.2,Sunny,75,18,2,11
4,8,1,2025-11-26 16:30:00,takeaway,13,1,Latte Classic,3,LATTE,coffee,cold,1,1,28.0,Unknown,75,16,2,11
3,11,2,2025-11-26 09:15:00,delivery,5,2,Caramel Macchiato Đá,1,ESPRESSO,coffee,cold,1,1,28.0,Unknown,75,9,2,11
3,11,2,2025-11-26 09:15:00,delivery,21,1,Bạc Xỉu,5,"""PHIN"" VIỆT NAM",coffee,cold,1,1,28.0,Unknown,75,9,2,11
676,144,9,2025-11-26 07:39:44,dine-in,10,1,A-Mê Thanh Yên,2,AMERICANO,coffee,cold,1,0,27.6,Cloudy,72,7,2,11
676,144,9,2025-11-26 07:39:44,dine-in,50,1,Mít Sấy,11,BÁNH NGỌT,food,room,0,0,27.6,Cloudy,72,7,2,11
1246,150,5,2025-11-26 07:38:44,takeaway,46,2,Chocolate Nóng,10,CHOCOLATE,chocolate,hot,0,1,28.4,Cool,78,7,2,11
1002,23,4,2025-11-26 06:17:44,dine-in,4,2,Cappuccino Nóng,1,ESPRESSO,coffee,hot,1,1,27.1,Sunny,75,6,2,11
1002,23,4,2025-11-26 06:17:44,dine-in,59,2,Bánh Mì Que Chà Bông Phô Mai Bơ Cay,12,BÁNH MẶN,food,hot,0,1,27.1,Sunny,75,6,2,11
1231,111,15,2025-11-26 04:44:44,delivery,45,2,Chocolate Đá,10,CHOCOLATE,chocolate,cold,0,1,29.0,Cloudy,78,4,2,11
1231,111,15,2025-11-26 04:44:44,delivery,48,2,Matcha Burnt Cheesecake,11,BÁNH NGỌT,food,cold,0,1,29.0,Cloudy,78,4,2,11
1145,109,14,2025-11-26 03:43:44,delivery,8,2,A-Mê Đào,2,AMERICANO,coffee,cold,1,0,25.1,Sunny,80,3,2,11
1145,109,14,2025-11-26 03:43:44,delivery,55,2,Mochi Kem Matcha,11,BÁNH NGỌT,food,cold,0,1,25.1,Sunny,80,3,2,11
1146,42,8,2025-11-26 03:07:44,takeaway,8,1,A-Mê Đào,2,AMERICANO,coffee,cold,1,0,27.1,Sunny,78,3,2,11
280,151,12,2025-11-26 00:48:44,takeaway,22,1,Bạc Xỉu Nóng,5,"""PHIN"" VIỆT NAM",coffee,hot,1,1,24.5,Cool,73,0,2,11
201,24,8,2025-11-26 00:07:44,delivery,6,2,Caramel Macchiato Nóng,1,ESPRESSO,coffee,hot,1,1,26.3,Cloudy,77,0,2,11
201,24,8,2025-11-26 00:07:44,delivery,47,2,Butter Croissant Sữa Đặc,11,BÁNH NGỌT,food,room,0,1,26.3,Cloudy,77,0,2,11
413,102,11,2025-11-25 23:37:44,takeaway,16,2,Latte Nóng,3,LATTE,coffee,hot,1,1,25.5,Cloudy,70,23,1,11
714,75,8,2025-11-25 18:55:44,takeaway,42,1,Hồng Trà Sữa Trân Châu,9,TRÀ SỮA,tea,cold,1,1,25.7,Cloudy,73,18,1,11
2,10,1,2025-11-25 14:20:00,takeaway,7,1,A-Mê Classic,2,AMERICANO,coffee,cold,1,0,28.0,Unknown,75,14,1,11
2,10,1,2025-11-25 14:20:00,takeaway,29,1,Matcha Latte Tây Bắc,7,MATCHA TÂY BẮC,tea,cold,0,1,28.0,Unknown,75,14,1,11
1,8,1,2025-11-25 10:30:00,takeaway,13,2,Latte Classic,3,LATTE,coffee,cold,1,1,31.4,Moderate or heavy rain shower,75,10,1,11
1,8,1,2025-11-25 10:30:00,takeaway,47,1,Butter Croissant Sữa Đặc,11,BÁNH NGỌT,food,room,0,1,31.4,Moderate or heavy rain shower,75,10,1,11
229,159,4,2025-11-25 05:40:44,delivery,7,2,A-Mê Classic,2,AMERICANO,coffee,cold,1,0,25.6,Sunny,78,5,1,11
229,159,4,2025-11-25 05:40:44,delivery,36,1,Trà Đào Cam Sả - Đá,8,TRÀ TRÁI CÂY,tea,cold,1,0,25.6,Sunny,78,5,1,11
1211,153,14,2025-11-25 05:25:44,dine-in,12,2,Latte Hạnh Nhân,3,LATTE,coffee,cold,1,1,26.8,Cool,78,5,1,11
1211,153,14,2025-11-25 05:25:44,dine-in,58,1,Butter Croissant,12,BÁNH MẶN,food,room,0,1,26.8,Cool,78,5,1,11
1060,49,5,2025-11-25 03:44:44,takeaway,35,2,Trà Đào Cam Sả - Nóng,8,TRÀ TRÁI CÂY,tea,hot,1,0,24.9,Sunny,75,3,1,11
1060,49,5,2025-11-25 03:44:44,takeaway,59,2,Bánh Mì Que Chà Bông Phô Mai Bơ Cay,12,BÁNH MẶN,food,hot,0,1,24.9,Sunny,75,3,1,11
1438,43,5,2025-11-25 01:22:44,delivery,4,2,Cappuccino Nóng,1,ESPRESSO,coffee,hot,1,1,24.7,Cool,71,1,1,11
1438,43,5,2025-11-25 01:22:44,delivery,62,2,Croissant trứng muối,12,BÁNH MẶN,food,hot,0,1,24.7,Cool,71,1,1,11
852,37,11,2025-11-25 00:56:44,dine-in,23,2,Cà Phê Đen Nóng,5,"""PHIN"" VIỆT NAM",coffee,hot,1,0,24.3,Cloudy,70,0,1,11
729,115,13,2025-11-25 00:06:44,dine-in,27,2,Cold Brew Truyền Thống,6,COLD BREW,coffee,cold,1,0,26.0,Sunny,75,0,1,11
1334,162,1,2025-11-24 23:54:44,dine-in,46,2,Chocolate Nóng,10,CHOCOLATE,chocolate,hot,0,1,24.2,Sunny,78,23,0,11
1336,17,14,2025-11-24 21:51:44,takeaway,19,2,Bạc Xỉu Foam Dừa,5,"""PHIN"" VIỆT NAM",coffee,cold,1,1,26.2,Cloudy,75,21,0,11
1090,145,15,2025-11-24 21:42:44,takeaway,23,1,Cà Phê Đen Nóng,5,"""PHIN"" VIỆT NAM",coffee,hot,1,0,24.2,Sunny,71,21,0,11
1090,145,15,2025-11-24 21:42:44,takeaway,31,1,Matcha Latte Tây Bắc Sữa Yến Mạch (Nóng),7,MATCHA TÂY BẮC,tea,hot,0,1,24.2,Sunny,71,21,0,11
238,140,7,2025-11-24 19:09:44,dine-in,22,1,Bạc Xỉu Nóng,5,"""PHIN"" VIỆT NAM",coffee,hot,1,1,27.3,Sunny,70,19,0,11
1056,141,13,2025-11-24 08:41:44,dine-in,21,2,Bạc Xỉu,5,"""PHIN"" VIỆT NAM",coffee,cold,1,1,28.7,Sunny,70,8,0,11
1284,171,5,2025-11-24 08:16:44,takeaway,46,2,Chocolate Nóng,10,CHOCOLATE,chocolate,hot,0,1,25.0,Cloudy,71,8,0,11
1284,171,5,2025-11-24 08:16:44,takeaway,57,2,Mousse Gấu Chocolate,11,BÁNH NGỌT,food,cold,0,1,25.0,Cloudy,71,8,0,11
521,51,12,2025-11-24 02:30:44,dine-in,7,2,A-Mê Classic,2,AMERICANO,coffee,cold,1,0,25.4,Cool,75,2,0,11
521,51,12,2025-11-24 02:30:44,dine-in,61,2,Bánh Mì Que Pate Cột Đèn,12,BÁNH MẶN,food,hot,0,0,25.4,Cool,75,2,0,11
521,51,12,2025-11-24 02:30:44,dine-in,69,2,Salad Cải Xoăn Xốt Yuzu,15,SALAD,food,cold,0,0,25.4,Cool,75,2,0,11
1156,115,13,2025-11-23 23:40:44,dine-in,1,2,Espresso Nóng,1,ESPRESSO,coffee,hot,1,0,24.4,Cloudy,70,23,6,11
1351,162,7,2025-11-23 20:59:44,dine-in,32,1,Matcha Latte Tây Bắc Sữa Yến Mạch,7,MATCHA TÂY BẮC,tea,cold,0,1,27.6,Cool,77,20,6,11
1351,162,7,2025-11-23 20:59:44,dine-in,55,2,Mochi Kem Matcha,11,BÁNH NGỌT,food,cold,0,1,27.6,Cool,77,20,6,11
202,130,3,2025-11-23 18:45:44,dine-in,33,1,Matcha Latte,7,MATCHA TÂY BẮC,tea,cold,0,1,27.0,Sunny,79,18,6,11
202,130,3,2025-11-23 18:45:44,dine-in,56,2,Mousse Tiramisu,11,BÁNH NGỌT,food,cold,1,1,27.0,Sunny,79,18,6,11
695,21,10,2025-11-23 07:29:44,delivery,38,1,Oolong Tứ Quý Sen,8,TRÀ TRÁI CÂY,tea,cold,1,1,26.4,Cool,75,7,6,11
695,21,10,2025-11-23 07:29:44,delivery,48,1,Matcha Burnt Cheesecake,11,BÁNH NGỌT,food,cold,0,1,26.4,Cool,75,7,6,11
103,62,8,2025-11-23 00:40:44,delivery,5,1,Caramel Macchiato Đá,1,ESPRESSO,coffee,cold,1,1,25.9,Cool,75,0,6,11
103,62,8,2025-11-23 00:40:44,delivery,56,2,Mousse Tiramisu,11,BÁNH NGỌT,food,cold,1,1,25.9,Cool,75,0,6,11
637,139,4,2025-11-23 00:35:44,takeaway,8,1,A-Mê Đào,2,AMERICANO,coffee,cold,1,0,26.2,Cool,75,0,6,11
626,42,14,2025-11-22 23:30:44,dine-in,36,1,Trà Đào Cam Sả - Đá,8,TRÀ TRÁI CÂY,tea,cold,1,0,26.2,Sunny,79,23,5,11
1233,131,15,2025-11-22 18:46:44,dine-in,20,1,Bạc Xỉu Caramel Muối,5,"""PHIN"" VIỆT NAM",coffee,cold,1,1,28.8,Sunny,70,18,5,11
873,23,4,2025-11-22 18:19:44,delivery,24,1,Cà Phê Sữa Nóng,5,"""PHIN"" VIỆT NAM",coffee,hot,1,1,28.4,Cool,70,18,5,11
191,148,5,2025-11-22 09:03:44,dine-in,44,1,Trà Sữa Oolong BLao,9,TRÀ SỮA,tea,cold,1,1,26.4,Sunny,76,9,5,11
191,148,5,2025-11-22 09:03:44,dine-in,54,2,Mochi Kem Chocolate,11,BÁNH NGỌT,food,cold,0,1,26.4,Sunny,76,9,5,11
1297,73,8,2025-11-22 07:26:44,dine-in,6,1,Caramel Macchiato Nóng,1,ESPRESSO,coffee,hot,1,1,27.2,Cool,74,7,5,11
1297,73,8,2025-11-22 07:26:44,dine-in,55,1,Mochi Kem Matcha,11,BÁNH NGỌT,food,cold,0,1,27.2,Cool,74,7,5,11
807,57,13,2025-11-22 06:23:44,dine-in,41,1,Hồng Trà Sữa Nóng,9,TRÀ SỮA,tea,hot,1,1,24.7,Sunny,78,6,5,11
487,10,1,2025-11-22 05:57:44,delivery,46,1,Chocolate Nóng,10,CHOCOLATE,chocolate,hot,0,1,24.6,Cloudy,71,5,5,11
1466,36,6,2025-11-22 05:45:44,dine-in,40,2,Trà Sữa Oolong Tứ Quý Sương Sáo,9,TRÀ SỮA,tea,cold,1,1,25.2,Cloudy,73,5,5,11
1466,36,6,2025-11-22 05:45:44,dine-in,58,2,Butter Croissant,12,BÁNH MẶN,food,room,0,1,25.2,Cloudy,73,5,5,11
782,54,11,2025-11-22 05:37:44,takeaway,24,1,Cà Phê Sữa Nóng,5,"""PHIN"" VIỆT NAM",coffee,hot,1,1,28.2,Cool,78,5,5,11
742,152,1,2025-11-21 23:23:44,takeaway,40,2,Trà Sữa Oolong Tứ Quý Sương Sáo,9,TRÀ SỮA,tea,cold,1,1,25.4,Cloudy,74,23,4,11
1467,168,14,2025-11-21 23:00:44,takeaway,22,1,Bạc Xỉu Nóng,5,"""PHIN"" VIỆT NAM",coffee,hot,1,1,24.1,Cool,78,23,4,11
1253,25,9,2025-11-21 19:45:44,takeaway,2,1,Espresso Đá,1,ESPRESSO,coffee,cold,1,0,26.1,Cloudy,74,19,4,11
1253,25,9,2025-11-21 19:45:44,takeaway,57,1,Mousse Gấu Chocolate,11,BÁNH NGỌT,food,cold,0,1,26.1,Cloudy,74,19,4,11
1253,25,9,2025-11-21 19:45:44,takeaway,24,2,Cà Phê Sữa Nóng,5,"""PHIN"" VIỆT NAM",coffee,hot,1,1,26.1,Cloudy,74,19,4,11
568,100,14,2025-11-21 07:32:44,dine-in,23,1,Cà Phê Đen Nóng,5,"""PHIN"" VIỆT NAM",coffee,hot,1,0,27.3,Sunny,79,7,4,11
568,100,14,2025-11-21 07:32:44,dine-in,50,2,Mít Sấy,11,BÁNH NGỌT,food,room,0,0,27.3,Sunny,79,7,4,11
908,172,9,2025-11-21 06:57:44,delivery,20,2,Bạc Xỉu Caramel Muối,5,"""PHIN"" VIỆT NAM",coffee,cold,1,1,26.1,Sunny,77,6,4,11
1011,69,5,2025-11-21 03:38:44,dine-in,1,1,Espresso Nóng,1,ESPRESSO,coffee,hot,1,0,24.4,Cloudy,80,3,4,11
995,162,2,2025-11-21 02:57:44,dine-in,8,2,A-Mê Đào,2,AMERICANO,coffee,cold,1,0,27.3,Sunny,79,2,4,11
459,105,11,2025-11-21 02:41:44,dine-in,16,2,Latte Nóng,3,LATTE,coffee,hot,1,1,24.9,Cloudy,74,2,4,11
1482,10,14,2025-11-21 02:22:44,takeaway,10,1,A-Mê Thanh Yên,2,AMERICANO,coffee,cold,1,0,26.6,Cool,80,2,4,11
1368,122,2,2025-11-20 23:40:44,delivery,11,1,Americano Nóng,2,AMERICANO,coffee,hot,1,0,28.9,Cloudy,76,23,3,11
1368,122,2,2025-11-20 23:40:44,delivery,58,1,Butter Croissant,12,BÁNH MẶN,food,room,0,1,28.9,Cloudy,76,23,3,11
1507,20,4,2025-11-20 08:25:44,takeaway,11,1,Americano Nóng,2,AMERICANO,coffee,hot,1,0,26.1,Cloudy,73,8,3,11
1507,20,4,2025-11-20 08:25:44,takeaway,60,1,Bánh Mì Que Bò Nấm Xốt Bơ,12,BÁNH MẶN,food,hot,0,0,26.1,Cloudy,73,8,3,11
259,41,14,2025-11-20 00:57:44,takeaway,24,1,Cà Phê Sữa Nóng,5,"""PHIN"" VIỆT NAM",coffee,hot,1,1,26.6,Cool,74,0,3,11
1404,156,12,2025-11-19 23:40:44,takeaway,1,2,Espresso Nóng,1,ESPRESSO,coffee,hot,1,0,27.4,Cool,75,23,2,11
982,57,3,2025-11-19 23:11:44,takeaway,46,1,Chocolate Nóng,10,CHOCOLATE,chocolate,hot,0,1,24.6,Sunny,75,23,2,11
1107,140,12,2025-11-19 22:36:44,dine-in,23,1,Cà Phê Đen Nóng,5,"""PHIN"" VIỆT NAM",coffee,hot,1,0,24.7,Cool,70,22,2,11
859,96,10,2025-11-19 19:11:44,delivery,45,2,Chocolate Đá,10,CHOCOLATE,chocolate,cold,0,1,28.8,Cool,80,19,2,11
859,96,10,2025-11-19 19:11:44,delivery,60,1,Bánh Mì Que Bò Nấm Xốt Bơ,12,BÁNH MẶN,food,hot,0,0,28.8,Cool,80,19,2,11
92,82,13,2025-11-19 08:24:44,dine-in,44,1,Trà Sữa Oolong BLao,9,TRÀ SỮA,tea,cold,1,1,27.9,Cloudy,74,8,2,11
260,140,14,2025-11-19 06:39:44,delivery,19,1,Bạc Xỉu Foam Dừa,5,"""PHIN"" VIỆT NAM",coffee,cold,1,1,29.0,Cool,70,6,2,11
477,36,9,2025-11-19 05:03:44,dine-in,10,2,A-Mê Thanh Yên,2,AMERICANO,coffee,cold,1,0,27.0,Cool,79,5,2,11
377,111,13,2025-11-19 04:33:44,delivery,45,1,Chocolate Đá,10,CHOCOLATE,chocolate,cold,0,1,27.0,Cool,71,4,2,11
985,164,6,2025-11-18 22:55:44,takeaway,5,2,Caramel Macchiato Đá,1,ESPRESSO,coffee,cold,1,1,28.5,Cool,73,22,1,11
985,164,6,2025-11-18 22:55:44,takeaway,49,2,Burnt Cheesecake,11,BÁNH NGỌT,food,cold,0,1,28.5,Cool,73,22,1,11
74,80,14,2025-11-18 21:52:44,takeaway,32,2,Matcha Latte Tây Bắc Sữa Yến Mạch,7,MATCHA TÂY BẮC,tea,cold,0,1,28.3,Cool,72,21,1,11
801,36,15,2025-11-18 20:25:44,delivery,43,2,Trà Đen Macchiato,9,TRÀ SỮA,tea,cold,1,1,28.8,Cool,72,20,1,11
801,36,15,2025-11-18 20:25:44,delivery,48,2,Matcha Burnt Cheesecake,11,BÁNH NGỌT,food,cold,0,1,28.8,Cool,72,20,1,11
1291,95,14,2025-11-18 20:02:44,takeaway,34,2,Matcha Tây Bắc Trân Châu Hoàng Kim,7,MATCHA TÂY BẮC,tea,cold,0,1,25.6,Cool,71,20,1,11
1291,95,14,2025-11-18 20:02:44,takeaway,58,1,Butter Croissant,12,BÁNH MẶN,food,room,0,1,25.6,Cool,71,20,1,11
1019,37,1,2025-11-18 08:55:44,takeaway,46,1,Chocolate Nóng,10,CHOCOLATE,chocolate,hot,0,1,24.2,Cloudy,73,8,1,11
239,153,13,2025-11-18 06:54:44,dine-in,11,2,Americano Nóng,2,AMERICANO,coffee,hot,1,0,25.6,Cool,71,6,1,11
1328,101,7,2025-11-18 04:36:44,takeaway,10,2,A-Mê Thanh Yên,2,AMERICANO,coffee,cold,1,0,26.1,Sunny,79,4,1,11
518,106,10,2025-11-18 04:35:44,takeaway,11,1,Americano Nóng,2,AMERICANO,coffee,hot,1,0,26.6,Sunny,78,4,1,11
518,106,10,2025-11-18 04:35:44,takeaway,60,2,Bánh Mì Que Bò Nấm Xốt Bơ,12,BÁNH MẶN,food,hot,0,0,26.6,Sunny,78,4,1,11
518,106,10,2025-11-18 04:35:44,takeaway,9,1,A-Mê Mơ,2,AMERICANO,coffee,cold,1,0,26.6,Sunny,78,4,1,11
440,57,2,2025-11-18 02:33:44,dine-in,46,2,Chocolate Nóng,10,CHOCOLATE,chocolate,hot,0,1,27.2,Cool,70,2,1,11
440,57,2,2025-11-18 02:33:44,dine-in,57,2,Mousse Gấu Chocolate,11,BÁNH NGỌT,food,cold,0,1,27.2,Cool,70,2,1,11
440,57,2,2025-11-18 02:33:44,dine-in,19,2,Bạc Xỉu Foam Dừa,5,"""PHIN"" VIỆT NAM",coffee,cold,1,1,27.2,Cool,70,2,1,11
779,54,3,2025-11-18 00:28:44,takeaway,2,2,Espresso Đá,1,ESPRESSO,coffee,cold,1,0,25.0,Cloudy,77,0,1,11
1469,145,11,2025-11-17 22:21:44,takeaway,12,2,Latte Hạnh Nhân,3,LATTE,coffee,cold,1,1,25.9,Sunny,76,22,0,11
639,150,14,2025-11-17 21:31:44,takeaway,21,2,Bạc Xỉu,5,"""PHIN"" VIỆT NAM",coffee,cold,1,1,27.1,Cloudy,79,21,0,11
639,150,14,2025-11-17 21:31:44,takeaway,63,2,Chà Bông Phô Mai,12,BÁNH MẶN,food,room,0,1,27.1,Cloudy,79,21,0,11
237,36,13,2025-11-17 08:28:44,delivery,43,1,Trà Đen Macchiato,9,TRÀ SỮA,tea,cold,1,1,28.0,Cloudy,70,8,0,11
237,36,13,2025-11-17 08:28:44,delivery,62,1,Croissant trứng muối,12,BÁNH MẶN,food,hot,0,1,28.0,Cloudy,70,8,0,11
417,32,2,2025-11-17 06:36:44,takeaway,46,1,Chocolate Nóng,10,CHOCOLATE,chocolate,hot,0,1,27.1,Cool,77,6,0,11
805,170,15,2025-11-16 23:09:44,takeaway,21,2,Bạc Xỉu,5,"""PHIN"" VIỆT NAM",coffee,cold,1,1,28.0,Sunny,80,23,6,11
805,170,15,2025-11-16 23:09:44,takeaway,62,2,Croissant trứng muối,12,BÁNH MẶN,food,hot,0,1,28.0,Sunny,80,23,6,11
804,120,4,2025-11-16 20:22:44,dine-in,39,1,Trà Sữa Oolong Nướng Sương Sáo,9,TRÀ SỮA,tea,cold,1,1,26.3,Sunny,80,20,6,11
804,120,4,2025-11-16 20:22:44,dine-in,57,1,Mousse Gấu Chocolate,11,BÁNH NGỌT,food,cold,0,1,26.3,Sunny,80,20,6,11
804,120,4,2025-11-16 20:22:44,dine-in,69,2,Salad Cải Xoăn Xốt Yuzu,15,SALAD,food,cold,0,0,26.3,Sunny,80,20,6,11
273,149,10,2025-11-16 18:52:44,dine-in,42,1,Hồng Trà Sữa Trân Châu,9,TRÀ SỮA,tea,cold,1,1,28.4,Cool,80,18,6,11
823,89,13,2025-11-16 07:39:44,dine-in,18,2,Frappe Chocochip,4,FRAPPE,chocolate,cold,0,1,24.6,Sunny,79,7,6,11
268,51,12,2025-11-16 07:30:44,dine-in,14,1,Latte Bạc Xỉu,3,LATTE,coffee,cold,1,1,26.6,Cloudy,70,7,6,11
648,149,14,2025-11-16 07:12:44,takeaway,40,1,Trà Sữa Oolong Tứ Quý Sương Sáo,9,TRÀ SỮA,tea,cold,1,1,25.6,Cool,70,7,6,11
170,51,13,2025-11-16 06:00:44,delivery,6,2,Caramel Macchiato Nóng,1,ESPRESSO,coffee,hot,1,1,25.8,Sunny,71,6,6,11
615,41,4,2025-11-16 05:14:44,delivery,43,2,Trà Đen Macchiato,9,TRÀ SỮA,tea,cold,1,1,26.8,Cloudy,76,5,6,11
615,41,4,2025-11-16 05:14:44,delivery,8,2,A-Mê Đào,2,AMERICANO,coffee,cold,1,0,26.8,Cloudy,76,5,6,11
148,96,13,2025-11-16 05:10:44,dine-in,8,1,A-Mê Đào,2,AMERICANO,coffee,cold,1,0,25.3,Cloudy,80,5,6,11
148,96,13,2025-11-16 05:10:44,dine-in,59,1,Bánh Mì Que Chà Bông Phô Mai Bơ Cay,12,BÁNH MẶN,food,hot,0,1,25.3,Cloudy,80,5,6,11
1139,113,3,2025-11-16 04:58:44,delivery,2,2,Espresso Đá,1,ESPRESSO,coffee,cold,1,0,26.8,Sunny,80,4,6,11
716,76,4,2025-11-16 04:21:44,delivery,34,1,Matcha Tây Bắc Trân Châu Hoàng Kim,7,MATCHA TÂY BẮC,tea,cold,0,1,26.5,Cloudy,70,4,6,11
1087,57,14,2025-11-16 00:11:44,dine-in,46,2,Chocolate Nóng,10,CHOCOLATE,chocolate,hot,0,1,24.1,Cool,79,0,6,11
1304,121,11,2025-11-15 20:09:44,dine-in,25,2,Cà Phê Đen Đá,5,"""PHIN"" VIỆT NAM",coffee,cold,1,0,28.4,Sunny,75,20,5,11
1304,121,11,2025-11-15 20:09:44,dine-in,53,1,Mochi Kem Việt Quất,11,BÁNH NGỌT,food,cold,0,1,28.4,Sunny,75,20,5,11
1310,124,2,2025-11-15 19:17:44,dine-in,12,2,Latte Hạnh Nhân,3,LATTE,coffee,cold,1,1,25.2,Cloudy,80,19,5,11
540,161,14,2025-11-15 19:08:44,takeaway,38,2,Oolong Tứ Quý Sen,8,TRÀ TRÁI CÂY,tea,cold,1,1,25.1,Cloudy,74,19,5,11
575,40,10,2025-11-15 19:04:44,takeaway,20,1,Bạc Xỉu Caramel Muối,5,"""PHIN"" VIỆT NAM",coffee,cold,1,1,28.4,Cloudy,76,19,5,11
1189,119,7,2025-11-15 05:12:44,takeaway,16,1,Latte Nóng,3,LATTE,coffee,hot,1,1,24.2,Sunny,73,5,5,11
405,125,11,2025-11-15 02:55:44,takeaway,1,2,Espresso Nóng,1,ESPRESSO,coffee,hot,1,0,26.9,Cloudy,70,2,5,11
405,125,11,2025-11-15 02:55:44,takeaway,61,1,Bánh Mì Que Pate Cột Đèn,12,BÁNH MẶN,food,hot,0,0,26.9,Cloudy,70,2,5,11
1298,137,13,2025-11-15 02:28:44,delivery,8,1,A-Mê Đào,2,AMERICANO,coffee,cold,1,0,28.4,Cool,74,2,5,11
151,37,10,2025-11-15 01:29:44,takeaway,24,1,Cà Phê Sữa Nóng,5,"""PHIN"" VIỆT NAM",coffee,hot,1,1,24.7,Cloudy,73,1,5,11
759,91,3,2025-11-15 00:29:44,takeaway,26,1,Cà Phê Sữa Đá,5,"""PHIN"" VIỆT NAM",coffee,cold,1,1,27.5,Sunny,75,0,5,11
879,53,15,2025-11-14 23:46:44,takeaway,5,2,Caramel Macchiato Đá,1,ESPRESSO,coffee,cold,1,1,25.1,Sunny,71,23,4,11
390,40,13,2025-11-14 23:09:44,dine-in,4,2,Cappuccino Nóng,1,ESPRESSO,coffee,hot,1,1,27.7,Sunny,77,23,4,11
390,40,13,2025-11-14 23:09:44,dine-in,62,1,Croissant trứng muối,12,BÁNH MẶN,food,hot,0,1,27.7,Sunny,77,23,4,11
1044,102,3,2025-11-14 20:59:44,takeaway,38,1,Oolong Tứ Quý Sen,8,TRÀ TRÁI CÂY,tea,cold,1,1,27.2,Sunny,70,20,4,11
1044,102,3,2025-11-14 20:59:44,takeaway,47,1,Butter Croissant Sữa Đặc,11,BÁNH NGỌT,food,room,0,1,27.2,Sunny,70,20,4,11
999,90,4,2025-11-14 02:13:44,delivery,26,2,Cà Phê Sữa Đá,5,"""PHIN"" VIỆT NAM",coffee,cold,1,1,25.3,Sunny,72,2,4,11
999,90,4,2025-11-14 02:13:44,delivery,26,2,Cà Phê Sữa Đá,5,"""PHIN"" VIỆT NAM",coffee,cold,1,1,30.5,Cloudy,71,2,4,11
999,90,4,2025-11-14 02:13:44,delivery,47,2,Butter Croissant Sữa Đặc,11,BÁNH NGỌT,food,room,0,1,25.3,Sunny,72,2,4,11
999,90,4,2025-11-14 02:13:44,delivery,47,2,Butter Croissant Sữa Đặc,11,BÁNH NGỌT,food,room,0,1,30.5,Cloudy,71,2,4,11
1464,35,15,2025-11-13 23:53:44,dine-in,41,2,Hồng Trà Sữa Nóng,9,TRÀ SỮA,tea,hot,1,1,24.8,Cool,78,23,3,11
90,129,5,2025-11-13 23:49:44,delivery,16,1,Latte Nóng,3,LATTE,coffee,hot,1,1,24.6,Sunny,76,23,3,11
1373,150,5,2025-11-13 23:33:44,dine-in,5,1,Caramel Macchiato Đá,1,ESPRESSO,coffee,cold,1,1,26.8,Cloudy,74,23,3,11
1103,62,7,2025-11-13 21:01:44,delivery,21,2,Bạc Xỉu,5,"""PHIN"" VIỆT NAM",coffee,cold,1,1,25.3,Sunny,76,21,3,11
784,42,3,2025-11-13 20:26:44,takeaway,11,2,Americano Nóng,2,AMERICANO,coffee,hot,1,0,24.7,Cloudy,76,20,3,11
784,42,3,2025-11-13 20:26:44,takeaway,51,1,Mochi Kem Trà Sữa Trân Châu,11,BÁNH NGỌT,food,cold,0,1,24.7,Cloudy,76,20,3,11
784,42,3,2025-11-13 20:26:44,takeaway,41,2,Hồng Trà Sữa Nóng,9,TRÀ SỮA,tea,hot,1,1,24.7,Cloudy,76,20,3,11
1070,57,2,2025-11-13 06:35:44,dine-in,34,2,Matcha Tây Bắc Trân Châu Hoàng Kim,7,MATCHA TÂY BẮC,tea,cold,0,1,26.0,Cloudy,78,6,3,11
1070,57,2,2025-11-13 06:35:44,dine-in,9,1,A-Mê Mơ,2,AMERICANO,coffee,cold,1,0,26.0,Cloudy,78,6,3,11
745,44,8,2025-11-13 01:13:44,takeaway,37,1,Oolong Tứ Quý Sen (Nóng),8,TRÀ TRÁI CÂY,tea,hot,1,0,24.8,Cool,72,1,3,11
745,44,8,2025-11-13 01:13:44,takeaway,58,2,Butter Croissant,12,BÁNH MẶN,food,room,0,1,24.8,Cool,72,1,3,11
1455,40,11,2025-11-12 22:55:44,delivery,25,1,Cà Phê Đen Đá,5,"""PHIN"" VIỆT NAM",coffee,cold,1,0,28.5,Sunny,70,22,2,11
1352,74,14,2025-11-12 21:02:44,takeaway,21,1,Bạc Xỉu,5,"""PHIN"" VIỆT NAM",coffee,cold,1,1,27.1,Cool,72,21,2,11
39,36,12,2025-11-12 20:13:44,takeaway,30,2,Matcha Latte Tây Bắc (Nóng),7,MATCHA TÂY BẮC,tea,hot,0,1,24.8,Sunny,77,20,2,11
39,36,12,2025-11-12 20:13:44,takeaway,62,1,Croissant trứng muối,12,BÁNH MẶN,food,hot,0,1,24.8,Sunny,77,20,2,11
528,11,11,2025-11-12 19:12:44,dine-in,4,2,Cappuccino Nóng,1,ESPRESSO,coffee,hot,1,1,26.2,Cloudy,74,19,2,11
528,11,11,2025-11-12 19:12:44,dine-in,58,1,Butter Croissant,12,BÁNH MẶN,food,room,0,1,26.2,Cloudy,74,19,2,11
411,38,13,2025-11-12 04:46:44,delivery,31,2,Matcha Latte Tây Bắc Sữa Yến Mạch (Nóng),7,MATCHA TÂY BẮC,tea,hot,0,1,24.1,Cloudy,76,4,2,11
411,38,13,2025-11-12 04:46:44,delivery,57,2,Mousse Gấu Chocolate,11,BÁNH NGỌT,food,cold,0,1,24.1,Cloudy,76,4,2,11
666,84,11,2025-11-12 03:16:44,dine-in,34,2,Matcha Tây Bắc Trân Châu Hoàng Kim,7,MATCHA TÂY BẮC,tea,cold,0,1,25.0,Sunny,70,3,2,11
1130,100,3,2025-11-12 02:55:44,takeaway,44,2,Trà Sữa Oolong BLao,9,TRÀ SỮA,tea,cold,1,1,26.6,Cool,78,2,2,11
864,25,8,2025-11-12 02:04:44,delivery,33,1,Matcha Latte,7,MATCHA TÂY BẮC,tea,cold,0,1,27.2,Cloudy,70,2,2,11
988,136,6,2025-11-12 00:44:44,dine-in,36,1,Trà Đào Cam Sả - Đá,8,TRÀ TRÁI CÂY,tea,cold,1,0,29.0,Sunny,79,0,2,11
988,136,6,2025-11-12 00:44:44,dine-in,50,1,Mít Sấy,11,BÁNH NGỌT,food,room,0,0,29.0,Sunny,79,0,2,11
136,16,10,2025-11-11 23:54:44,takeaway,28,2,Cold Brew Kim Quất,6,COLD BREW,coffee,cold,1,0,26.1,Cool,79,23,1,11
1205,106,12,2025-11-11 20:38:44,dine-in,24,2,Cà Phê Sữa Nóng,5,"""PHIN"" VIỆT NAM",coffee,hot,1,1,25.8,Cloudy,80,20,1,11
523,42,7,2025-11-11 19:14:44,dine-in,5,2,Caramel Macchiato Đá,1,ESPRESSO,coffee,cold,1,1,25.8,Cool,76,19,1,11
923,159,5,2025-11-11 18:33:44,takeaway,25,2,Cà Phê Đen Đá,5,"""PHIN"" VIỆT NAM",coffee,cold,1,0,28.7,Cool,73,18,1,11
139,150,6,2025-11-11 05:52:44,dine-in,24,2,Cà Phê Sữa Nóng,5,"""PHIN"" VIỆT NAM",coffee,hot,1,1,24.4,Sunny,74,5,1,11
139,150,6,2025-11-11 05:52:44,dine-in,49,2,Burnt Cheesecake,11,BÁNH NGỌT,food,cold,0,1,24.4,Sunny,74,5,1,11
1004,30,2,2025-11-11 04:27:44,dine-in,29,2,Matcha Latte Tây Bắc,7,MATCHA TÂY BẮC,tea,cold,0,1,25.0,Cool,78,4,1,11
846,17,8,2025-11-11 01:40:44,takeaway,36,1,Trà Đào Cam Sả - Đá,8,TRÀ TRÁI CÂY,tea,cold,1,0,28.1,Sunny,79,1,1,11
289,120,4,2025-11-11 01:31:44,dine-in,21,1,Bạc Xỉu,5,"""PHIN"" VIỆT NAM",coffee,cold,1,1,25.3,Cloudy,74,1,1,11
289,120,4,2025-11-11 01:31:44,dine-in,49,1,Burnt Cheesecake,11,BÁNH NGỌT,food,cold,0,1,25.3,Cloudy,74,1,1,11
289,120,4,2025-11-11 01:31:44,dine-in,14,2,Latte Bạc Xỉu,3,LATTE,coffee,cold,1,1,25.3,Cloudy,74,1,1,11
937,115,3,2025-11-10 18:45:44,delivery,24,2,Cà Phê Sữa Nóng,5,"""PHIN"" VIỆT NAM",coffee,hot,1,1,26.1,Cool,73,18,0,11
380,22,15,2025-11-10 04:45:44,takeaway,24,1,Cà Phê Sữa Nóng,5,"""PHIN"" VIỆT NAM",coffee,hot,1,1,26.7,Cool,75,4,0,11
380,22,15,2025-11-10 04:45:44,takeaway,54,2,Mochi Kem Chocolate,11,BÁNH NGỌT,food,cold,0,1,26.7,Cool,75,4,0,11
720,36,14,2025-11-09 20:26:44,dine-in,22,2,Bạc Xỉu Nóng,5,"""PHIN"" VIỆT NAM",coffee,hot,1,1,25.4,Cloudy,79,20,6,11
720,36,14,2025-11-09 20:26:44,dine-in,58,2,Butter Croissant,12,BÁNH MẶN,food,room,0,1,25.4,Cloudy,79,20,6,11
656,100,4,2025-11-09 18:09:44,dine-in,46,2,Chocolate Nóng,10,CHOCOLATE,chocolate,hot,0,1,24.1,Cloudy,77,18,6,11
885,28,5,2025-11-09 08:24:44,takeaway,6,2,Caramel Macchiato Nóng,1,ESPRESSO,coffee,hot,1,1,24.4,Sunny,79,8,6,11
885,28,5,2025-11-09 08:24:44,takeaway,30,2,Matcha Latte Tây Bắc (Nóng),7,MATCHA TÂY BẮC,tea,hot,0,1,24.4,Sunny,79,8,6,11
1050,125,8,2025-11-09 07:24:44,delivery,26,1,Cà Phê Sữa Đá,5,"""PHIN"" VIỆT NAM",coffee,cold,1,1,28.2,Sunny,76,7,6,11
672,33,8,2025-11-09 04:03:44,takeaway,43,1,Trà Đen Macchiato,9,TRÀ SỮA,tea,cold,1,1,25.4,Sunny,75,4,6,11
944,153,12,2025-11-09 03:53:44,dine-in,28,1,Cold Brew Kim Quất,6,COLD BREW,coffee,cold,1,0,28.4,Cool,77,3,6,11
402,105,13,2025-11-09 01:14:44,delivery,39,1,Trà Sữa Oolong Nướng Sương Sáo,9,TRÀ SỮA,tea,cold,1,1,25.4,Cloudy,78,1,6,11
402,105,13,2025-11-09 01:14:44,delivery,60,2,Bánh Mì Que Bò Nấm Xốt Bơ,12,BÁNH MẶN,food,hot,0,0,25.4,Cloudy,78,1,6,11
214,74,4,2025-11-08 23:33:44,delivery,8,1,A-Mê Đào,2,AMERICANO,coffee,cold,1,0,29.0,Cool,70,23,5,11
214,74,4,2025-11-08 23:33:44,delivery,53,1,Mochi Kem Việt Quất,11,BÁNH NGỌT,food,cold,0,1,29.0,Cool,70,23,5,11
70,69,8,2025-11-08 23:16:44,takeaway,1,2,Espresso Nóng,1,ESPRESSO,coffee,hot,1,0,24.4,Cloudy,73,23,5,11
383,20,14,2025-11-08 23:02:44,takeaway,32,1,Matcha Latte Tây Bắc Sữa Yến Mạch,7,MATCHA TÂY BẮC,tea,cold,0,1,27.7,Cloudy,74,23,5,11
880,128,14,2025-11-08 22:02:44,takeaway,25,2,Cà Phê Đen Đá,5,"""PHIN"" VIỆT NAM",coffee,cold,1,0,26.8,Cool,77,22,5,11
357,121,9,2025-11-08 21:34:44,delivery,7,2,A-Mê Classic,2,AMERICANO,coffee,cold,1,0,27.0,Cloudy,70,21,5,11
819,100,6,2025-11-08 19:56:44,takeaway,45,2,Chocolate Đá,10,CHOCOLATE,chocolate,cold,0,1,24.6,Cool,79,19,5,11
1099,131,15,2025-11-08 19:33:44,takeaway,15,1,Latte Hazelnut,3,LATTE,coffee,cold,1,1,26.6,Cool,72,19,5,11
1222,163,7,2025-11-08 19:10:44,takeaway,19,1,Bạc Xỉu Foam Dừa,5,"""PHIN"" VIỆT NAM",coffee,cold,1,1,26.0,Cool,73,19,5,11
1222,163,7,2025-11-08 19:10:44,takeaway,62,1,Croissant trứng muối,12,BÁNH MẶN,food,hot,0,1,26.0,Cool,73,19,5,11
1386,10,13,2025-11-08 18:16:44,dine-in,21,2,Bạc Xỉu,5,"""PHIN"" VIỆT NAM",coffee,cold,1,1,27.0,Cool,80,18,5,11
372,43,15,2025-11-08 07:55:44,takeaway,45,1,Chocolate Đá,10,CHOCOLATE,chocolate,cold,0,1,28.4,Cool,77,7,5,11
882,41,11,2025-11-08 05:38:44,dine-in,3,2,Cappuccino Đá,1,ESPRESSO,coffee,cold,1,1,28.8,Cool,72,5,5,11
882,41,11,2025-11-08 05:38:44,dine-in,56,2,Mousse Tiramisu,11,BÁNH NGỌT,food,cold,1,1,28.8,Cool,72,5,5,11
1257,168,6,2025-11-08 04:52:44,dine-in,15,1,Latte Hazelnut,3,LATTE,coffee,cold,1,1,28.7,Cloudy,77,4,5,11
1262,108,6,2025-11-07 23:05:44,takeaway,43,2,Trà Đen Macchiato,9,TRÀ SỮA,tea,cold,1,1,26.1,Sunny,77,23,4,11
1262,108,6,2025-11-07 23:05:44,takeaway,62,2,Croissant trứng muối,12,BÁNH MẶN,food,hot,0,1,26.1,Sunny,77,23,4,11
737,126,1,2025-11-07 20:45:44,takeaway,23,2,Cà Phê Đen Nóng,5,"""PHIN"" VIỆT NAM",coffee,hot,1,0,24.3,Sunny,74,20,4,11
489,22,3,2025-11-07 07:50:44,takeaway,24,2,Cà Phê Sữa Nóng,5,"""PHIN"" VIỆT NAM",coffee,hot,1,1,24.7,Cool,74,7,4,11
360,41,12,2025-11-07 06:18:44,delivery,13,2,Latte Classic,3,LATTE,coffee,cold,1,1,27.8,Cloudy,74,6,4,11
1364,77,12,2025-11-07 04:17:44,delivery,14,1,Latte Bạc Xỉu,3,LATTE,coffee,cold,1,1,27.1,Cool,78,4,4,11
1018,123,8,2025-11-07 04:08:44,dine-in,33,2,Matcha Latte,7,MATCHA TÂY BẮC,tea,cold,0,1,27.7,Cool,73,4,4,11
1018,123,8,2025-11-07 04:08:44,dine-in,53,2,Mochi Kem Việt Quất,11,BÁNH NGỌT,food,cold,0,1,27.7,Cool,73,4,4,11
1360,23,12,2025-11-06 22:42:44,takeaway,27,2,Cold Brew Truyền Thống,6,COLD BREW,coffee,cold,1,0,27.0,Sunny,74,22,3,11
300,43,12,2025-11-06 22:02:44,takeaway,8,2,A-Mê Đào,2,AMERICANO,coffee,cold,1,0,27.3,Cool,76,22,3,11
300,43,12,2025-11-06 22:02:44,takeaway,54,2,Mochi Kem Chocolate,11,BÁNH NGỌT,food,cold,0,1,27.3,Cool,76,22,3,11
285,91,15,2025-11-06 20:51:44,delivery,38,1,Oolong Tứ Quý Sen,8,TRÀ TRÁI CÂY,tea,cold,1,1,26.1,Cool,74,20,3,11
285,91,15,2025-11-06 20:51:44,delivery,49,1,Burnt Cheesecake,11,BÁNH NGỌT,food,cold,0,1,26.1,Cool,74,20,3,11
757,76,15,2025-11-06 05:34:44,dine-in,12,1,Latte Hạnh Nhân,3,LATTE,coffee,cold,1,1,27.9,Cool,76,5,3,11
757,76,15,2025-11-06 05:34:44,dine-in,63,1,Chà Bông Phô Mai,12,BÁNH MẶN,food,room,0,1,27.9,Cool,76,5,3,11
1152,82,1,2025-11-06 04:13:44,delivery,3,2,Cappuccino Đá,1,ESPRESSO,coffee,cold,1,1,25.6,Sunny,72,4,3,11
1152,82,1,2025-11-06 04:13:44,delivery,53,2,Mochi Kem Việt Quất,11,BÁNH NGỌT,food,cold,0,1,25.6,Sunny,72,4,3,11
620,148,11,2025-11-05 22:48:44,takeaway,36,1,Trà Đào Cam Sả - Đá,8,TRÀ TRÁI CÂY,tea,cold,1,0,28.3,Cool,80,22,2,11
1321,140,10,2025-11-05 20:59:44,dine-in,15,1,Latte Hazelnut,3,LATTE,coffee,cold,1,1,25.3,Sunny,73,20,2,11
1321,140,10,2025-11-05 20:59:44,dine-in,48,2,Matcha Burnt Cheesecake,11,BÁNH NGỌT,food,cold,0,1,25.3,Sunny,73,20,2,11
794,125,5,2025-11-05 18:50:44,dine-in,43,2,Trà Đen Macchiato,9,TRÀ SỮA,tea,cold,1,1,27.7,Cloudy,70,18,2,11
794,125,5,2025-11-05 18:50:44,dine-in,51,2,Mochi Kem Trà Sữa Trân Châu,11,BÁNH NGỌT,food,cold,0,1,27.7,Cloudy,70,18,2,11
929,132,15,2025-11-05 06:20:44,dine-in,16,1,Latte Nóng,3,LATTE,coffee,hot,1,1,27.4,Cool,73,6,2,11
171,47,6,2025-11-05 04:14:44,takeaway,46,1,Chocolate Nóng,10,CHOCOLATE,chocolate,hot,0,1,24.6,Cool,80,4,2,11
1510,129,5,2025-11-05 03:26:44,delivery,25,2,Cà Phê Đen Đá,5,"""PHIN"" VIỆT NAM",coffee,cold,1,0,25.1,Cloudy,79,3,2,11
514,116,14,2025-11-05 01:19:44,delivery,23,2,Cà Phê Đen Nóng,5,"""PHIN"" VIỆT NAM",coffee,hot,1,0,24.8,Cool,75,1,2,11
1169,50,11,2025-11-05 00:58:44,delivery,6,2,Caramel Macchiato Nóng,1,ESPRESSO,coffee,hot,1,1,26.3,Sunny,71,0,2,11
1169,50,11,2025-11-05 00:58:44,delivery,62,2,Croissant trứng muối,12,BÁNH MẶN,food,hot,0,1,26.3,Sunny,71,0,2,11
1169,50,11,2025-11-05 00:58:44,delivery,21,2,Bạc Xỉu,5,"""PHIN"" VIỆT NAM",coffee,cold,1,1,26.3,Sunny,71,0,2,11
1144,149,15,2025-11-04 19:09:44,delivery,46,1,Chocolate Nóng,10,CHOCOLATE,chocolate,hot,0,1,25.5,Cool,72,19,1,11
1111,46,4,2025-11-04 19:00:44,delivery,23,1,Cà Phê Đen Nóng,5,"""PHIN"" VIỆT NAM",coffee,hot,1,0,26.6,Cool,75,19,1,11
874,111,10,2025-11-04 18:10:44,delivery,25,1,Cà Phê Đen Đá,5,"""PHIN"" VIỆT NAM",coffee,cold,1,0,28.3,Cool,74,18,1,11
472,33,3,2025-11-04 04:56:44,takeaway,33,2,Matcha Latte,7,MATCHA TÂY BẮC,tea,cold,0,1,28.5,Sunny,70,4,1,11
900,168,2,2025-11-04 03:05:44,takeaway,6,1,Caramel Macchiato Nóng,1,ESPRESSO,coffee,hot,1,1,28.7,Cool,73,3,1,11
631,43,10,2025-11-04 00:30:44,dine-in,32,1,Matcha Latte Tây Bắc Sữa Yến Mạch,7,MATCHA TÂY BẮC,tea,cold,0,1,26.0,Cool,73,0,1,11
38,63,8,2025-11-03 21:27:44,dine-in,18,2,Frappe Chocochip,4,FRAPPE,chocolate,cold,0,1,24.4,Sunny,70,21,0,11
38,63,8,2025-11-03 21:27:44,dine-in,56,1,Mousse Tiramisu,11,BÁNH NGỌT,food,cold,1,1,24.4,Sunny,70,21,0,11
829,23,11,2025-11-03 21:00:44,takeaway,14,1,Latte Bạc Xỉu,3,LATTE,coffee,cold,1,1,26.8,Sunny,80,21,0,11
829,23,11,2025-11-03 21:00:44,takeaway,63,1,Chà Bông Phô Mai,12,BÁNH MẶN,food,room,0,1,26.8,Sunny,80,21,0,11
365,98,13,2025-11-03 20:52:44,dine-in,6,1,Caramel Macchiato Nóng,1,ESPRESSO,coffee,hot,1,1,27.8,Sunny,71,20,0,11
1213,128,3,2025-11-03 20:31:44,dine-in,28,1,Cold Brew Kim Quất,6,COLD BREW,coffee,cold,1,0,28.5,Cloudy,71,20,0,11
397,150,15,2025-11-03 20:24:44,takeaway,6,1,Caramel Macchiato Nóng,1,ESPRESSO,coffee,hot,1,1,25.2,Sunny,72,20,0,11
1486,77,10,2025-11-03 07:07:44,delivery,22,1,Bạc Xỉu Nóng,5,"""PHIN"" VIỆT NAM",coffee,hot,1,1,28.1,Sunny,80,7,0,11
219,30,12,2025-11-03 06:14:44,delivery,8,2,A-Mê Đào,2,AMERICANO,coffee,cold,1,0,25.8,Cloudy,72,6,0,11
488,115,6,2025-11-03 03:14:44,delivery,1,2,Espresso Nóng,1,ESPRESSO,coffee,hot,1,0,25.5,Cloudy,73,3,0,11
488,115,6,2025-11-03 03:14:44,delivery,60,2,Bánh Mì Que Bò Nấm Xốt Bơ,12,BÁNH MẶN,food,hot,0,0,25.5,Cloudy,73,3,0,11
1405,111,1,2025-11-02 21:42:44,takeaway,20,1,Bạc Xỉu Caramel Muối,5,"""PHIN"" VIỆT NAM",coffee,cold,1,1,28.4,Cool,78,21,6,11
1027,49,8,2025-11-02 21:14:44,takeaway,32,1,Matcha Latte Tây Bắc Sữa Yến Mạch,7,MATCHA TÂY BẮC,tea,cold,0,1,28.7,Cool,80,21,6,11
391,80,7,2025-11-02 21:07:44,takeaway,8,2,A-Mê Đào,2,AMERICANO,coffee,cold,1,0,28.1,Cloudy,74,21,6,11
384,36,8,2025-11-02 20:13:44,delivery,43,1,Trà Đen Macchiato,9,TRÀ SỮA,tea,cold,1,1,27.2,Cool,72,20,6,11
384,36,8,2025-11-02 20:13:44,delivery,49,1,Burnt Cheesecake,11,BÁNH NGỌT,food,cold,0,1,27.2,Cool,72,20,6,11
689,145,10,2025-11-02 20:08:44,takeaway,37,2,Oolong Tứ Quý Sen (Nóng),8,TRÀ TRÁI CÂY,tea,hot,1,0,24.4,Cool,72,20,6,11
1254,103,11,2025-11-02 19:53:44,takeaway,33,2,Matcha Latte,7,MATCHA TÂY BẮC,tea,cold,0,1,26.9,Cloudy,71,19,6,11
1254,103,11,2025-11-02 19:53:44,takeaway,54,1,Mochi Kem Chocolate,11,BÁNH NGỌT,food,cold,0,1,26.9,Cloudy,71,19,6,11
110,68,2,2025-11-02 03:48:44,dine-in,34,2,Matcha Tây Bắc Trân Châu Hoàng Kim,7,MATCHA TÂY BẮC,tea,cold,0,1,26.8,Cool,77,3,6,11
110,68,2,2025-11-02 03:48:44,dine-in,53,1,Mochi Kem Việt Quất,11,BÁNH NGỌT,food,cold,0,1,26.8,Cool,77,3,6,11
1178,115,4,2025-11-02 02:26:44,delivery,43,1,Trà Đen Macchiato,9,TRÀ SỮA,tea,cold,1,1,25.0,Cool,78,2,6,11
1371,41,5,2025-11-02 01:58:44,dine-in,36,1,Trà Đào Cam Sả - Đá,8,TRÀ TRÁI CÂY,tea,cold,1,0,27.4,Cool,72,1,6,11
1371,41,5,2025-11-02 01:58:44,dine-in,53,1,Mochi Kem Việt Quất,11,BÁNH NGỌT,food,cold,0,1,27.4,Cool,72,1,6,11
1168,134,12,2025-11-02 00:51:44,dine-in,16,1,Latte Nóng,3,LATTE,coffee,hot,1,1,24.9,Cool,78,0,6,11
1383,168,3,2025-11-02 00:35:44,takeaway,34,1,Matcha Tây Bắc Trân Châu Hoàng Kim,7,MATCHA TÂY BẮC,tea,cold,0,1,25.9,Cloudy,80,0,6,11
1383,168,3,2025-11-02 00:35:44,takeaway,58,1,Butter Croissant,12,BÁNH MẶN,food,room,0,1,25.9,Cloudy,80,0,6,11
198,108,4,2025-11-01 21:21:44,takeaway,37,2,Oolong Tứ Quý Sen (Nóng),8,TRÀ TRÁI CÂY,tea,hot,1,0,24.6,Cool,76,21,5,11
198,108,4,2025-11-01 21:21:44,takeaway,51,2,Mochi Kem Trà Sữa Trân Châu,11,BÁNH NGỌT,food,cold,0,1,24.6,Cool,76,21,5,11
366,41,13,2025-11-01 20:57:44,takeaway,46,2,Chocolate Nóng,10,CHOCOLATE,chocolate,hot,0,1,28.7,Cloudy,72,20,5,11
1167,82,4,2025-11-01 19:37:44,delivery,22,1,Bạc Xỉu Nóng,5,"""PHIN"" VIỆT NAM",coffee,hot,1,1,25.2,Cool,71,19,5,11
479,77,7,2025-11-01 18:30:44,takeaway,20,2,Bạc Xỉu Caramel Muối,5,"""PHIN"" VIỆT NAM",coffee,cold,1,1,28.8,Cloudy,72,18,5,11
479,77,7,2025-11-01 18:30:44,takeaway,33,2,Matcha Latte,7,MATCHA TÂY BẮC,tea,cold,0,1,28.8,Cloudy,72,18,5,11
226,153,2,2025-11-01 07:28:44,takeaway,19,2,Bạc Xỉu Foam Dừa,5,"""PHIN"" VIỆT NAM",coffee,cold,1,1,27.0,Sunny,74,7,5,11
217,36,2,2025-11-01 07:18:44,delivery,26,1,Cà Phê Sữa Đá,5,"""PHIN"" VIỆT NAM",coffee,cold,1,1,28.2,Cool,70,7,5,11
1157,147,5,2025-11-01 06:55:44,takeaway,19,2,Bạc Xỉu Foam Dừa,5,"""PHIN"" VIỆT NAM",coffee,cold,1,1,25.7,Cool,70,6,5,11
1230,21,1,2025-11-01 06:10:44,takeaway,19,1,Bạc Xỉu Foam Dừa,5,"""PHIN"" VIỆT NAM",coffee,cold,1,1,25.4,Sunny,80,6,5,11
768,103,7,2025-11-01 05:31:44,dine-in,28,1,Cold Brew Kim Quất,6,COLD BREW,coffee,cold,1,0,26.0,Cloudy,80,5,5,11
345,54,13,2025-11-01 04:43:44,dine-in,27,1,Cold Brew Truyền Thống,6,COLD BREW,coffee,cold,1,0,27.5,Cloudy,77,4,5,11
1332,60,5,2025-11-01 02:39:44,dine-in,6,2,Caramel Macchiato Nóng,1,ESPRESSO,coffee,hot,1,1,24.2,Sunny,78,2,5,11
192,136,3,2025-11-01 02:31:44,takeaway,32,2,Matcha Latte Tây Bắc Sữa Yến Mạch,7,MATCHA TÂY BẮC,tea,cold,0,1,25.9,Sunny,76,2,5,11
943,139,6,2025-11-01 02:24:44,dine-in,37,1,Oolong Tứ Quý Sen (Nóng),8,TRÀ TRÁI CÂY,tea,hot,1,0,24.0,Sunny,76,2,5,11
943,139,6,2025-11-01 02:24:44,dine-in,63,2,Chà Bông Phô Mai,12,BÁNH MẶN,food,room,0,1,24.0,Sunny,76,2,5,11
1252,75,13,2025-11-01 01:41:44,dine-in,21,2,Bạc Xỉu,5,"""PHIN"" VIỆT NAM",coffee,cold,1,1,26.4,Cool,70,1,5,11
1252,75,13,2025-11-01 01:41:44,dine-in,53,2,Mochi Kem Việt Quất,11,BÁNH NGỌT,food,cold,0,1,26.4,Cool,70,1,5,11
304,69,6,2025-11-01 01:29:44,dine-in,26,2,Cà Phê Sữa Đá,5,"""PHIN"" VIỆT NAM",coffee,cold,1,1,25.1,Sunny,70,1,5,11
304,69,6,2025-11-01 01:29:44,dine-in,59,2,Bánh Mì Que Chà Bông Phô Mai Bơ Cay,12,BÁNH MẶN,food,hot,0,1,25.1,Sunny,70,1,5,11
166,91,4,2025-11-01 01:28:44,takeaway,3,2,Cappuccino Đá,1,ESPRESSO,coffee,cold,1,1,28.5,Cool,76,1,5,11
599,22,9,2025-11-01 00:51:44,delivery,17,1,Frappe Matcha Tây Bắc,4,FRAPPE,tea,cold,0,1,24.5,Cool,71,0,5,11
539,105,11,2025-10-31 19:48:44,takeaway,46,1,Chocolate Nóng,10,CHOCOLATE,chocolate,hot,0,1,29.6,Rainy,81,19,4,10
341,86,1,2025-10-31 18:43:44,dine-in,4,2,Cappuccino Nóng,1,ESPRESSO,coffee,hot,1,1,29.2,Rainy,83,18,4,10
341,86,1,2025-10-31 18:43:44,dine-in,56,1,Mousse Tiramisu,11,BÁNH NGỌT,food,cold,1,1,29.2,Rainy,83,18,4,10
341,86,1,2025-10-31 18:43:44,dine-in,46,1,Chocolate Nóng,10,CHOCOLATE,chocolate,hot,0,1,29.2,Rainy,83,18,4,10
806,31,7,2025-10-31 08:24:44,dine-in,1,2,Espresso Nóng,1,ESPRESSO,coffee,hot,1,0,27.6,Rainy,79,8,4,10
806,31,7,2025-10-31 08:24:44,dine-in,62,1,Croissant trứng muối,12,BÁNH MẶN,food,hot,0,1,27.6,Rainy,79,8,4,10
1261,40,2,2025-10-31 07:55:44,takeaway,27,2,Cold Brew Truyền Thống,6,COLD BREW,coffee,cold,1,0,28.2,Cloudy,77,7,4,10
1261,40,2,2025-10-31 07:55:44,takeaway,63,1,Chà Bông Phô Mai,12,BÁNH MẶN,food,room,0,1,28.2,Cloudy,77,7,4,10
767,36,7,2025-10-31 04:35:44,takeaway,2,2,Espresso Đá,1,ESPRESSO,coffee,cold,1,0,26.2,Cloudy,79,4,4,10
970,32,11,2025-10-31 04:05:44,delivery,39,1,Trà Sữa Oolong Nướng Sương Sáo,9,TRÀ SỮA,tea,cold,1,1,26.0,Sunny,76,4,4,10
1234,120,3,2025-10-30 23:45:44,takeaway,4,2,Cappuccino Nóng,1,ESPRESSO,coffee,hot,1,1,25.3,Rainy,82,23,3,10
1350,163,1,2025-10-30 22:53:44,takeaway,35,1,Trà Đào Cam Sả - Nóng,8,TRÀ TRÁI CÂY,tea,hot,1,0,28.8,Rainy,83,22,3,10
1350,163,1,2025-10-30 22:53:44,takeaway,4,1,Cappuccino Nóng,1,ESPRESSO,coffee,hot,1,1,28.8,Rainy,83,22,3,10
705,25,15,2025-10-30 22:38:44,dine-in,40,1,Trà Sữa Oolong Tứ Quý Sương Sáo,9,TRÀ SỮA,tea,cold,1,1,29.1,Cloudy,78,22,3,10
454,17,13,2025-10-30 21:26:44,takeaway,5,1,Caramel Macchiato Đá,1,ESPRESSO,coffee,cold,1,1,29.4,Sunny,82,21,3,10
1345,12,3,2025-10-30 18:58:44,takeaway,29,2,Matcha Latte Tây Bắc,7,MATCHA TÂY BẮC,tea,cold,0,1,25.2,Sunny,83,18,3,10
1345,12,3,2025-10-30 18:58:44,takeaway,51,1,Mochi Kem Trà Sữa Trân Châu,11,BÁNH NGỌT,food,cold,0,1,25.2,Sunny,83,18,3,10
671,100,1,2025-10-30 18:33:44,takeaway,46,2,Chocolate Nóng,10,CHOCOLATE,chocolate,hot,0,1,28.0,Cloudy,79,18,3,10
1460,29,4,2025-10-30 08:17:44,takeaway,42,1,Hồng Trà Sữa Trân Châu,9,TRÀ SỮA,tea,cold,1,1,28.4,Sunny,80,8,3,10
1041,130,7,2025-10-30 05:09:44,takeaway,40,1,Trà Sữa Oolong Tứ Quý Sương Sáo,9,TRÀ SỮA,tea,cold,1,1,29.4,Cloudy,78,5,3,10
1477,76,13,2025-10-30 04:24:44,delivery,24,2,Cà Phê Sữa Nóng,5,"""PHIN"" VIỆT NAM",coffee,hot,1,1,26.2,Rainy,79,4,3,10
120,20,3,2025-10-30 02:28:44,takeaway,44,1,Trà Sữa Oolong BLao,9,TRÀ SỮA,tea,cold,1,1,28.0,Sunny,77,2,3,10
120,20,3,2025-10-30 02:28:44,takeaway,63,1,Chà Bông Phô Mai,12,BÁNH MẶN,food,room,0,1,28.0,Sunny,77,2,3,10
624,123,8,2025-10-30 01:04:44,takeaway,5,2,Caramel Macchiato Đá,1,ESPRESSO,coffee,cold,1,1,29.5,Cloudy,75,1,3,10
953,167,11,2025-10-29 23:18:44,takeaway,28,1,Cold Brew Kim Quất,6,COLD BREW,coffee,cold,1,0,28.5,Cloudy,78,23,2,10
586,101,6,2025-10-29 22:36:44,takeaway,46,1,Chocolate Nóng,10,CHOCOLATE,chocolate,hot,0,1,27.5,Rainy,82,22,2,10
586,101,6,2025-10-29 22:36:44,takeaway,31,2,Matcha Latte Tây Bắc Sữa Yến Mạch (Nóng),7,MATCHA TÂY BẮC,tea,hot,0,1,27.5,Rainy,82,22,2,10
61,26,8,2025-10-29 21:22:44,takeaway,46,2,Chocolate Nóng,10,CHOCOLATE,chocolate,hot,0,1,28.8,Sunny,80,21,2,10
61,26,8,2025-10-29 21:22:44,takeaway,63,1,Chà Bông Phô Mai,12,BÁNH MẶN,food,room,0,1,28.8,Sunny,80,21,2,10
1020,84,11,2025-10-29 19:30:44,takeaway,29,2,Matcha Latte Tây Bắc,7,MATCHA TÂY BẮC,tea,cold,0,1,29.0,Sunny,83,19,2,10
1128,151,7,2025-10-29 18:34:44,delivery,29,1,Matcha Latte Tây Bắc,7,MATCHA TÂY BẮC,tea,cold,0,1,27.5,Sunny,77,18,2,10
1128,151,7,2025-10-29 18:34:44,delivery,57,1,Mousse Gấu Chocolate,11,BÁNH NGỌT,food,cold,0,1,27.5,Sunny,77,18,2,10
553,82,11,2025-10-29 08:33:44,dine-in,24,2,Cà Phê Sữa Nóng,5,"""PHIN"" VIỆT NAM",coffee,hot,1,1,25.9,Sunny,81,8,2,10
693,140,1,2025-10-29 05:21:44,takeaway,16,1,Latte Nóng,3,LATTE,coffee,hot,1,1,26.8,Cloudy,77,5,2,10
693,140,1,2025-10-29 05:21:44,takeaway,47,2,Butter Croissant Sữa Đặc,11,BÁNH NGỌT,food,room,0,1,26.8,Cloudy,77,5,2,10
960,154,12,2025-10-29 03:19:44,delivery,45,2,Chocolate Đá,10,CHOCOLATE,chocolate,cold,0,1,26.9,Rainy,82,3,2,10
960,154,12,2025-10-29 03:19:44,delivery,63,1,Chà Bông Phô Mai,12,BÁNH MẶN,food,room,0,1,26.9,Rainy,82,3,2,10
960,154,12,2025-10-29 03:19:44,delivery,46,2,Chocolate Nóng,10,CHOCOLATE,chocolate,hot,0,1,26.9,Rainy,82,3,2,10
1249,120,3,2025-10-29 02:51:44,delivery,8,1,A-Mê Đào,2,AMERICANO,coffee,cold,1,0,27.5,Sunny,81,2,2,10
1249,120,3,2025-10-29 02:51:44,delivery,53,1,Mochi Kem Việt Quất,11,BÁNH NGỌT,food,cold,0,1,27.5,Sunny,81,2,2,10
165,97,15,2025-10-28 23:20:44,dine-in,23,1,Cà Phê Đen Nóng,5,"""PHIN"" VIỆT NAM",coffee,hot,1,0,27.1,Sunny,81,23,1,10
683,23,5,2025-10-28 20:53:44,takeaway,38,2,Oolong Tứ Quý Sen,8,TRÀ TRÁI CÂY,tea,cold,1,1,28.6,Cloudy,82,20,1,10
683,23,5,2025-10-28 20:53:44,takeaway,63,2,Chà Bông Phô Mai,12,BÁNH MẶN,food,room,0,1,28.6,Cloudy,82,20,1,10
398,24,8,2025-10-28 19:05:44,delivery,7,1,A-Mê Classic,2,AMERICANO,coffee,cold,1,0,29.4,Sunny,76,19,1,10
127,58,11,2025-10-28 18:41:44,dine-in,40,1,Trà Sữa Oolong Tứ Quý Sương Sáo,9,TRÀ SỮA,tea,cold,1,1,28.6,Sunny,81,18,1,10
324,149,4,2025-10-28 04:16:44,dine-in,16,1,Latte Nóng,3,LATTE,coffee,hot,1,1,28.1,Rainy,78,4,1,10
1095,149,3,2025-10-28 03:56:44,dine-in,1,2,Espresso Nóng,1,ESPRESSO,coffee,hot,1,0,26.0,Cloudy,80,3,1,10
1095,149,3,2025-10-28 03:56:44,dine-in,49,2,Burnt Cheesecake,11,BÁNH NGỌT,food,cold,0,1,26.0,Cloudy,80,3,1,10
212,153,7,2025-10-28 01:46:44,takeaway,42,2,Hồng Trà Sữa Trân Châu,9,TRÀ SỮA,tea,cold,1,1,29.9,Sunny,81,1,1,10
212,153,7,2025-10-28 01:46:44,takeaway,63,1,Chà Bông Phô Mai,12,BÁNH MẶN,food,room,0,1,29.9,Sunny,81,1,1,10
315,143,7,2025-10-28 01:16:44,takeaway,3,2,Cappuccino Đá,1,ESPRESSO,coffee,cold,1,1,29.7,Cloudy,83,1,1,10
1193,83,14,2025-10-27 22:05:44,takeaway,14,2,Latte Bạc Xỉu,3,LATTE,coffee,cold,1,1,28.8,Sunny,80,22,0,10
318,63,15,2025-10-27 20:19:44,takeaway,34,2,Matcha Tây Bắc Trân Châu Hoàng Kim,7,MATCHA TÂY BẮC,tea,cold,0,1,28.4,Sunny,75,20,0,10
627,80,14,2025-10-27 07:37:44,dine-in,36,1,Trà Đào Cam Sả - Đá,8,TRÀ TRÁI CÂY,tea,cold,1,0,27.9,Sunny,83,7,0,10
264,47,1,2025-10-27 04:16:44,takeaway,8,2,A-Mê Đào,2,AMERICANO,coffee,cold,1,0,25.6,Sunny,78,4,0,10
264,47,1,2025-10-27 04:16:44,takeaway,53,1,Mochi Kem Việt Quất,11,BÁNH NGỌT,food,cold,0,1,25.6,Sunny,78,4,0,10
517,44,9,2025-10-27 01:39:44,takeaway,18,1,Frappe Chocochip,4,FRAPPE,chocolate,cold,0,1,25.2,Rainy,80,1,0,10
35,51,2,2025-10-26 21:38:44,delivery,29,1,Matcha Latte Tây Bắc,7,MATCHA TÂY BẮC,tea,cold,0,1,29.6,Sunny,79,21,6,10
256,130,10,2025-10-26 21:02:44,delivery,1,2,Espresso Nóng,1,ESPRESSO,coffee,hot,1,0,26.8,Rainy,83,21,6,10
256,130,10,2025-10-26 21:02:44,delivery,54,2,Mochi Kem Chocolate,11,BÁNH NGỌT,food,cold,0,1,26.8,Rainy,83,21,6,10
256,130,10,2025-10-26 21:02:44,delivery,37,2,Oolong Tứ Quý Sen (Nóng),8,TRÀ TRÁI CÂY,tea,hot,1,0,26.8,Rainy,83,21,6,10
938,91,6,2025-10-26 19:50:44,takeaway,5,1,Caramel Macchiato Đá,1,ESPRESSO,coffee,cold,1,1,26.2,Cloudy,81,19,6,10
764,46,12,2025-10-26 19:13:44,takeaway,2,2,Espresso Đá,1,ESPRESSO,coffee,cold,1,0,28.4,Sunny,76,19,6,10
764,46,12,2025-10-26 19:13:44,takeaway,55,2,Mochi Kem Matcha,11,BÁNH NGỌT,food,cold,0,1,28.4,Sunny,76,19,6,10
764,46,12,2025-10-26 19:13:44,takeaway,26,2,Cà Phê Sữa Đá,5,"""PHIN"" VIỆT NAM",coffee,cold,1,1,28.4,Sunny,76,19,6,10
1272,110,2,2025-10-26 07:47:44,takeaway,46,2,Chocolate Nóng,10,CHOCOLATE,chocolate,hot,0,1,28.8,Rainy,76,7,6,10
100,47,8,2025-10-26 01:17:44,delivery,2,2,Espresso Đá,1,ESPRESSO,coffee,cold,1,0,25.5,Cloudy,82,1,6,10
100,47,8,2025-10-26 01:17:44,delivery,2,2,Espresso Đá,1,ESPRESSO,coffee,cold,1,0,31.4,Moderate or heavy rain shower,75,1,6,10
835,96,15,2025-10-25 20:18:44,delivery,28,2,Cold Brew Kim Quất,6,COLD BREW,coffee,cold,1,0,25.5,Sunny,79,20,5,10
163,120,5,2025-10-25 19:44:44,takeaway,23,1,Cà Phê Đen Nóng,5,"""PHIN"" VIỆT NAM",coffee,hot,1,0,26.6,Rainy,77,19,5,10
163,120,5,2025-10-25 19:44:44,takeaway,61,1,Bánh Mì Que Pate Cột Đèn,12,BÁNH MẶN,food,hot,0,0,26.6,Rainy,77,19,5,10
163,120,5,2025-10-25 19:44:44,takeaway,41,2,Hồng Trà Sữa Nóng,9,TRÀ SỮA,tea,hot,1,1,26.6,Rainy,77,19,5,10
1186,39,4,2025-10-25 19:03:44,takeaway,45,2,Chocolate Đá,10,CHOCOLATE,chocolate,cold,0,1,25.4,Rainy,83,19,5,10
788,150,3,2025-10-25 18:40:44,dine-in,46,2,Chocolate Nóng,10,CHOCOLATE,chocolate,hot,0,1,29.2,Rainy,79,18,5,10
686,86,14,2025-10-25 06:24:44,takeaway,12,1,Latte Hạnh Nhân,3,LATTE,coffee,cold,1,1,26.0,Cloudy,83,6,5,10
137,57,2,2025-10-25 04:53:44,dine-in,34,2,Matcha Tây Bắc Trân Châu Hoàng Kim,7,MATCHA TÂY BẮC,tea,cold,0,1,25.4,Sunny,81,4,5,10
137,57,2,2025-10-25 04:53:44,dine-in,52,2,Mochi Kem Phúc Bồn Tử,11,BÁNH NGỌT,food,cold,0,1,25.4,Sunny,81,4,5,10
903,41,5,2025-10-25 03:49:44,takeaway,33,1,Matcha Latte,7,MATCHA TÂY BẮC,tea,cold,0,1,29.6,Cloudy,77,3,5,10
903,41,5,2025-10-25 03:49:44,takeaway,60,2,Bánh Mì Que Bò Nấm Xốt Bơ,12,BÁNH MẶN,food,hot,0,0,29.6,Cloudy,77,3,5,10
946,135,5,2025-10-25 03:27:44,dine-in,5,1,Caramel Macchiato Đá,1,ESPRESSO,coffee,cold,1,1,28.1,Cloudy,83,3,5,10
1021,106,3,2025-10-25 01:54:44,takeaway,42,2,Hồng Trà Sữa Trân Châu,9,TRÀ SỮA,tea,cold,1,1,26.6,Sunny,83,1,5,10
287,65,9,2025-10-25 01:35:44,delivery,4,1,Cappuccino Nóng,1,ESPRESSO,coffee,hot,1,1,25.6,Rainy,81,1,5,10
749,108,3,2025-10-25 01:07:44,takeaway,43,2,Trà Đen Macchiato,9,TRÀ SỮA,tea,cold,1,1,25.9,Sunny,82,1,5,10
677,154,12,2025-10-25 01:01:44,dine-in,41,2,Hồng Trà Sữa Nóng,9,TRÀ SỮA,tea,hot,1,1,26.9,Rainy,79,1,5,10
677,154,12,2025-10-25 01:01:44,dine-in,62,1,Croissant trứng muối,12,BÁNH MẶN,food,hot,0,1,26.9,Rainy,79,1,5,10
436,124,1,2025-10-24 19:41:44,takeaway,14,2,Latte Bạc Xỉu,3,LATTE,coffee,cold,1,1,26.8,Sunny,78,19,4,10
722,148,15,2025-10-24 07:21:44,takeaway,28,1,Cold Brew Kim Quất,6,COLD BREW,coffee,cold,1,0,29.0,Cloudy,81,7,4,10
722,148,15,2025-10-24 07:21:44,takeaway,50,1,Mít Sấy,11,BÁNH NGỌT,food,room,0,0,29.0,Cloudy,81,7,4,10
1037,150,11,2025-10-24 07:04:44,dine-in,10,1,A-Mê Thanh Yên,2,AMERICANO,coffee,cold,1,0,29.8,Cloudy,83,7,4,10
274,51,3,2025-10-24 06:35:44,takeaway,22,2,Bạc Xỉu Nóng,5,"""PHIN"" VIỆT NAM",coffee,hot,1,1,27.2,Rainy,82,6,4,10
274,51,3,2025-10-24 06:35:44,takeaway,60,2,Bánh Mì Que Bò Nấm Xốt Bơ,12,BÁNH MẶN,food,hot,0,0,27.2,Rainy,82,6,4,10
1031,151,5,2025-10-24 01:01:44,takeaway,34,1,Matcha Tây Bắc Trân Châu Hoàng Kim,7,MATCHA TÂY BẮC,tea,cold,0,1,28.9,Sunny,77,1,4,10
1031,151,5,2025-10-24 01:01:44,takeaway,48,2,Matcha Burnt Cheesecake,11,BÁNH NGỌT,food,cold,0,1,28.9,Sunny,77,1,4,10
1398,63,8,2025-10-23 22:15:44,takeaway,43,1,Trà Đen Macchiato,9,TRÀ SỮA,tea,cold,1,1,29.7,Cloudy,80,22,3,10
1462,33,1,2025-10-23 08:32:44,takeaway,1,1,Espresso Nóng,1,ESPRESSO,coffee,hot,1,0,26.2,Rainy,78,8,3,10
1462,33,1,2025-10-23 08:32:44,takeaway,63,1,Chà Bông Phô Mai,12,BÁNH MẶN,food,room,0,1,26.2,Rainy,78,8,3,10
1496,47,6,2025-10-23 04:15:44,takeaway,22,2,Bạc Xỉu Nóng,5,"""PHIN"" VIỆT NAM",coffee,hot,1,1,28.3,Rainy,83,4,3,10
275,37,2,2025-10-23 01:07:44,dine-in,23,1,Cà Phê Đen Nóng,5,"""PHIN"" VIỆT NAM",coffee,hot,1,0,27.8,Rainy,78,1,3,10
961,165,3,2025-10-22 22:16:44,takeaway,25,1,Cà Phê Đen Đá,5,"""PHIN"" VIỆT NAM",coffee,cold,1,0,27.0,Cloudy,81,22,2,10
186,74,13,2025-10-22 22:06:44,delivery,46,2,Chocolate Nóng,10,CHOCOLATE,chocolate,hot,0,1,28.9,Rainy,76,22,2,10
281,20,9,2025-10-22 08:51:44,delivery,20,2,Bạc Xỉu Caramel Muối,5,"""PHIN"" VIỆT NAM",coffee,cold,1,1,26.5,Sunny,78,8,2,10
281,20,9,2025-10-22 08:51:44,delivery,24,2,Cà Phê Sữa Nóng,5,"""PHIN"" VIỆT NAM",coffee,hot,1,1,26.5,Sunny,78,8,2,10
1006,51,11,2025-10-22 07:38:44,takeaway,43,2,Trà Đen Macchiato,9,TRÀ SỮA,tea,cold,1,1,25.8,Cloudy,80,7,2,10
182,58,10,2025-10-22 05:22:44,takeaway,16,2,Latte Nóng,3,LATTE,coffee,hot,1,1,29.7,Rainy,79,5,2,10
182,58,10,2025-10-22 05:22:44,takeaway,55,1,Mochi Kem Matcha,11,BÁNH NGỌT,food,cold,0,1,29.7,Rainy,79,5,2,10
1244,37,13,2025-10-22 02:57:44,takeaway,28,2,Cold Brew Kim Quất,6,COLD BREW,coffee,cold,1,0,29.2,Sunny,76,2,2,10
1244,37,13,2025-10-22 02:57:44,takeaway,62,1,Croissant trứng muối,12,BÁNH MẶN,food,hot,0,1,29.2,Sunny,76,2,2,10
1001,117,5,2025-10-22 00:50:44,takeaway,1,1,Espresso Nóng,1,ESPRESSO,coffee,hot,1,0,28.1,Sunny,82,0,2,10
1001,117,5,2025-10-22 00:50:44,takeaway,61,1,Bánh Mì Que Pate Cột Đèn,12,BÁNH MẶN,food,hot,0,0,28.1,Sunny,82,0,2,10
962,82,15,2025-10-21 22:15:44,dine-in,16,2,Latte Nóng,3,LATTE,coffee,hot,1,1,30.0,Rainy,83,22,1,10
962,82,15,2025-10-21 22:15:44,dine-in,54,2,Mochi Kem Chocolate,11,BÁNH NGỌT,food,cold,0,1,30.0,Rainy,83,22,1,10
816,19,1,2025-10-21 22:05:44,delivery,16,2,Latte Nóng,3,LATTE,coffee,hot,1,1,28.3,Rainy,81,22,1,10
456,24,14,2025-10-21 18:51:44,takeaway,46,2,Chocolate Nóng,10,CHOCOLATE,chocolate,hot,0,1,25.1,Cloudy,76,18,1,10
909,96,4,2025-10-21 06:20:44,takeaway,11,1,Americano Nóng,2,AMERICANO,coffee,hot,1,0,25.1,Rainy,83,6,1,10
909,96,4,2025-10-21 06:20:44,takeaway,51,1,Mochi Kem Trà Sữa Trân Châu,11,BÁNH NGỌT,food,cold,0,1,25.1,Rainy,83,6,1,10
640,46,12,2025-10-21 02:02:44,takeaway,10,1,A-Mê Thanh Yên,2,AMERICANO,coffee,cold,1,0,26.5,Sunny,78,2,1,10
721,53,12,2025-10-21 02:01:44,dine-in,36,1,Trà Đào Cam Sả - Đá,8,TRÀ TRÁI CÂY,tea,cold,1,0,28.9,Sunny,82,2,1,10
721,53,12,2025-10-21 02:01:44,dine-in,62,1,Croissant trứng muối,12,BÁNH MẶN,food,hot,0,1,28.9,Sunny,82,2,1,10
1176,167,15,2025-10-20 21:35:44,dine-in,19,1,Bạc Xỉu Foam Dừa,5,"""PHIN"" VIỆT NAM",coffee,cold,1,1,26.0,Sunny,79,21,0,10
1417,65,2,2025-10-20 18:14:44,takeaway,19,1,Bạc Xỉu Foam Dừa,5,"""PHIN"" VIỆT NAM",coffee,cold,1,1,25.4,Sunny,78,18,0,10
1121,59,9,2025-10-20 08:53:44,dine-in,5,2,Caramel Macchiato Đá,1,ESPRESSO,coffee,cold,1,1,28.4,Cloudy,80,8,0,10
1121,59,9,2025-10-20 08:53:44,dine-in,60,2,Bánh Mì Que Bò Nấm Xốt Bơ,12,BÁNH MẶN,food,hot,0,0,28.4,Cloudy,80,8,0,10
1456,94,4,2025-10-20 07:41:44,takeaway,16,2,Latte Nóng,3,LATTE,coffee,hot,1,1,29.4,Rainy,82,7,0,10
655,151,2,2025-10-19 20:28:44,takeaway,10,2,A-Mê Thanh Yên,2,AMERICANO,coffee,cold,1,0,25.3,Cloudy,75,20,6,10
614,119,4,2025-10-19 03:16:44,takeaway,23,1,Cà Phê Đen Nóng,5,"""PHIN"" VIỆT NAM",coffee,hot,1,0,28.4,Rainy,78,3,6,10
116,146,4,2025-10-19 01:51:44,dine-in,15,1,Latte Hazelnut,3,LATTE,coffee,cold,1,1,29.8,Cloudy,78,1,6,10
522,80,13,2025-10-18 23:07:44,dine-in,26,2,Cà Phê Sữa Đá,5,"""PHIN"" VIỆT NAM",coffee,cold,1,1,28.4,Cloudy,82,23,5,10
1453,140,4,2025-10-18 23:07:44,takeaway,42,2,Hồng Trà Sữa Trân Châu,9,TRÀ SỮA,tea,cold,1,1,26.1,Sunny,78,23,5,10
830,32,1,2025-10-18 22:49:44,takeaway,26,2,Cà Phê Sữa Đá,5,"""PHIN"" VIỆT NAM",coffee,cold,1,1,28.3,Sunny,83,22,5,10
679,10,7,2025-10-18 22:21:44,takeaway,40,2,Trà Sữa Oolong Tứ Quý Sương Sáo,9,TRÀ SỮA,tea,cold,1,1,25.7,Sunny,81,22,5,10
1076,151,9,2025-10-18 18:09:44,takeaway,41,1,Hồng Trà Sữa Nóng,9,TRÀ SỮA,tea,hot,1,1,28.8,Rainy,77,18,5,10
1076,151,9,2025-10-18 18:09:44,takeaway,50,1,Mít Sấy,11,BÁNH NGỌT,food,room,0,0,28.8,Rainy,77,18,5,10
1076,151,9,2025-10-18 18:09:44,takeaway,30,2,Matcha Latte Tây Bắc (Nóng),7,MATCHA TÂY BẮC,tea,hot,0,1,28.8,Rainy,77,18,5,10
713,103,8,2025-10-18 08:29:44,delivery,33,1,Matcha Latte,7,MATCHA TÂY BẮC,tea,cold,0,1,29.0,Cloudy,81,8,5,10
352,152,5,2025-10-18 07:35:44,takeaway,6,2,Caramel Macchiato Nóng,1,ESPRESSO,coffee,hot,1,1,28.2,Rainy,83,7,5,10
444,30,9,2025-10-18 06:52:44,takeaway,16,1,Latte Nóng,3,LATTE,coffee,hot,1,1,27.9,Rainy,79,6,5,10
444,30,9,2025-10-18 06:52:44,takeaway,55,2,Mochi Kem Matcha,11,BÁNH NGỌT,food,cold,0,1,27.9,Rainy,79,6,5,10
659,129,9,2025-10-18 02:00:44,takeaway,38,1,Oolong Tứ Quý Sen,8,TRÀ TRÁI CÂY,tea,cold,1,1,27.4,Sunny,81,2,5,10
249,150,15,2025-10-17 22:38:44,delivery,22,2,Bạc Xỉu Nóng,5,"""PHIN"" VIỆT NAM",coffee,hot,1,1,29.6,Rainy,79,22,4,10
732,68,13,2025-10-17 22:38:44,takeaway,45,1,Chocolate Đá,10,CHOCOLATE,chocolate,cold,0,1,26.8,Rainy,76,22,4,10
1173,126,13,2025-10-17 20:50:44,takeaway,16,2,Latte Nóng,3,LATTE,coffee,hot,1,1,27.4,Cloudy,79,20,4,10
755,139,4,2025-10-17 20:26:44,takeaway,43,2,Trà Đen Macchiato,9,TRÀ SỮA,tea,cold,1,1,25.4,Cloudy,83,20,4,10
363,46,13,2025-10-17 19:23:44,takeaway,11,2,Americano Nóng,2,AMERICANO,coffee,hot,1,0,26.5,Cloudy,75,19,4,10
818,8,11,2025-10-17 06:32:44,takeaway,33,1,Matcha Latte,7,MATCHA TÂY BẮC,tea,cold,0,1,27.0,Cloudy,79,6,4,10
93,63,2,2025-10-17 05:38:44,takeaway,9,2,A-Mê Mơ,2,AMERICANO,coffee,cold,1,0,28.6,Sunny,80,5,4,10
1471,23,10,2025-10-17 05:02:44,takeaway,22,2,Bạc Xỉu Nóng,5,"""PHIN"" VIỆT NAM",coffee,hot,1,1,26.6,Cloudy,82,5,4,10
1505,53,14,2025-10-17 03:21:44,takeaway,11,1,Americano Nóng,2,AMERICANO,coffee,hot,1,0,26.6,Rainy,76,3,4,10
826,11,13,2025-10-17 01:36:44,delivery,43,1,Trà Đen Macchiato,9,TRÀ SỮA,tea,cold,1,1,27.9,Cloudy,79,1,4,10
83,130,8,2025-10-16 21:25:44,dine-in,17,1,Frappe Matcha Tây Bắc,4,FRAPPE,tea,cold,0,1,27.5,Rainy,82,21,3,10
83,130,8,2025-10-16 21:25:44,dine-in,56,2,Mousse Tiramisu,11,BÁNH NGỌT,food,cold,1,1,27.5,Rainy,82,21,3,10
105,168,11,2025-10-16 19:45:44,dine-in,1,2,Espresso Nóng,1,ESPRESSO,coffee,hot,1,0,27.9,Rainy,75,19,3,10
1416,29,9,2025-10-16 08:27:44,takeaway,16,1,Latte Nóng,3,LATTE,coffee,hot,1,1,29.3,Cloudy,83,8,3,10
1067,158,12,2025-10-16 07:33:44,dine-in,22,2,Bạc Xỉu Nóng,5,"""PHIN"" VIỆT NAM",coffee,hot,1,1,29.5,Cloudy,83,7,3,10
1067,158,12,2025-10-16 07:33:44,dine-in,61,2,Bánh Mì Que Pate Cột Đèn,12,BÁNH MẶN,food,hot,0,0,29.5,Cloudy,83,7,3,10
733,64,1,2025-10-16 05:46:44,dine-in,3,1,Cappuccino Đá,1,ESPRESSO,coffee,cold,1,1,25.2,Cloudy,81,5,3,10
814,115,12,2025-10-16 02:56:44,takeaway,6,2,Caramel Macchiato Nóng,1,ESPRESSO,coffee,hot,1,1,28.4,Sunny,78,2,3,10
814,115,12,2025-10-16 02:56:44,takeaway,59,2,Bánh Mì Que Chà Bông Phô Mai Bơ Cay,12,BÁNH MẶN,food,hot,0,1,28.4,Sunny,78,2,3,10
664,126,1,2025-10-15 23:26:44,dine-in,45,2,Chocolate Đá,10,CHOCOLATE,chocolate,cold,0,1,29.6,Rainy,80,23,2,10
664,126,1,2025-10-15 23:26:44,dine-in,54,2,Mochi Kem Chocolate,11,BÁNH NGỌT,food,cold,0,1,29.6,Rainy,80,23,2,10
512,163,7,2025-10-15 21:50:44,delivery,44,1,Trà Sữa Oolong BLao,9,TRÀ SỮA,tea,cold,1,1,26.9,Sunny,75,21,2,10
512,163,7,2025-10-15 21:50:44,delivery,53,1,Mochi Kem Việt Quất,11,BÁNH NGỌT,food,cold,0,1,26.9,Sunny,75,21,2,10
629,152,1,2025-10-15 19:26:44,dine-in,46,1,Chocolate Nóng,10,CHOCOLATE,chocolate,hot,0,1,28.0,Rainy,81,19,2,10
1498,133,5,2025-10-15 08:13:44,dine-in,8,1,A-Mê Đào,2,AMERICANO,coffee,cold,1,0,26.8,Cloudy,76,8,2,10
511,150,4,2025-10-15 05:56:44,delivery,24,2,Cà Phê Sữa Nóng,5,"""PHIN"" VIỆT NAM",coffee,hot,1,1,25.0,Cloudy,78,5,2,10
511,150,4,2025-10-15 05:56:44,delivery,48,1,Matcha Burnt Cheesecake,11,BÁNH NGỌT,food,cold,0,1,25.0,Cloudy,78,5,2,10
1052,46,15,2025-10-14 23:40:44,takeaway,4,1,Cappuccino Nóng,1,ESPRESSO,coffee,hot,1,1,27.0,Sunny,80,23,1,10
1052,46,15,2025-10-14 23:40:44,takeaway,52,2,Mochi Kem Phúc Bồn Tử,11,BÁNH NGỌT,food,cold,0,1,27.0,Sunny,80,23,1,10
1135,140,4,2025-10-14 21:22:44,dine-in,14,1,Latte Bạc Xỉu,3,LATTE,coffee,cold,1,1,29.2,Cloudy,83,21,1,10
1150,93,10,2025-10-14 19:59:44,dine-in,15,1,Latte Hazelnut,3,LATTE,coffee,cold,1,1,27.3,Sunny,82,19,1,10
1150,93,10,2025-10-14 19:59:44,dine-in,60,1,Bánh Mì Que Bò Nấm Xốt Bơ,12,BÁNH MẶN,food,hot,0,0,27.3,Sunny,82,19,1,10
1333,82,10,2025-10-14 19:05:44,delivery,1,2,Espresso Nóng,1,ESPRESSO,coffee,hot,1,0,25.5,Rainy,78,19,1,10
1333,82,10,2025-10-14 19:05:44,delivery,59,1,Bánh Mì Que Chà Bông Phô Mai Bơ Cay,12,BÁNH MẶN,food,hot,0,1,25.5,Rainy,78,19,1,10
761,146,10,2025-10-14 05:42:44,dine-in,40,2,Trà Sữa Oolong Tứ Quý Sương Sáo,9,TRÀ SỮA,tea,cold,1,1,25.5,Cloudy,79,5,1,10
1158,128,14,2025-10-13 22:31:44,dine-in,15,1,Latte Hazelnut,3,LATTE,coffee,cold,1,1,28.5,Sunny,77,22,0,10
1138,164,13,2025-10-13 22:03:44,dine-in,17,1,Frappe Matcha Tây Bắc,4,FRAPPE,tea,cold,0,1,25.8,Rainy,76,22,0,10
386,28,4,2025-10-13 20:41:44,takeaway,32,2,Matcha Latte Tây Bắc Sữa Yến Mạch,7,MATCHA TÂY BẮC,tea,cold,0,1,28.5,Sunny,81,20,0,10
386,28,4,2025-10-13 20:41:44,takeaway,53,1,Mochi Kem Việt Quất,11,BÁNH NGỌT,food,cold,0,1,28.5,Sunny,81,20,0,10
1485,152,12,2025-10-13 19:18:44,takeaway,31,2,Matcha Latte Tây Bắc Sữa Yến Mạch (Nóng),7,MATCHA TÂY BẮC,tea,hot,0,1,29.6,Rainy,83,19,0,10
589,136,8,2025-10-13 19:15:44,dine-in,1,2,Espresso Nóng,1,ESPRESSO,coffee,hot,1,0,25.9,Cloudy,79,19,0,10
589,136,8,2025-10-13 19:15:44,dine-in,62,1,Croissant trứng muối,12,BÁNH MẶN,food,hot,0,1,25.9,Cloudy,79,19,0,10
956,91,5,2025-10-13 18:52:44,takeaway,28,1,Cold Brew Kim Quất,6,COLD BREW,coffee,cold,1,0,26.4,Cloudy,79,18,0,10
362,86,3,2025-10-13 08:49:44,dine-in,46,1,Chocolate Nóng,10,CHOCOLATE,chocolate,hot,0,1,27.3,Rainy,82,8,0,10
362,86,3,2025-10-13 08:49:44,dine-in,55,1,Mochi Kem Matcha,11,BÁNH NGỌT,food,cold,0,1,27.3,Rainy,82,8,0,10
924,169,2,2025-10-13 08:18:44,takeaway,28,1,Cold Brew Kim Quất,6,COLD BREW,coffee,cold,1,0,27.2,Sunny,78,8,0,10
673,38,9,2025-10-13 06:57:44,dine-in,33,1,Matcha Latte,7,MATCHA TÂY BẮC,tea,cold,0,1,27.4,Cloudy,83,6,0,10
355,81,11,2025-10-13 06:44:44,dine-in,15,2,Latte Hazelnut,3,LATTE,coffee,cold,1,1,29.4,Sunny,83,6,0,10
236,32,12,2025-10-13 05:40:44,dine-in,12,1,Latte Hạnh Nhân,3,LATTE,coffee,cold,1,1,28.1,Sunny,76,5,0,10
236,32,12,2025-10-13 05:40:44,dine-in,63,1,Chà Bông Phô Mai,12,BÁNH MẶN,food,room,0,1,28.1,Sunny,76,5,0,10
346,131,6,2025-10-13 02:09:44,takeaway,26,2,Cà Phê Sữa Đá,5,"""PHIN"" VIỆT NAM",coffee,cold,1,1,29.3,Sunny,78,2,0,10
1269,45,13,2025-10-13 02:07:44,takeaway,4,1,Cappuccino Nóng,1,ESPRESSO,coffee,hot,1,1,26.9,Rainy,75,2,0,10
1269,45,13,2025-10-13 02:07:44,takeaway,58,1,Butter Croissant,12,BÁNH MẶN,food,room,0,1,26.9,Rainy,75,2,0,10
1475,37,7,2025-10-13 02:03:44,dine-in,25,1,Cà Phê Đen Đá,5,"""PHIN"" VIỆT NAM",coffee,cold,1,0,27.2,Sunny,79,2,0,10
1054,130,3,2025-10-12 23:06:44,takeaway,6,2,Caramel Macchiato Nóng,1,ESPRESSO,coffee,hot,1,1,28.6,Rainy,80,23,6,10
507,68,11,2025-10-12 21:02:44,delivery,4,1,Cappuccino Nóng,1,ESPRESSO,coffee,hot,1,1,26.6,Rainy,77,21,6,10
507,68,11,2025-10-12 21:02:44,delivery,45,2,Chocolate Đá,10,CHOCOLATE,chocolate,cold,0,1,26.6,Rainy,77,21,6,10
945,16,4,2025-10-12 20:52:44,dine-in,40,1,Trà Sữa Oolong Tứ Quý Sương Sáo,9,TRÀ SỮA,tea,cold,1,1,29.0,Cloudy,79,20,6,10
1074,134,2,2025-10-12 19:15:44,delivery,7,2,A-Mê Classic,2,AMERICANO,coffee,cold,1,0,26.3,Cloudy,82,19,6,10
1074,134,2,2025-10-12 19:15:44,delivery,59,2,Bánh Mì Que Chà Bông Phô Mai Bơ Cay,12,BÁNH MẶN,food,hot,0,1,26.3,Cloudy,82,19,6,10
707,123,14,2025-10-12 18:57:44,dine-in,24,2,Cà Phê Sữa Nóng,5,"""PHIN"" VIỆT NAM",coffee,hot,1,1,27.4,Rainy,80,18,6,10
612,47,2,2025-10-12 07:39:44,dine-in,34,1,Matcha Tây Bắc Trân Châu Hoàng Kim,7,MATCHA TÂY BẮC,tea,cold,0,1,25.1,Sunny,83,7,6,10
845,57,12,2025-10-12 05:52:44,dine-in,31,2,Matcha Latte Tây Bắc Sữa Yến Mạch (Nóng),7,MATCHA TÂY BẮC,tea,hot,0,1,26.2,Rainy,80,5,6,10
1110,126,7,2025-10-12 03:20:44,takeaway,36,1,Trà Đào Cam Sả - Đá,8,TRÀ TRÁI CÂY,tea,cold,1,0,28.3,Cloudy,77,3,6,10
1110,126,7,2025-10-12 03:20:44,takeaway,48,2,Matcha Burnt Cheesecake,11,BÁNH NGỌT,food,cold,0,1,28.3,Cloudy,77,3,6,10
606,151,6,2025-10-12 03:05:44,takeaway,43,2,Trà Đen Macchiato,9,TRÀ SỮA,tea,cold,1,1,28.9,Cloudy,81,3,6,10
606,151,6,2025-10-12 03:05:44,takeaway,55,1,Mochi Kem Matcha,11,BÁNH NGỌT,food,cold,0,1,28.9,Cloudy,81,3,6,10
751,46,12,2025-10-12 02:44:44,takeaway,11,2,Americano Nóng,2,AMERICANO,coffee,hot,1,0,29.3,Rainy,83,2,6,10
58,28,3,2025-10-12 00:41:44,takeaway,10,1,A-Mê Thanh Yên,2,AMERICANO,coffee,cold,1,0,26.8,Cloudy,78,0,6,10
1397,56,2,2025-10-12 00:03:44,takeaway,15,1,Latte Hazelnut,3,LATTE,coffee,cold,1,1,29.6,Sunny,81,0,6,10
1397,56,2,2025-10-12 00:03:44,takeaway,57,2,Mousse Gấu Chocolate,11,BÁNH NGỌT,food,cold,0,1,29.6,Sunny,81,0,6,10
326,99,7,2025-10-11 23:12:44,dine-in,28,1,Cold Brew Kim Quất,6,COLD BREW,coffee,cold,1,0,26.4,Cloudy,76,23,5,10
1474,49,14,2025-10-11 04:49:44,takeaway,23,1,Cà Phê Đen Nóng,5,"""PHIN"" VIỆT NAM",coffee,hot,1,0,29.5,Rainy,83,4,5,10
1474,49,14,2025-10-11 04:49:44,takeaway,52,2,Mochi Kem Phúc Bồn Tử,11,BÁNH NGỌT,food,cold,0,1,29.5,Rainy,83,4,5,10
1293,25,4,2025-10-11 03:29:44,dine-in,6,2,Caramel Macchiato Nóng,1,ESPRESSO,coffee,hot,1,1,25.5,Rainy,81,3,5,10
1221,51,1,2025-10-11 01:19:44,dine-in,46,1,Chocolate Nóng,10,CHOCOLATE,chocolate,hot,0,1,25.0,Rainy,75,1,5,10
1221,51,1,2025-10-11 01:19:44,dine-in,53,2,Mochi Kem Việt Quất,11,BÁNH NGỌT,food,cold,0,1,25.0,Rainy,75,1,5,10
669,82,13,2025-10-10 23:18:44,dine-in,16,2,Latte Nóng,3,LATTE,coffee,hot,1,1,25.3,Rainy,80,23,4,10
889,113,3,2025-10-10 20:17:44,dine-in,45,2,Chocolate Đá,10,CHOCOLATE,chocolate,cold,0,1,27.5,Cloudy,76,20,4,10
725,109,2,2025-10-10 20:08:44,delivery,12,1,Latte Hạnh Nhân,3,LATTE,coffee,cold,1,1,29.6,Sunny,78,20,4,10
725,109,2,2025-10-10 20:08:44,delivery,59,1,Bánh Mì Que Chà Bông Phô Mai Bơ Cay,12,BÁNH MẶN,food,hot,0,1,29.6,Sunny,78,20,4,10
1340,106,5,2025-10-10 19:31:44,takeaway,21,1,Bạc Xỉu,5,"""PHIN"" VIỆT NAM",coffee,cold,1,1,28.2,Sunny,83,19,4,10
1340,106,5,2025-10-10 19:31:44,takeaway,15,1,Latte Hazelnut,3,LATTE,coffee,cold,1,1,28.2,Sunny,83,19,4,10
1255,148,8,2025-10-10 07:34:44,takeaway,6,1,Caramel Macchiato Nóng,1,ESPRESSO,coffee,hot,1,1,27.8,Rainy,83,7,4,10
1255,148,8,2025-10-10 07:34:44,takeaway,49,1,Burnt Cheesecake,11,BÁNH NGỌT,food,cold,0,1,27.8,Rainy,83,7,4,10
452,86,1,2025-10-10 06:18:44,dine-in,34,1,Matcha Tây Bắc Trân Châu Hoàng Kim,7,MATCHA TÂY BẮC,tea,cold,0,1,25.8,Cloudy,81,6,4,10
452,86,1,2025-10-10 06:18:44,dine-in,53,2,Mochi Kem Việt Quất,11,BÁNH NGỌT,food,cold,0,1,25.8,Cloudy,81,6,4,10
476,85,7,2025-10-09 23:37:44,takeaway,1,1,Espresso Nóng,1,ESPRESSO,coffee,hot,1,0,28.8,Cloudy,80,23,3,10
483,94,10,2025-10-09 19:39:44,takeaway,29,2,Matcha Latte Tây Bắc,7,MATCHA TÂY BẮC,tea,cold,0,1,25.3,Sunny,75,19,3,10
1441,114,4,2025-10-09 19:08:44,takeaway,1,2,Espresso Nóng,1,ESPRESSO,coffee,hot,1,0,29.3,Cloudy,76,19,3,10
1480,11,8,2025-10-09 06:55:44,takeaway,43,1,Trà Đen Macchiato,9,TRÀ SỮA,tea,cold,1,1,27.7,Sunny,82,6,3,10
1258,157,8,2025-10-09 00:45:44,delivery,40,2,Trà Sữa Oolong Tứ Quý Sương Sáo,9,TRÀ SỮA,tea,cold,1,1,27.1,Sunny,75,0,3,10
1258,157,8,2025-10-09 00:45:44,delivery,60,2,Bánh Mì Que Bò Nấm Xốt Bơ,12,BÁNH MẶN,food,hot,0,0,27.1,Sunny,75,0,3,10
80,21,9,2025-10-08 23:09:44,dine-in,41,1,Hồng Trà Sữa Nóng,9,TRÀ SỮA,tea,hot,1,1,25.5,Rainy,83,23,2,10
409,10,1,2025-10-08 19:59:44,takeaway,7,2,A-Mê Classic,2,AMERICANO,coffee,cold,1,0,26.0,Sunny,78,19,2,10
409,10,1,2025-10-08 19:59:44,takeaway,62,2,Croissant trứng muối,12,BÁNH MẶN,food,hot,0,1,26.0,Sunny,78,19,2,10
567,37,9,2025-10-08 03:16:44,takeaway,19,2,Bạc Xỉu Foam Dừa,5,"""PHIN"" VIỆT NAM",coffee,cold,1,1,26.4,Sunny,78,3,2,10
242,39,5,2025-10-08 02:26:44,delivery,16,2,Latte Nóng,3,LATTE,coffee,hot,1,1,25.7,Rainy,79,2,2,10
1281,22,10,2025-10-08 00:57:44,dine-in,26,1,Cà Phê Sữa Đá,5,"""PHIN"" VIỆT NAM",coffee,cold,1,1,25.2,Sunny,83,0,2,10
1232,49,7,2025-10-07 22:05:44,dine-in,6,1,Caramel Macchiato Nóng,1,ESPRESSO,coffee,hot,1,1,28.7,Cloudy,75,22,1,10
1232,49,7,2025-10-07 22:05:44,dine-in,60,2,Bánh Mì Que Bò Nấm Xốt Bơ,12,BÁNH MẶN,food,hot,0,0,28.7,Cloudy,75,22,1,10
1232,49,7,2025-10-07 22:05:44,dine-in,38,2,Oolong Tứ Quý Sen,8,TRÀ TRÁI CÂY,tea,cold,1,1,28.7,Cloudy,75,22,1,10
869,80,14,2025-10-07 21:49:44,dine-in,2,2,Espresso Đá,1,ESPRESSO,coffee,cold,1,0,25.6,Cloudy,77,21,1,10
331,65,7,2025-10-07 21:33:44,dine-in,31,1,Matcha Latte Tây Bắc Sữa Yến Mạch (Nóng),7,MATCHA TÂY BẮC,tea,hot,0,1,28.1,Rainy,75,21,1,10
1229,145,7,2025-10-07 20:08:44,takeaway,8,1,A-Mê Đào,2,AMERICANO,coffee,cold,1,0,27.8,Cloudy,80,20,1,10
773,90,13,2025-10-07 18:18:44,takeaway,14,2,Latte Bạc Xỉu,3,LATTE,coffee,cold,1,1,29.3,Sunny,82,18,1,10
255,69,3,2025-10-07 06:10:44,takeaway,4,1,Cappuccino Nóng,1,ESPRESSO,coffee,hot,1,1,25.8,Rainy,80,6,1,10
255,69,3,2025-10-07 06:10:44,takeaway,62,1,Croissant trứng muối,12,BÁNH MẶN,food,hot,0,1,25.8,Rainy,80,6,1,10
66,28,9,2025-10-06 20:10:44,takeaway,40,1,Trà Sữa Oolong Tứ Quý Sương Sáo,9,TRÀ SỮA,tea,cold,1,1,28.8,Cloudy,76,20,0,10
421,147,9,2025-10-06 20:04:44,dine-in,38,2,Oolong Tứ Quý Sen,8,TRÀ TRÁI CÂY,tea,cold,1,1,25.3,Sunny,82,20,0,10
421,147,9,2025-10-06 20:04:44,dine-in,61,2,Bánh Mì Que Pate Cột Đèn,12,BÁNH MẶN,food,hot,0,0,25.3,Sunny,82,20,0,10
1236,139,4,2025-10-06 07:39:44,takeaway,11,1,Americano Nóng,2,AMERICANO,coffee,hot,1,0,29.0,Cloudy,83,7,0,10
1226,94,1,2025-10-06 06:57:44,takeaway,23,1,Cà Phê Đen Nóng,5,"""PHIN"" VIỆT NAM",coffee,hot,1,0,29.0,Rainy,75,6,0,10
1301,44,11,2025-10-06 06:15:44,delivery,44,1,Trà Sữa Oolong BLao,9,TRÀ SỮA,tea,cold,1,1,28.8,Sunny,79,6,0,10
1484,122,13,2025-10-05 23:39:44,delivery,36,2,Trà Đào Cam Sả - Đá,8,TRÀ TRÁI CÂY,tea,cold,1,0,29.7,Cloudy,77,23,6,10
1420,130,11,2025-10-05 21:58:44,takeaway,5,2,Caramel Macchiato Đá,1,ESPRESSO,coffee,cold,1,1,27.7,Sunny,75,21,6,10
1049,76,10,2025-10-05 18:43:44,takeaway,2,2,Espresso Đá,1,ESPRESSO,coffee,cold,1,0,27.7,Cloudy,83,18,6,10
486,91,10,2025-10-05 08:03:44,takeaway,36,1,Trà Đào Cam Sả - Đá,8,TRÀ TRÁI CÂY,tea,cold,1,0,29.9,Sunny,82,8,6,10
486,91,10,2025-10-05 08:03:44,takeaway,63,1,Chà Bông Phô Mai,12,BÁNH MẶN,food,room,0,1,29.9,Sunny,82,8,6,10
277,43,9,2025-10-05 07:51:44,takeaway,3,1,Cappuccino Đá,1,ESPRESSO,coffee,cold,1,1,28.7,Sunny,77,7,6,10
1210,149,2,2025-10-05 07:18:44,takeaway,6,1,Caramel Macchiato Nóng,1,ESPRESSO,coffee,hot,1,1,28.0,Rainy,75,7,6,10
96,74,4,2025-10-05 06:52:44,delivery,6,2,Caramel Macchiato Nóng,1,ESPRESSO,coffee,hot,1,1,25.4,Sunny,77,6,6,10
258,139,7,2025-10-05 04:38:44,dine-in,16,1,Latte Nóng,3,LATTE,coffee,hot,1,1,25.2,Rainy,75,4,6,10
894,151,14,2025-10-05 04:14:44,dine-in,42,2,Hồng Trà Sữa Trân Châu,9,TRÀ SỮA,tea,cold,1,1,29.0,Cloudy,80,4,6,10
894,151,14,2025-10-05 04:14:44,dine-in,61,1,Bánh Mì Que Pate Cột Đèn,12,BÁNH MẶN,food,hot,0,0,29.0,Cloudy,80,4,6,10
849,54,1,2025-10-04 19:15:44,takeaway,16,1,Latte Nóng,3,LATTE,coffee,hot,1,1,28.8,Rainy,80,19,5,10
971,155,8,2025-10-04 18:52:44,delivery,9,1,A-Mê Mơ,2,AMERICANO,coffee,cold,1,0,26.8,Cloudy,83,18,5,10
865,162,5,2025-10-04 07:16:44,dine-in,46,1,Chocolate Nóng,10,CHOCOLATE,chocolate,hot,0,1,28.6,Cloudy,82,7,5,10
865,162,5,2025-10-04 07:16:44,dine-in,61,2,Bánh Mì Que Pate Cột Đèn,12,BÁNH MẶN,food,hot,0,0,28.6,Cloudy,82,7,5,10
871,38,15,2025-10-04 07:15:44,takeaway,37,2,Oolong Tứ Quý Sen (Nóng),8,TRÀ TRÁI CÂY,tea,hot,1,0,29.4,Rainy,76,7,5,10
871,38,15,2025-10-04 07:15:44,takeaway,59,2,Bánh Mì Que Chà Bông Phô Mai Bơ Cay,12,BÁNH MẶN,food,hot,0,1,29.4,Rainy,76,7,5,10
717,153,10,2025-10-04 06:43:44,takeaway,19,1,Bạc Xỉu Foam Dừa,5,"""PHIN"" VIỆT NAM",coffee,cold,1,1,25.9,Sunny,81,6,5,10
717,153,10,2025-10-04 06:43:44,takeaway,48,1,Matcha Burnt Cheesecake,11,BÁNH NGỌT,food,cold,0,1,25.9,Sunny,81,6,5,10
361,29,10,2025-10-04 04:57:44,takeaway,33,1,Matcha Latte,7,MATCHA TÂY BẮC,tea,cold,0,1,29.0,Sunny,77,4,5,10
361,29,10,2025-10-04 04:57:44,takeaway,63,1,Chà Bông Phô Mai,12,BÁNH MẶN,food,room,0,1,29.0,Sunny,77,4,5,10
305,86,6,2025-10-04 04:04:44,takeaway,24,2,Cà Phê Sữa Nóng,5,"""PHIN"" VIỆT NAM",coffee,hot,1,1,28.9,Rainy,81,4,5,10
563,152,3,2025-10-04 02:53:44,dine-in,10,2,A-Mê Thanh Yên,2,AMERICANO,coffee,cold,1,0,27.3,Sunny,76,2,5,10
919,77,1,2025-10-04 01:55:44,dine-in,13,2,Latte Classic,3,LATTE,coffee,cold,1,1,28.6,Cloudy,82,1,5,10
1275,151,8,2025-10-04 01:27:44,dine-in,22,2,Bạc Xỉu Nóng,5,"""PHIN"" VIỆT NAM",coffee,hot,1,1,29.1,Rainy,82,1,5,10
527,152,14,2025-10-03 20:24:44,takeaway,1,2,Espresso Nóng,1,ESPRESSO,coffee,hot,1,0,26.1,Rainy,75,20,4,10
527,152,14,2025-10-03 20:24:44,takeaway,53,2,Mochi Kem Việt Quất,11,BÁNH NGỌT,food,cold,0,1,26.1,Rainy,75,20,4,10
438,158,15,2025-10-03 19:19:44,delivery,45,2,Chocolate Đá,10,CHOCOLATE,chocolate,cold,0,1,29.5,Sunny,77,19,4,10
438,158,15,2025-10-03 19:19:44,delivery,63,1,Chà Bông Phô Mai,12,BÁNH MẶN,food,room,0,1,29.5,Sunny,77,19,4,10
208,129,8,2025-10-03 04:02:44,takeaway,23,1,Cà Phê Đen Nóng,5,"""PHIN"" VIỆT NAM",coffee,hot,1,0,27.4,Rainy,82,4,4,10
625,33,15,2025-10-03 01:36:44,takeaway,9,1,A-Mê Mơ,2,AMERICANO,coffee,cold,1,0,28.2,Cloudy,78,1,4,10
625,33,15,2025-10-03 01:36:44,takeaway,48,1,Matcha Burnt Cheesecake,11,BÁNH NGỌT,food,cold,0,1,28.2,Cloudy,78,1,4,10
462,32,1,2025-10-02 19:10:44,dine-in,16,2,Latte Nóng,3,LATTE,coffee,hot,1,1,28.5,Cloudy,82,19,3,10
515,120,12,2025-10-02 19:02:44,takeaway,11,2,Americano Nóng,2,AMERICANO,coffee,hot,1,0,27.9,Cloudy,83,19,3,10
382,50,4,2025-10-02 18:30:44,takeaway,14,2,Latte Bạc Xỉu,3,LATTE,coffee,cold,1,1,26.3,Cloudy,83,18,3,10
1349,33,12,2025-10-02 08:34:44,takeaway,8,2,A-Mê Đào,2,AMERICANO,coffee,cold,1,0,29.2,Cloudy,81,8,3,10
1286,91,11,2025-10-02 06:05:44,dine-in,4,1,Cappuccino Nóng,1,ESPRESSO,coffee,hot,1,1,25.1,Rainy,78,6,3,10
652,10,13,2025-10-02 06:01:44,takeaway,1,1,Espresso Nóng,1,ESPRESSO,coffee,hot,1,0,27.0,Rainy,75,6,3,10
123,36,13,2025-10-02 05:33:44,dine-in,4,2,Cappuccino Nóng,1,ESPRESSO,coffee,hot,1,1,27.3,Cloudy,81,5,3,10
123,36,13,2025-10-02 05:33:44,dine-in,60,2,Bánh Mì Que Bò Nấm Xốt Bơ,12,BÁNH MẶN,food,hot,0,0,27.3,Cloudy,81,5,3,10
502,170,5,2025-10-02 05:22:44,delivery,17,2,Frappe Matcha Tây Bắc,4,FRAPPE,tea,cold,0,1,26.7,Rainy,76,5,3,10
608,152,3,2025-10-02 04:19:44,dine-in,35,1,Trà Đào Cam Sả - Nóng,8,TRÀ TRÁI CÂY,tea,hot,1,0,27.1,Rainy,75,4,3,10
269,114,5,2025-10-02 02:46:44,takeaway,13,2,Latte Classic,3,LATTE,coffee,cold,1,1,28.2,Sunny,82,2,3,10
1268,127,1,2025-10-02 01:53:44,dine-in,4,1,Cappuccino Nóng,1,ESPRESSO,coffee,hot,1,1,28.2,Cloudy,79,1,3,10
424,149,15,2025-10-02 01:45:44,dine-in,39,1,Trà Sữa Oolong Nướng Sương Sáo,9,TRÀ SỮA,tea,cold,1,1,29.4,Sunny,78,1,3,10
470,149,3,2025-10-01 20:51:44,takeaway,45,2,Chocolate Đá,10,CHOCOLATE,chocolate,cold,0,1,29.6,Rainy,78,20,2,10
286,82,8,2025-10-01 07:29:44,takeaway,5,1,Caramel Macchiato Đá,1,ESPRESSO,coffee,cold,1,1,28.3,Cloudy,77,7,2,10
44,39,13,2025-10-01 03:52:44,takeaway,21,2,Bạc Xỉu,5,"""PHIN"" VIỆT NAM",coffee,cold,1,1,25.8,Cloudy,81,3,2,10
354,30,11,2025-10-01 02:12:44,takeaway,22,2,Bạc Xỉu Nóng,5,"""PHIN"" VIỆT NAM",coffee,hot,1,1,28.0,Rainy,82,2,2,10
701,41,10,2025-09-30 23:25:44,takeaway,30,2,Matcha Latte Tây Bắc (Nóng),7,MATCHA TÂY BẮC,tea,hot,0,1,28.0,Rainy,83,23,1,9
1421,24,15,2025-09-30 21:37:44,dine-in,12,1,Latte Hạnh Nhân,3,LATTE,coffee,cold,1,1,30.2,Sunny,79,21,1,9
556,92,11,2025-09-30 18:25:44,takeaway,25,1,Cà Phê Đen Đá,5,"""PHIN"" VIỆT NAM",coffee,cold,1,0,30.8,Sunny,82,18,1,9
556,92,11,2025-09-30 18:25:44,takeaway,54,1,Mochi Kem Chocolate,11,BÁNH NGỌT,food,cold,0,1,30.8,Sunny,82,18,1,9
1290,51,2,2025-09-30 08:45:44,delivery,35,1,Trà Đào Cam Sả - Nóng,8,TRÀ TRÁI CÂY,tea,hot,1,0,30.7,Rainy,77,8,1,9
1290,51,2,2025-09-30 08:45:44,delivery,24,1,Cà Phê Sữa Nóng,5,"""PHIN"" VIỆT NAM",coffee,hot,1,1,30.7,Rainy,77,8,1,9
965,10,12,2025-09-30 06:59:44,delivery,24,1,Cà Phê Sữa Nóng,5,"""PHIN"" VIỆT NAM",coffee,hot,1,1,26.6,Rainy,80,6,1,9
387,93,12,2025-09-30 04:05:44,takeaway,16,2,Latte Nóng,3,LATTE,coffee,hot,1,1,28.3,Cloudy,80,4,1,9
1228,57,4,2025-09-29 23:58:44,dine-in,4,2,Cappuccino Nóng,1,ESPRESSO,coffee,hot,1,1,28.8,Rainy,75,23,0,9
385,36,2,2025-09-29 23:53:44,delivery,16,2,Latte Nóng,3,LATTE,coffee,hot,1,1,31.0,Rainy,82,23,0,9
385,36,2,2025-09-29 23:53:44,delivery,60,1,Bánh Mì Que Bò Nấm Xốt Bơ,12,BÁNH MẶN,food,hot,0,0,31.0,Rainy,82,23,0,9
583,100,15,2025-09-29 18:33:44,dine-in,15,1,Latte Hazelnut,3,LATTE,coffee,cold,1,1,30.5,Sunny,76,18,0,9
73,24,4,2025-09-29 02:50:44,dine-in,30,2,Matcha Latte Tây Bắc (Nóng),7,MATCHA TÂY BẮC,tea,hot,0,1,25.1,Rainy,78,2,0,9
73,24,4,2025-09-29 02:50:44,dine-in,51,2,Mochi Kem Trà Sữa Trân Châu,11,BÁNH NGỌT,food,cold,0,1,25.1,Rainy,78,2,0,9
837,48,9,2025-09-29 00:08:44,dine-in,43,2,Trà Đen Macchiato,9,TRÀ SỮA,tea,cold,1,1,25.1,Cloudy,81,0,0,9
837,48,9,2025-09-29 00:08:44,dine-in,50,2,Mít Sấy,11,BÁNH NGỌT,food,room,0,0,25.1,Cloudy,81,0,0,9
1378,22,4,2025-09-28 23:02:44,delivery,1,2,Espresso Nóng,1,ESPRESSO,coffee,hot,1,0,26.4,Rainy,83,23,6,9
762,167,8,2025-09-28 09:03:44,takeaway,1,2,Espresso Nóng,1,ESPRESSO,coffee,hot,1,0,27.9,Sunny,77,9,6,9
789,130,11,2025-09-28 06:18:44,takeaway,23,1,Cà Phê Đen Nóng,5,"""PHIN"" VIỆT NAM",coffee,hot,1,0,26.0,Rainy,75,6,6,9
940,10,1,2025-09-27 23:52:44,takeaway,27,1,Cold Brew Truyền Thống,6,COLD BREW,coffee,cold,1,0,25.6,Sunny,83,23,5,9
940,10,1,2025-09-27 23:52:44,takeaway,59,2,Bánh Mì Que Chà Bông Phô Mai Bơ Cay,12,BÁNH MẶN,food,hot,0,1,25.6,Sunny,83,23,5,9
940,10,1,2025-09-27 23:52:44,takeaway,3,1,Cappuccino Đá,1,ESPRESSO,coffee,cold,1,1,25.6,Sunny,83,23,5,9
157,151,6,2025-09-27 21:58:44,takeaway,46,2,Chocolate Nóng,10,CHOCOLATE,chocolate,hot,0,1,29.1,Rainy,79,21,5,9
1449,36,2,2025-09-27 20:59:44,takeaway,16,2,Latte Nóng,3,LATTE,coffee,hot,1,1,29.5,Sunny,75,20,5,9
500,135,2,2025-09-27 20:37:44,dine-in,19,2,Bạc Xỉu Foam Dừa,5,"""PHIN"" VIỆT NAM",coffee,cold,1,1,28.6,Cloudy,80,20,5,9
692,42,10,2025-09-27 08:03:44,takeaway,13,2,Latte Classic,3,LATTE,coffee,cold,1,1,28.2,Sunny,75,8,5,9
335,60,12,2025-09-27 05:32:44,takeaway,11,1,Americano Nóng,2,AMERICANO,coffee,hot,1,0,26.2,Rainy,77,5,5,9
942,81,15,2025-09-27 05:21:44,dine-in,23,1,Cà Phê Đen Nóng,5,"""PHIN"" VIỆT NAM",coffee,hot,1,0,29.1,Rainy,82,5,5,9
685,20,15,2025-09-27 02:34:44,dine-in,33,2,Matcha Latte,7,MATCHA TÂY BẮC,tea,cold,0,1,27.2,Cloudy,81,2,5,9
329,76,3,2025-09-27 02:01:44,takeaway,15,1,Latte Hazelnut,3,LATTE,coffee,cold,1,1,25.9,Cloudy,77,2,5,9
329,76,3,2025-09-27 02:01:44,takeaway,58,1,Butter Croissant,12,BÁNH MẶN,food,room,0,1,25.9,Cloudy,77,2,5,9
1200,82,8,2025-09-27 01:44:44,dine-in,6,2,Caramel Macchiato Nóng,1,ESPRESSO,coffee,hot,1,1,27.0,Cloudy,76,1,5,9
573,32,12,2025-09-27 00:41:44,dine-in,35,1,Trà Đào Cam Sả - Nóng,8,TRÀ TRÁI CÂY,tea,hot,1,0,28.4,Rainy,76,0,5,9
278,80,13,2025-09-26 21:43:44,dine-in,25,1,Cà Phê Đen Đá,5,"""PHIN"" VIỆT NAM",coffee,cold,1,0,29.0,Sunny,83,21,4,9
278,80,13,2025-09-26 21:43:44,dine-in,52,1,Mochi Kem Phúc Bồn Tử,11,BÁNH NGỌT,food,cold,0,1,29.0,Sunny,83,21,4,9
278,80,13,2025-09-26 21:43:44,dine-in,66,2,Pizza 5 Cheese,14,PIZZA,food,hot,0,1,29.0,Sunny,83,21,4,9
932,128,7,2025-09-26 21:06:44,takeaway,8,1,A-Mê Đào,2,AMERICANO,coffee,cold,1,0,27.9,Cloudy,85,21,4,9
932,128,7,2025-09-26 21:06:44,takeaway,50,2,Mít Sấy,11,BÁNH NGỌT,food,room,0,0,27.9,Cloudy,85,21,4,9
79,126,5,2025-09-26 19:51:44,takeaway,46,2,Chocolate Nóng,10,CHOCOLATE,chocolate,hot,0,1,29.4,Rainy,77,19,4,9
1392,133,11,2025-09-26 18:34:44,dine-in,20,2,Bạc Xỉu Caramel Muối,5,"""PHIN"" VIỆT NAM",coffee,cold,1,1,27.5,Sunny,79,18,4,9
1392,133,11,2025-09-26 18:34:44,dine-in,62,2,Croissant trứng muối,12,BÁNH MẶN,food,hot,0,1,27.5,Sunny,79,18,4,9
558,152,11,2025-09-26 03:21:44,delivery,30,2,Matcha Latte Tây Bắc (Nóng),7,MATCHA TÂY BẮC,tea,hot,0,1,30.9,Rainy,83,3,4,9
558,152,11,2025-09-26 03:21:44,delivery,48,2,Matcha Burnt Cheesecake,11,BÁNH NGỌT,food,cold,0,1,30.9,Rainy,83,3,4,9
232,103,5,2025-09-25 21:18:44,takeaway,46,2,Chocolate Nóng,10,CHOCOLATE,chocolate,hot,0,1,30.0,Rainy,85,21,3,9
224,32,14,2025-09-25 19:16:44,takeaway,1,2,Espresso Nóng,1,ESPRESSO,coffee,hot,1,0,27.5,Rainy,84,19,3,9
224,32,14,2025-09-25 19:16:44,takeaway,51,2,Mochi Kem Trà Sữa Trân Châu,11,BÁNH NGỌT,food,cold,0,1,27.5,Rainy,84,19,3,9
491,167,4,2025-09-25 08:31:44,delivery,15,2,Latte Hazelnut,3,LATTE,coffee,cold,1,1,29.6,Sunny,78,8,3,9
1401,103,4,2025-09-25 04:41:44,dine-in,27,1,Cold Brew Truyền Thống,6,COLD BREW,coffee,cold,1,0,30.8,Sunny,81,4,3,9
1401,103,4,2025-09-25 04:41:44,dine-in,56,1,Mousse Tiramisu,11,BÁNH NGỌT,food,cold,1,1,30.8,Sunny,81,4,3,9
850,42,3,2025-09-25 04:10:44,delivery,35,2,Trà Đào Cam Sả - Nóng,8,TRÀ TRÁI CÂY,tea,hot,1,0,29.0,Rainy,79,4,3,9
850,42,3,2025-09-25 04:10:44,delivery,62,2,Croissant trứng muối,12,BÁNH MẶN,food,hot,0,1,29.0,Rainy,79,4,3,9
174,135,14,2025-09-24 22:33:44,takeaway,23,2,Cà Phê Đen Nóng,5,"""PHIN"" VIỆT NAM",coffee,hot,1,0,29.6,Rainy,78,22,2,9
174,135,14,2025-09-24 22:33:44,takeaway,58,2,Butter Croissant,12,BÁNH MẶN,food,room,0,1,29.6,Rainy,78,22,2,9
389,25,8,2025-09-24 21:24:44,dine-in,42,1,Hồng Trà Sữa Trân Châu,9,TRÀ SỮA,tea,cold,1,1,30.5,Cloudy,80,21,2,9
979,103,9,2025-09-24 08:51:44,delivery,29,2,Matcha Latte Tây Bắc,7,MATCHA TÂY BẮC,tea,cold,0,1,28.6,Sunny,80,8,2,9
870,140,8,2025-09-24 07:45:44,dine-in,8,2,A-Mê Đào,2,AMERICANO,coffee,cold,1,0,26.7,Cloudy,77,7,2,9
342,88,3,2025-09-24 06:22:44,dine-in,24,1,Cà Phê Sữa Nóng,5,"""PHIN"" VIỆT NAM",coffee,hot,1,1,25.6,Rainy,78,6,2,9
227,41,1,2025-09-24 05:37:44,takeaway,13,2,Latte Classic,3,LATTE,coffee,cold,1,1,26.5,Sunny,81,5,2,9
227,41,1,2025-09-24 05:37:44,takeaway,63,1,Chà Bông Phô Mai,12,BÁNH MẶN,food,room,0,1,26.5,Sunny,81,5,2,9
941,41,5,2025-09-24 03:56:44,delivery,2,1,Espresso Đá,1,ESPRESSO,coffee,cold,1,0,25.8,Sunny,76,3,2,9
966,103,5,2025-09-24 03:01:44,takeaway,26,1,Cà Phê Sữa Đá,5,"""PHIN"" VIỆT NAM",coffee,cold,1,1,29.2,Sunny,84,3,2,9
1391,121,3,2025-09-24 01:47:44,takeaway,34,2,Matcha Tây Bắc Trân Châu Hoàng Kim,7,MATCHA TÂY BẮC,tea,cold,0,1,30.2,Sunny,78,1,2,9
194,47,10,2025-09-23 20:27:44,takeaway,39,2,Trà Sữa Oolong Nướng Sương Sáo,9,TRÀ SỮA,tea,cold,1,1,29.0,Cloudy,83,20,1,9
1263,130,9,2025-09-23 19:03:44,delivery,26,2,Cà Phê Sữa Đá,5,"""PHIN"" VIỆT NAM",coffee,cold,1,1,28.2,Sunny,80,19,1,9
1263,130,9,2025-09-23 19:03:44,delivery,61,2,Bánh Mì Que Pate Cột Đèn,12,BÁNH MẶN,food,hot,0,0,28.2,Sunny,80,19,1,9
658,143,4,2025-09-23 19:02:44,takeaway,13,2,Latte Classic,3,LATTE,coffee,cold,1,1,29.1,Cloudy,78,19,1,9
658,143,4,2025-09-23 19:02:44,takeaway,56,2,Mousse Tiramisu,11,BÁNH NGỌT,food,cold,1,1,29.1,Cloudy,78,19,1,9
45,88,10,2025-09-23 18:55:44,takeaway,28,1,Cold Brew Kim Quất,6,COLD BREW,coffee,cold,1,0,29.0,Sunny,83,18,1,9
564,43,10,2025-09-23 08:23:44,takeaway,23,1,Cà Phê Đen Nóng,5,"""PHIN"" VIỆT NAM",coffee,hot,1,0,26.9,Sunny,83,8,1,9
564,43,10,2025-09-23 08:23:44,takeaway,58,1,Butter Croissant,12,BÁNH MẶN,food,room,0,1,26.9,Sunny,83,8,1,9
1175,43,15,2025-09-23 08:06:44,delivery,44,1,Trà Sữa Oolong BLao,9,TRÀ SỮA,tea,cold,1,1,29.4,Cloudy,76,8,1,9
1175,43,15,2025-09-23 08:06:44,delivery,60,1,Bánh Mì Que Bò Nấm Xốt Bơ,12,BÁNH MẶN,food,hot,0,0,29.4,Cloudy,76,8,1,9
203,83,3,2025-09-23 07:40:44,delivery,23,1,Cà Phê Đen Nóng,5,"""PHIN"" VIỆT NAM",coffee,hot,1,0,25.3,Cloudy,84,7,1,9
203,83,3,2025-09-23 07:40:44,delivery,59,1,Bánh Mì Que Chà Bông Phô Mai Bơ Cay,12,BÁNH MẶN,food,hot,0,1,25.3,Cloudy,84,7,1,9
203,83,3,2025-09-23 07:40:44,delivery,64,2,Pasta Bò Bằm Xốt Bolognese,13,PASTA,food,hot,0,0,25.3,Cloudy,84,7,1,9
295,20,5,2025-09-23 05:45:44,dine-in,30,1,Matcha Latte Tây Bắc (Nóng),7,MATCHA TÂY BẮC,tea,hot,0,1,29.5,Rainy,85,5,1,9
295,20,5,2025-09-23 05:45:44,dine-in,47,1,Butter Croissant Sữa Đặc,11,BÁNH NGỌT,food,room,0,1,29.5,Rainy,85,5,1,9
295,20,5,2025-09-23 05:45:44,dine-in,46,1,Chocolate Nóng,10,CHOCOLATE,chocolate,hot,0,1,29.5,Rainy,85,5,1,9
223,131,13,2025-09-23 04:18:44,delivery,29,1,Matcha Latte Tây Bắc,7,MATCHA TÂY BẮC,tea,cold,0,1,29.4,Cloudy,85,4,1,9
1483,161,12,2025-09-23 01:19:44,takeaway,17,1,Frappe Matcha Tây Bắc,4,FRAPPE,tea,cold,0,1,28.7,Rainy,85,1,1,9
415,71,10,2025-09-22 23:24:44,takeaway,23,2,Cà Phê Đen Nóng,5,"""PHIN"" VIỆT NAM",coffee,hot,1,0,27.3,Rainy,83,23,0,9
176,151,15,2025-09-22 20:53:44,delivery,7,1,A-Mê Classic,2,AMERICANO,coffee,cold,1,0,28.7,Sunny,83,20,0,9
176,151,15,2025-09-22 20:53:44,delivery,59,2,Bánh Mì Que Chà Bông Phô Mai Bơ Cay,12,BÁNH MẶN,food,hot,0,1,28.7,Sunny,83,20,0,9
572,10,3,2025-09-22 19:50:44,dine-in,43,2,Trà Đen Macchiato,9,TRÀ SỮA,tea,cold,1,1,28.7,Cloudy,78,19,0,9
572,10,3,2025-09-22 19:50:44,dine-in,58,1,Butter Croissant,12,BÁNH MẶN,food,room,0,1,28.7,Cloudy,78,19,0,9
572,10,3,2025-09-22 19:50:44,dine-in,7,2,A-Mê Classic,2,AMERICANO,coffee,cold,1,0,28.7,Cloudy,78,19,0,9
893,42,9,2025-09-22 07:32:44,dine-in,17,2,Frappe Matcha Tây Bắc,4,FRAPPE,tea,cold,0,1,29.9,Rainy,78,7,0,9
537,17,2,2025-09-22 06:23:44,takeaway,23,2,Cà Phê Đen Nóng,5,"""PHIN"" VIỆT NAM",coffee,hot,1,0,30.2,Rainy,77,6,0,9
537,17,2,2025-09-22 06:23:44,takeaway,48,1,Matcha Burnt Cheesecake,11,BÁNH NGỌT,food,cold,0,1,30.2,Rainy,77,6,0,9
537,17,2,2025-09-22 06:23:44,takeaway,16,2,Latte Nóng,3,LATTE,coffee,hot,1,1,30.2,Rainy,77,6,0,9
1288,150,13,2025-09-22 05:56:44,takeaway,6,1,Caramel Macchiato Nóng,1,ESPRESSO,coffee,hot,1,1,25.1,Rainy,81,5,0,9
1288,150,13,2025-09-22 05:56:44,takeaway,47,2,Butter Croissant Sữa Đặc,11,BÁNH NGỌT,food,room,0,1,25.1,Rainy,81,5,0,9
131,23,9,2025-09-22 05:13:44,takeaway,39,1,Trà Sữa Oolong Nướng Sương Sáo,9,TRÀ SỮA,tea,cold,1,1,25.8,Cloudy,80,5,0,9
418,85,13,2025-09-22 03:35:44,dine-in,36,1,Trà Đào Cam Sả - Đá,8,TRÀ TRÁI CÂY,tea,cold,1,0,27.2,Sunny,77,3,0,9
251,82,8,2025-09-22 02:05:44,takeaway,6,1,Caramel Macchiato Nóng,1,ESPRESSO,coffee,hot,1,1,30.2,Rainy,82,2,0,9
251,82,8,2025-09-22 02:05:44,takeaway,57,2,Mousse Gấu Chocolate,11,BÁNH NGỌT,food,cold,0,1,30.2,Rainy,82,2,0,9
1318,131,3,2025-09-21 21:01:44,takeaway,3,2,Cappuccino Đá,1,ESPRESSO,coffee,cold,1,1,29.7,Cloudy,77,21,6,9
1379,115,4,2025-09-21 20:53:44,delivery,18,2,Frappe Chocochip,4,FRAPPE,chocolate,cold,0,1,26.9,Rainy,77,20,6,9
741,50,14,2025-09-21 07:26:44,dine-in,24,2,Cà Phê Sữa Nóng,5,"""PHIN"" VIỆT NAM",coffee,hot,1,1,28.7,Sunny,79,7,6,9
748,128,1,2025-09-21 06:12:44,delivery,38,1,Oolong Tứ Quý Sen,8,TRÀ TRÁI CÂY,tea,cold,1,1,30.9,Sunny,80,6,6,9
748,128,1,2025-09-21 06:12:44,delivery,48,2,Matcha Burnt Cheesecake,11,BÁNH NGỌT,food,cold,0,1,30.9,Sunny,80,6,6,9
948,105,13,2025-09-21 04:56:44,delivery,4,1,Cappuccino Nóng,1,ESPRESSO,coffee,hot,1,1,25.8,Sunny,82,4,6,9
1247,159,7,2025-09-21 03:06:44,takeaway,24,1,Cà Phê Sữa Nóng,5,"""PHIN"" VIỆT NAM",coffee,hot,1,1,26.7,Sunny,78,3,6,9
1247,159,7,2025-09-21 03:06:44,takeaway,62,1,Croissant trứng muối,12,BÁNH MẶN,food,hot,0,1,26.7,Sunny,78,3,6,9
972,169,13,2025-09-21 01:56:44,dine-in,21,2,Bạc Xỉu,5,"""PHIN"" VIỆT NAM",coffee,cold,1,1,30.4,Sunny,84,1,6,9
876,41,14,2025-09-20 22:57:44,takeaway,27,2,Cold Brew Truyền Thống,6,COLD BREW,coffee,cold,1,0,28.6,Cloudy,85,22,5,9
400,43,13,2025-09-20 18:53:44,takeaway,36,1,Trà Đào Cam Sả - Đá,8,TRÀ TRÁI CÂY,tea,cold,1,0,30.2,Cloudy,77,18,5,9
571,68,8,2025-09-20 06:50:44,dine-in,38,2,Oolong Tứ Quý Sen,8,TRÀ TRÁI CÂY,tea,cold,1,1,27.3,Cloudy,83,6,5,9
571,68,8,2025-09-20 06:50:44,dine-in,53,2,Mochi Kem Việt Quất,11,BÁNH NGỌT,food,cold,0,1,27.3,Cloudy,83,6,5,9
1362,139,15,2025-09-20 06:09:44,takeaway,46,1,Chocolate Nóng,10,CHOCOLATE,chocolate,hot,0,1,28.4,Cloudy,79,6,5,9
1362,139,15,2025-09-20 06:09:44,takeaway,55,1,Mochi Kem Matcha,11,BÁNH NGỌT,food,cold,0,1,28.4,Cloudy,79,6,5,9
293,106,1,2025-09-20 03:15:44,takeaway,5,1,Caramel Macchiato Đá,1,ESPRESSO,coffee,cold,1,1,29.5,Sunny,85,3,5,9
293,106,1,2025-09-20 03:15:44,takeaway,27,2,Cold Brew Truyền Thống,6,COLD BREW,coffee,cold,1,0,29.5,Sunny,85,3,5,9
726,115,6,2025-09-20 02:50:44,dine-in,36,1,Trà Đào Cam Sả - Đá,8,TRÀ TRÁI CÂY,tea,cold,1,0,29.7,Sunny,79,2,5,9
726,115,6,2025-09-20 02:50:44,dine-in,47,1,Butter Croissant Sữa Đặc,11,BÁNH NGỌT,food,room,0,1,29.7,Sunny,79,2,5,9
781,101,15,2025-09-20 02:43:44,takeaway,46,2,Chocolate Nóng,10,CHOCOLATE,chocolate,hot,0,1,25.4,Rainy,78,2,5,9
857,57,3,2025-09-19 23:15:44,dine-in,11,1,Americano Nóng,2,AMERICANO,coffee,hot,1,0,27.6,Rainy,77,23,4,9
1161,158,7,2025-09-19 20:50:44,takeaway,19,1,Bạc Xỉu Foam Dừa,5,"""PHIN"" VIỆT NAM",coffee,cold,1,1,26.7,Sunny,77,20,4,9
1161,158,7,2025-09-19 20:50:44,takeaway,10,1,A-Mê Thanh Yên,2,AMERICANO,coffee,cold,1,0,26.7,Sunny,77,20,4,9
529,30,3,2025-09-19 18:34:44,delivery,19,2,Bạc Xỉu Foam Dừa,5,"""PHIN"" VIỆT NAM",coffee,cold,1,1,25.5,Sunny,85,18,4,9
374,70,3,2025-09-19 18:10:44,dine-in,7,2,A-Mê Classic,2,AMERICANO,coffee,cold,1,0,27.7,Cloudy,75,18,4,9
59,89,6,2025-09-19 05:03:44,dine-in,10,1,A-Mê Thanh Yên,2,AMERICANO,coffee,cold,1,0,26.6,Sunny,83,5,4,9
59,89,6,2025-09-19 05:03:44,dine-in,63,2,Chà Bông Phô Mai,12,BÁNH MẶN,food,room,0,1,26.6,Sunny,83,5,4,9
1093,124,8,2025-09-19 03:27:44,dine-in,16,1,Latte Nóng,3,LATTE,coffee,hot,1,1,28.8,Cloudy,79,3,4,9
55,24,13,2025-09-19 03:14:44,takeaway,46,1,Chocolate Nóng,10,CHOCOLATE,chocolate,hot,0,1,29.4,Sunny,83,3,4,9
55,24,13,2025-09-19 03:14:44,takeaway,61,1,Bánh Mì Que Pate Cột Đèn,12,BÁNH MẶN,food,hot,0,0,29.4,Sunny,83,3,4,9
581,152,7,2025-09-18 23:52:44,takeaway,28,2,Cold Brew Kim Quất,6,COLD BREW,coffee,cold,1,0,27.2,Cloudy,75,23,3,9
600,23,5,2025-09-18 23:51:44,delivery,34,1,Matcha Tây Bắc Trân Châu Hoàng Kim,7,MATCHA TÂY BẮC,tea,cold,0,1,27.9,Cloudy,80,23,3,9
600,23,5,2025-09-18 23:51:44,delivery,12,2,Latte Hạnh Nhân,3,LATTE,coffee,cold,1,1,27.9,Cloudy,80,23,3,9
878,42,2,2025-09-18 21:19:44,dine-in,14,2,Latte Bạc Xỉu,3,LATTE,coffee,cold,1,1,26.9,Cloudy,76,21,3,9
927,114,15,2025-09-18 19:51:44,delivery,16,2,Latte Nóng,3,LATTE,coffee,hot,1,1,29.3,Cloudy,77,19,3,9
968,130,12,2025-09-18 06:58:44,delivery,12,1,Latte Hạnh Nhân,3,LATTE,coffee,cold,1,1,29.1,Cloudy,81,6,3,9
968,130,12,2025-09-18 06:58:44,delivery,61,2,Bánh Mì Que Pate Cột Đèn,12,BÁNH MẶN,food,hot,0,0,29.1,Cloudy,81,6,3,9
968,130,12,2025-09-18 06:58:44,delivery,25,2,Cà Phê Đen Đá,5,"""PHIN"" VIỆT NAM",coffee,cold,1,0,29.1,Cloudy,81,6,3,9
1274,82,1,2025-09-18 05:32:44,takeaway,39,1,Trà Sữa Oolong Nướng Sương Sáo,9,TRÀ SỮA,tea,cold,1,1,25.6,Sunny,84,5,3,9
690,163,6,2025-09-18 03:42:44,delivery,35,2,Trà Đào Cam Sả - Nóng,8,TRÀ TRÁI CÂY,tea,hot,1,0,28.1,Rainy,79,3,3,9
881,101,11,2025-09-18 03:35:44,dine-in,46,1,Chocolate Nóng,10,CHOCOLATE,chocolate,hot,0,1,27.6,Sunny,84,3,3,9
613,106,11,2025-09-18 02:46:44,dine-in,44,2,Trà Sữa Oolong BLao,9,TRÀ SỮA,tea,cold,1,1,28.5,Cloudy,77,2,3,9
918,136,1,2025-09-18 02:41:44,delivery,33,2,Matcha Latte,7,MATCHA TÂY BẮC,tea,cold,0,1,25.9,Sunny,75,2,3,9
1013,108,15,2025-09-18 01:33:44,takeaway,4,1,Cappuccino Nóng,1,ESPRESSO,coffee,hot,1,1,25.2,Rainy,84,1,3,9
1317,23,5,2025-09-18 01:21:44,takeaway,19,1,Bạc Xỉu Foam Dừa,5,"""PHIN"" VIỆT NAM",coffee,cold,1,1,28.0,Sunny,79,1,3,9
1317,23,5,2025-09-18 01:21:44,takeaway,48,1,Matcha Burnt Cheesecake,11,BÁNH NGỌT,food,cold,0,1,28.0,Sunny,79,1,3,9
1317,23,5,2025-09-18 01:21:44,takeaway,68,2,Pizza Xốt Bò Bằm,14,PIZZA,food,hot,0,1,28.0,Sunny,79,1,3,9
1374,42,8,2025-09-17 18:15:44,dine-in,41,1,Hồng Trà Sữa Nóng,9,TRÀ SỮA,tea,hot,1,1,26.8,Rainy,84,18,2,9
1374,42,8,2025-09-17 18:15:44,dine-in,49,2,Burnt Cheesecake,11,BÁNH NGỌT,food,cold,0,1,26.8,Rainy,84,18,2,9
1450,13,9,2025-09-17 07:16:44,takeaway,38,1,Oolong Tứ Quý Sen,8,TRÀ TRÁI CÂY,tea,cold,1,1,30.8,Sunny,81,7,2,9
52,100,9,2025-09-17 02:41:44,takeaway,16,2,Latte Nóng,3,LATTE,coffee,hot,1,1,25.6,Sunny,75,2,2,9
356,23,14,2025-09-17 00:08:44,takeaway,34,1,Matcha Tây Bắc Trân Châu Hoàng Kim,7,MATCHA TÂY BẮC,tea,cold,0,1,30.1,Cloudy,76,0,2,9
356,23,14,2025-09-17 00:08:44,takeaway,49,1,Burnt Cheesecake,11,BÁNH NGỌT,food,cold,0,1,30.1,Cloudy,76,0,2,9
298,100,3,2025-09-16 22:51:44,dine-in,5,1,Caramel Macchiato Đá,1,ESPRESSO,coffee,cold,1,1,30.2,Sunny,83,22,1,9
312,51,12,2025-09-16 20:12:44,takeaway,3,2,Cappuccino Đá,1,ESPRESSO,coffee,cold,1,1,29.7,Sunny,81,20,1,9
266,110,3,2025-09-16 18:18:44,dine-in,14,1,Latte Bạc Xỉu,3,LATTE,coffee,cold,1,1,28.9,Sunny,79,18,1,9
266,110,3,2025-09-16 18:18:44,dine-in,63,2,Chà Bông Phô Mai,12,BÁNH MẶN,food,room,0,1,28.9,Sunny,79,18,1,9
143,167,5,2025-09-16 03:03:44,delivery,7,1,A-Mê Classic,2,AMERICANO,coffee,cold,1,0,30.0,Cloudy,84,3,1,9
143,167,5,2025-09-16 03:03:44,delivery,49,1,Burnt Cheesecake,11,BÁNH NGỌT,food,cold,0,1,30.0,Cloudy,84,3,1,9
1461,163,13,2025-09-15 23:16:44,takeaway,27,2,Cold Brew Truyền Thống,6,COLD BREW,coffee,cold,1,0,30.6,Cloudy,78,23,0,9
1461,163,13,2025-09-15 23:16:44,takeaway,38,1,Oolong Tứ Quý Sen,8,TRÀ TRÁI CÂY,tea,cold,1,1,30.6,Cloudy,78,23,0,9
313,44,8,2025-09-15 20:51:44,dine-in,37,1,Oolong Tứ Quý Sen (Nóng),8,TRÀ TRÁI CÂY,tea,hot,1,0,27.9,Rainy,80,20,0,9
1010,149,12,2025-09-15 19:45:44,takeaway,28,2,Cold Brew Kim Quất,6,COLD BREW,coffee,cold,1,0,28.3,Cloudy,79,19,0,9
1017,56,9,2025-09-15 07:18:44,takeaway,23,1,Cà Phê Đen Nóng,5,"""PHIN"" VIỆT NAM",coffee,hot,1,0,30.8,Rainy,84,7,0,9
57,103,5,2025-09-15 01:54:44,dine-in,10,1,A-Mê Thanh Yên,2,AMERICANO,coffee,cold,1,0,25.4,Sunny,76,1,0,9
57,103,5,2025-09-15 01:54:44,dine-in,61,1,Bánh Mì Que Pate Cột Đèn,12,BÁNH MẶN,food,hot,0,0,25.4,Sunny,76,1,0,9
1215,103,2,2025-09-15 01:09:44,takeaway,6,2,Caramel Macchiato Nóng,1,ESPRESSO,coffee,hot,1,1,25.6,Rainy,77,1,0,9
594,24,9,2025-09-14 21:59:44,takeaway,18,2,Frappe Chocochip,4,FRAPPE,chocolate,cold,0,1,26.0,Rainy,79,21,6,9
594,24,9,2025-09-14 21:59:44,takeaway,63,1,Chà Bông Phô Mai,12,BÁNH MẶN,food,room,0,1,26.0,Rainy,79,21,6,9
643,118,10,2025-09-14 19:20:44,takeaway,35,2,Trà Đào Cam Sả - Nóng,8,TRÀ TRÁI CÂY,tea,hot,1,0,27.8,Rainy,82,19,6,9
1338,89,11,2025-09-14 19:19:44,takeaway,5,2,Caramel Macchiato Đá,1,ESPRESSO,coffee,cold,1,1,29.6,Sunny,83,19,6,9
344,113,9,2025-09-14 07:08:44,dine-in,25,2,Cà Phê Đen Đá,5,"""PHIN"" VIỆT NAM",coffee,cold,1,0,26.6,Cloudy,76,7,6,9
189,11,6,2025-09-14 06:52:44,delivery,29,2,Matcha Latte Tây Bắc,7,MATCHA TÂY BẮC,tea,cold,0,1,30.0,Cloudy,77,6,6,9
101,36,10,2025-09-14 04:33:44,takeaway,8,1,A-Mê Đào,2,AMERICANO,coffee,cold,1,0,29.8,Sunny,77,4,6,9
101,36,10,2025-09-14 04:33:44,takeaway,45,2,Chocolate Đá,10,CHOCOLATE,chocolate,cold,0,1,29.8,Sunny,77,4,6,9
1346,153,6,2025-09-14 02:19:44,dine-in,41,1,Hồng Trà Sữa Nóng,9,TRÀ SỮA,tea,hot,1,1,28.3,Rainy,75,2,6,9
1026,24,3,2025-09-13 20:55:44,takeaway,31,2,Matcha Latte Tây Bắc Sữa Yến Mạch (Nóng),7,MATCHA TÂY BẮC,tea,hot,0,1,26.3,Rainy,81,20,5,9
866,105,10,2025-09-13 20:00:44,takeaway,35,1,Trà Đào Cam Sả - Nóng,8,TRÀ TRÁI CÂY,tea,hot,1,0,25.9,Rainy,77,20,5,9
104,131,1,2025-09-13 01:01:44,takeaway,22,2,Bạc Xỉu Nóng,5,"""PHIN"" VIỆT NAM",coffee,hot,1,1,25.7,Sunny,82,1,5,9
1172,130,15,2025-09-12 23:23:44,takeaway,4,2,Cappuccino Nóng,1,ESPRESSO,coffee,hot,1,1,28.1,Rainy,79,23,4,9
1172,130,15,2025-09-12 23:23:44,takeaway,48,2,Matcha Burnt Cheesecake,11,BÁNH NGỌT,food,cold,0,1,28.1,Rainy,79,23,4,9
1458,54,11,2025-09-12 22:08:44,takeaway,6,2,Caramel Macchiato Nóng,1,ESPRESSO,coffee,hot,1,1,25.3,Sunny,77,22,4,9
1468,138,14,2025-09-12 05:20:44,dine-in,33,1,Matcha Latte,7,MATCHA TÂY BẮC,tea,cold,0,1,26.1,Cloudy,76,5,4,9
552,44,10,2025-09-12 05:14:44,delivery,23,2,Cà Phê Đen Nóng,5,"""PHIN"" VIỆT NAM",coffee,hot,1,0,30.9,Rainy,84,5,4,9
552,44,10,2025-09-12 05:14:44,delivery,60,2,Bánh Mì Que Bò Nấm Xốt Bơ,12,BÁNH MẶN,food,hot,0,0,30.9,Rainy,84,5,4,9
1479,118,9,2025-09-12 00:21:44,takeaway,44,1,Trà Sữa Oolong BLao,9,TRÀ SỮA,tea,cold,1,1,26.4,Cloudy,75,0,4,9
1245,111,12,2025-09-11 23:54:44,takeaway,19,1,Bạc Xỉu Foam Dừa,5,"""PHIN"" VIỆT NAM",coffee,cold,1,1,26.8,Sunny,83,23,3,9
272,80,9,2025-09-11 19:44:44,dine-in,33,2,Matcha Latte,7,MATCHA TÂY BẮC,tea,cold,0,1,28.6,Cloudy,76,19,3,9
272,80,9,2025-09-11 19:44:44,dine-in,58,2,Butter Croissant,12,BÁNH MẶN,food,room,0,1,28.6,Cloudy,76,19,3,9
1355,160,12,2025-09-11 02:31:44,takeaway,40,2,Trà Sữa Oolong Tứ Quý Sương Sáo,9,TRÀ SỮA,tea,cold,1,1,29.4,Cloudy,84,2,3,9
1355,160,12,2025-09-11 02:31:44,takeaway,53,2,Mochi Kem Việt Quất,11,BÁNH NGỌT,food,cold,0,1,29.4,Cloudy,84,2,3,9
320,50,3,2025-09-11 00:03:44,dine-in,27,1,Cold Brew Truyền Thống,6,COLD BREW,coffee,cold,1,0,28.1,Cloudy,78,0,3,9
897,28,12,2025-09-10 22:38:44,takeaway,20,1,Bạc Xỉu Caramel Muối,5,"""PHIN"" VIỆT NAM",coffee,cold,1,1,28.0,Cloudy,75,22,2,9
897,28,12,2025-09-10 22:38:44,takeaway,47,2,Butter Croissant Sữa Đặc,11,BÁNH NGỌT,food,room,0,1,28.0,Cloudy,75,22,2,9
434,42,4,2025-09-10 22:13:44,takeaway,46,2,Chocolate Nóng,10,CHOCOLATE,chocolate,hot,0,1,27.7,Rainy,77,22,2,9
986,46,14,2025-09-10 21:08:44,takeaway,45,2,Chocolate Đá,10,CHOCOLATE,chocolate,cold,0,1,27.5,Rainy,82,21,2,9
986,46,14,2025-09-10 21:08:44,takeaway,53,2,Mochi Kem Việt Quất,11,BÁNH NGỌT,food,cold,0,1,27.5,Rainy,82,21,2,9
1223,32,9,2025-09-10 19:10:44,takeaway,36,2,Trà Đào Cam Sả - Đá,8,TRÀ TRÁI CÂY,tea,cold,1,0,26.0,Cloudy,76,19,2,9
196,36,13,2025-09-10 18:12:44,takeaway,22,1,Bạc Xỉu Nóng,5,"""PHIN"" VIỆT NAM",coffee,hot,1,1,28.3,Sunny,75,18,2,9
49,40,7,2025-09-10 08:21:44,delivery,38,1,Oolong Tứ Quý Sen,8,TRÀ TRÁI CÂY,tea,cold,1,1,27.9,Sunny,78,8,2,9
1341,45,1,2025-09-10 06:16:44,takeaway,11,2,Americano Nóng,2,AMERICANO,coffee,hot,1,0,26.0,Rainy,76,6,2,9
1182,115,7,2025-09-10 05:47:44,dine-in,7,2,A-Mê Classic,2,AMERICANO,coffee,cold,1,0,29.5,Cloudy,76,5,2,9
152,131,3,2025-09-10 04:43:44,takeaway,16,2,Latte Nóng,3,LATTE,coffee,hot,1,1,28.2,Rainy,76,4,2,9
152,131,3,2025-09-10 04:43:44,takeaway,57,2,Mousse Gấu Chocolate,11,BÁNH NGỌT,food,cold,0,1,28.2,Rainy,76,4,2,9
917,28,6,2025-09-10 04:13:44,dine-in,11,2,Americano Nóng,2,AMERICANO,coffee,hot,1,0,30.6,Rainy,83,4,2,9
1278,31,2,2025-09-10 03:24:44,takeaway,13,1,Latte Classic,3,LATTE,coffee,cold,1,1,30.1,Cloudy,77,3,2,9
1042,157,10,2025-09-10 03:18:44,delivery,26,1,Cà Phê Sữa Đá,5,"""PHIN"" VIỆT NAM",coffee,cold,1,1,28.9,Sunny,77,3,2,9
964,131,11,2025-09-10 02:49:44,takeaway,25,1,Cà Phê Đen Đá,5,"""PHIN"" VIỆT NAM",coffee,cold,1,0,25.4,Sunny,84,2,2,9
1444,57,15,2025-09-10 01:42:44,takeaway,24,1,Cà Phê Sữa Nóng,5,"""PHIN"" VIỆT NAM",coffee,hot,1,1,25.4,Rainy,76,1,2,9
1444,57,15,2025-09-10 01:42:44,takeaway,49,2,Burnt Cheesecake,11,BÁNH NGỌT,food,cold,0,1,25.4,Rainy,76,1,2,9
646,148,1,2025-09-10 01:41:44,delivery,35,2,Trà Đào Cam Sả - Nóng,8,TRÀ TRÁI CÂY,tea,hot,1,0,27.0,Rainy,78,1,2,9
350,37,3,2025-09-10 01:01:44,dine-in,4,1,Cappuccino Nóng,1,ESPRESSO,coffee,hot,1,1,26.9,Rainy,78,1,2,9
350,37,3,2025-09-10 01:01:44,dine-in,60,1,Bánh Mì Que Bò Nấm Xốt Bơ,12,BÁNH MẶN,food,hot,0,0,26.9,Rainy,78,1,2,9
574,95,12,2025-09-09 18:49:44,takeaway,11,1,Americano Nóng,2,AMERICANO,coffee,hot,1,0,25.0,Sunny,85,18,1,9
990,32,11,2025-09-09 18:25:44,takeaway,17,2,Frappe Matcha Tây Bắc,4,FRAPPE,tea,cold,0,1,29.2,Rainy,81,18,1,9
990,32,11,2025-09-09 18:25:44,takeaway,68,2,Pizza Xốt Bò Bằm,14,PIZZA,food,hot,0,1,29.2,Rainy,81,18,1,9
809,19,6,2025-09-09 18:15:44,takeaway,7,2,A-Mê Classic,2,AMERICANO,coffee,cold,1,0,30.9,Sunny,77,18,1,9
1403,140,15,2025-09-09 03:23:44,delivery,33,2,Matcha Latte,7,MATCHA TÂY BẮC,tea,cold,0,1,28.2,Sunny,78,3,1,9
347,124,1,2025-09-08 23:25:44,dine-in,12,2,Latte Hạnh Nhân,3,LATTE,coffee,cold,1,1,25.3,Sunny,83,23,0,9
1295,124,12,2025-09-08 20:41:44,dine-in,36,1,Trà Đào Cam Sả - Đá,8,TRÀ TRÁI CÂY,tea,cold,1,0,29.5,Cloudy,81,20,0,9
207,97,10,2025-09-08 18:20:44,takeaway,6,1,Caramel Macchiato Nóng,1,ESPRESSO,coffee,hot,1,1,29.0,Cloudy,79,18,0,9
147,129,2,2025-09-08 07:54:44,takeaway,42,2,Hồng Trà Sữa Trân Châu,9,TRÀ SỮA,tea,cold,1,1,29.9,Cloudy,82,7,0,9
147,129,2,2025-09-08 07:54:44,takeaway,57,2,Mousse Gấu Chocolate,11,BÁNH NGỌT,food,cold,0,1,29.9,Cloudy,82,7,0,9
40,146,7,2025-09-08 03:16:44,dine-in,14,1,Latte Bạc Xỉu,3,LATTE,coffee,cold,1,1,28.0,Cloudy,80,3,0,9
833,41,11,2025-09-08 03:03:44,takeaway,6,2,Caramel Macchiato Nóng,1,ESPRESSO,coffee,hot,1,1,26.0,Rainy,83,3,0,9
833,41,11,2025-09-08 03:03:44,takeaway,23,1,Cà Phê Đen Nóng,5,"""PHIN"" VIỆT NAM",coffee,hot,1,0,26.0,Rainy,83,3,0,9
1008,67,15,2025-09-08 01:33:44,dine-in,17,2,Frappe Matcha Tây Bắc,4,FRAPPE,tea,cold,0,1,30.8,Rainy,75,1,0,9
1008,67,15,2025-09-08 01:33:44,dine-in,47,1,Butter Croissant Sữa Đặc,11,BÁNH NGỌT,food,room,0,1,30.8,Rainy,75,1,0,9
78,91,7,2025-09-08 01:08:44,takeaway,31,2,Matcha Latte Tây Bắc Sữa Yến Mạch (Nóng),7,MATCHA TÂY BẮC,tea,hot,0,1,30.5,Rainy,85,1,0,9
78,91,7,2025-09-08 01:08:44,takeaway,59,1,Bánh Mì Que Chà Bông Phô Mai Bơ Cay,12,BÁNH MẶN,food,hot,0,1,30.5,Rainy,85,1,0,9
545,40,12,2025-09-07 23:46:44,takeaway,46,1,Chocolate Nóng,10,CHOCOLATE,chocolate,hot,0,1,26.4,Rainy,79,23,6,9
1306,129,10,2025-09-07 22:35:44,dine-in,46,1,Chocolate Nóng,10,CHOCOLATE,chocolate,hot,0,1,28.4,Rainy,76,22,6,9
905,75,11,2025-09-07 08:22:44,dine-in,20,1,Bạc Xỉu Caramel Muối,5,"""PHIN"" VIỆT NAM",coffee,cold,1,1,27.1,Sunny,85,8,6,9
905,75,11,2025-09-07 08:22:44,dine-in,51,2,Mochi Kem Trà Sữa Trân Châu,11,BÁNH NGỌT,food,cold,0,1,27.1,Sunny,85,8,6,9
448,78,9,2025-09-07 07:48:44,takeaway,23,2,Cà Phê Đen Nóng,5,"""PHIN"" VIỆT NAM",coffee,hot,1,0,30.8,Rainy,77,7,6,9
448,78,9,2025-09-07 07:48:44,takeaway,52,1,Mochi Kem Phúc Bồn Tử,11,BÁNH NGỌT,food,cold,0,1,30.8,Rainy,77,7,6,9
473,151,14,2025-09-07 07:35:44,delivery,15,1,Latte Hazelnut,3,LATTE,coffee,cold,1,1,26.2,Cloudy,78,7,6,9
473,151,14,2025-09-07 07:35:44,delivery,48,2,Matcha Burnt Cheesecake,11,BÁNH NGỌT,food,cold,0,1,26.2,Cloudy,78,7,6,9
958,28,11,2025-09-07 07:24:44,takeaway,12,2,Latte Hạnh Nhân,3,LATTE,coffee,cold,1,1,29.8,Cloudy,85,7,6,9
244,131,9,2025-09-07 01:45:44,dine-in,17,1,Frappe Matcha Tây Bắc,4,FRAPPE,tea,cold,0,1,26.1,Rainy,84,1,6,9
1279,59,14,2025-09-07 00:20:44,dine-in,22,2,Bạc Xỉu Nóng,5,"""PHIN"" VIỆT NAM",coffee,hot,1,1,28.6,Rainy,80,0,6,9
1296,145,10,2025-09-06 23:39:44,delivery,20,2,Bạc Xỉu Caramel Muối,5,"""PHIN"" VIỆT NAM",coffee,cold,1,1,26.2,Cloudy,78,23,5,9
1497,130,15,2025-09-06 22:59:44,dine-in,7,1,A-Mê Classic,2,AMERICANO,coffee,cold,1,0,26.5,Cloudy,76,22,5,9
1497,130,15,2025-09-06 22:59:44,dine-in,52,1,Mochi Kem Phúc Bồn Tử,11,BÁNH NGỌT,food,cold,0,1,26.5,Cloudy,76,22,5,9
630,12,9,2025-09-06 19:52:44,takeaway,11,1,Americano Nóng,2,AMERICANO,coffee,hot,1,0,28.3,Rainy,81,19,5,9
1242,55,4,2025-09-06 06:22:44,takeaway,22,2,Bạc Xỉu Nóng,5,"""PHIN"" VIỆT NAM",coffee,hot,1,1,26.5,Rainy,78,6,5,9
1242,55,4,2025-09-06 06:22:44,takeaway,59,2,Bánh Mì Que Chà Bông Phô Mai Bơ Cay,12,BÁNH MẶN,food,hot,0,1,26.5,Rainy,78,6,5,9
225,105,4,2025-09-06 03:31:44,delivery,7,2,A-Mê Classic,2,AMERICANO,coffee,cold,1,0,30.5,Sunny,84,3,5,9
65,59,13,2025-09-06 02:35:44,delivery,45,2,Chocolate Đá,10,CHOCOLATE,chocolate,cold,0,1,26.7,Cloudy,84,2,5,9
65,59,13,2025-09-06 02:35:44,delivery,62,1,Croissant trứng muối,12,BÁNH MẶN,food,hot,0,1,26.7,Cloudy,84,2,5,9
48,171,12,2025-09-05 23:38:44,delivery,39,2,Trà Sữa Oolong Nướng Sương Sáo,9,TRÀ SỮA,tea,cold,1,1,29.5,Sunny,80,23,4,9
662,109,3,2025-09-05 23:09:44,takeaway,6,2,Caramel Macchiato Nóng,1,ESPRESSO,coffee,hot,1,1,28.4,Rainy,76,23,4,9
1389,171,13,2025-09-05 20:33:44,takeaway,17,2,Frappe Matcha Tây Bắc,4,FRAPPE,tea,cold,0,1,28.1,Rainy,76,20,4,9
1389,171,13,2025-09-05 20:33:44,takeaway,48,2,Matcha Burnt Cheesecake,11,BÁNH NGỌT,food,cold,0,1,28.1,Rainy,76,20,4,9
195,80,1,2025-09-05 18:13:44,dine-in,36,1,Trà Đào Cam Sả - Đá,8,TRÀ TRÁI CÂY,tea,cold,1,0,27.8,Sunny,79,18,4,9
195,80,1,2025-09-05 18:13:44,dine-in,61,2,Bánh Mì Que Pate Cột Đèn,12,BÁNH MẶN,food,hot,0,0,27.8,Sunny,79,18,4,9
1075,78,15,2025-09-05 05:13:44,delivery,40,1,Trà Sữa Oolong Tứ Quý Sương Sáo,9,TRÀ SỮA,tea,cold,1,1,30.3,Cloudy,79,5,4,9
416,99,13,2025-09-04 22:28:44,dine-in,40,2,Trà Sữa Oolong Tứ Quý Sương Sáo,9,TRÀ SỮA,tea,cold,1,1,30.7,Cloudy,85,22,3,9
532,150,2,2025-09-04 09:05:44,delivery,9,1,A-Mê Mơ,2,AMERICANO,coffee,cold,1,0,26.7,Sunny,77,9,3,9
532,150,2,2025-09-04 09:05:44,delivery,56,2,Mousse Tiramisu,11,BÁNH NGỌT,food,cold,1,1,26.7,Sunny,77,9,3,9
1472,32,12,2025-09-04 04:07:44,dine-in,46,1,Chocolate Nóng,10,CHOCOLATE,chocolate,hot,0,1,26.0,Rainy,76,4,3,9
267,74,5,2025-09-04 00:54:44,takeaway,20,1,Bạc Xỉu Caramel Muối,5,"""PHIN"" VIỆT NAM",coffee,cold,1,1,31.0,Cloudy,84,0,3,9
37,43,12,2025-09-03 23:50:44,dine-in,21,2,Bạc Xỉu,5,"""PHIN"" VIỆT NAM",coffee,cold,1,1,25.5,Sunny,80,23,2,9
37,43,12,2025-09-03 23:50:44,dine-in,58,2,Butter Croissant,12,BÁNH MẶN,food,room,0,1,25.5,Sunny,80,23,2,9
422,96,3,2025-09-03 20:56:44,takeaway,37,1,Oolong Tứ Quý Sen (Nóng),8,TRÀ TRÁI CÂY,tea,hot,1,0,26.4,Rainy,75,20,2,9
557,98,1,2025-09-03 19:42:44,dine-in,45,2,Chocolate Đá,10,CHOCOLATE,chocolate,cold,0,1,30.6,Rainy,78,19,2,9
698,24,2,2025-09-03 06:35:44,takeaway,46,2,Chocolate Nóng,10,CHOCOLATE,chocolate,hot,0,1,29.3,Rainy,81,6,2,9
698,24,2,2025-09-03 06:35:44,takeaway,52,2,Mochi Kem Phúc Bồn Tử,11,BÁNH NGỌT,food,cold,0,1,29.3,Rainy,81,6,2,9
1195,170,9,2025-09-03 05:20:44,dine-in,39,2,Trà Sữa Oolong Nướng Sương Sáo,9,TRÀ SỮA,tea,cold,1,1,25.8,Sunny,85,5,2,9
395,30,4,2025-09-03 05:09:44,dine-in,7,1,A-Mê Classic,2,AMERICANO,coffee,cold,1,0,25.9,Sunny,82,5,2,9
142,163,10,2025-09-03 02:16:44,dine-in,42,2,Hồng Trà Sữa Trân Châu,9,TRÀ SỮA,tea,cold,1,1,27.1,Sunny,77,2,2,9
142,163,10,2025-09-03 02:16:44,dine-in,63,2,Chà Bông Phô Mai,12,BÁNH MẶN,food,room,0,1,27.1,Sunny,77,2,2,9
675,75,11,2025-09-03 01:32:44,takeaway,46,1,Chocolate Nóng,10,CHOCOLATE,chocolate,hot,0,1,29.6,Rainy,84,1,2,9
1005,67,6,2025-09-03 01:15:44,takeaway,26,1,Cà Phê Sữa Đá,5,"""PHIN"" VIỆT NAM",coffee,cold,1,1,28.0,Sunny,83,1,2,9
1005,67,6,2025-09-03 01:15:44,takeaway,53,2,Mochi Kem Việt Quất,11,BÁNH NGỌT,food,cold,0,1,28.0,Sunny,83,1,2,9
87,162,10,2025-09-02 21:40:44,takeaway,42,1,Hồng Trà Sữa Trân Châu,9,TRÀ SỮA,tea,cold,1,1,29.1,Cloudy,80,21,1,9
87,162,10,2025-09-02 21:40:44,takeaway,55,1,Mochi Kem Matcha,11,BÁNH NGỌT,food,cold,0,1,29.1,Cloudy,80,21,1,9
87,162,10,2025-09-02 21:40:44,takeaway,65,2,Pasta Heo Nướng Xốt Shoyu Butter,13,PASTA,food,hot,0,1,29.1,Cloudy,80,21,1,9
156,146,3,2025-09-02 08:46:44,takeaway,42,2,Hồng Trà Sữa Trân Châu,9,TRÀ SỮA,tea,cold,1,1,30.4,Cloudy,78,8,1,9
743,13,4,2025-09-02 05:25:44,takeaway,27,1,Cold Brew Truyền Thống,6,COLD BREW,coffee,cold,1,0,27.7,Sunny,84,5,1,9
650,158,14,2025-09-02 05:16:44,takeaway,45,2,Chocolate Đá,10,CHOCOLATE,chocolate,cold,0,1,30.8,Cloudy,77,5,1,9
650,158,14,2025-09-02 05:16:44,takeaway,62,2,Croissant trứng muối,12,BÁNH MẶN,food,hot,0,1,30.8,Cloudy,77,5,1,9
650,158,14,2025-09-02 05:16:44,takeaway,27,1,Cold Brew Truyền Thống,6,COLD BREW,coffee,cold,1,0,30.8,Cloudy,77,5,1,9
246,44,13,2025-09-02 02:29:44,takeaway,33,1,Matcha Latte,7,MATCHA TÂY BẮC,tea,cold,0,1,25.6,Sunny,79,2,1,9
736,168,9,2025-09-01 23:45:44,takeaway,4,1,Cappuccino Nóng,1,ESPRESSO,coffee,hot,1,1,26.5,Rainy,82,23,0,9
753,29,2,2025-09-01 21:45:44,takeaway,32,2,Matcha Latte Tây Bắc Sữa Yến Mạch,7,MATCHA TÂY BẮC,tea,cold,0,1,25.9,Sunny,78,21,0,9
753,29,2,2025-09-01 21:45:44,takeaway,63,2,Chà Bông Phô Mai,12,BÁNH MẶN,food,room,0,1,25.9,Sunny,78,21,0,9
1116,130,5,2025-09-01 21:41:44,delivery,13,2,Latte Classic,3,LATTE,coffee,cold,1,1,30.5,Cloudy,84,21,0,9
1116,130,5,2025-09-01 21:41:44,delivery,59,1,Bánh Mì Que Chà Bông Phô Mai Bơ Cay,12,BÁNH MẶN,food,hot,0,1,30.5,Cloudy,84,21,0,9
1241,41,8,2025-09-01 18:22:44,takeaway,42,1,Hồng Trà Sữa Trân Châu,9,TRÀ SỮA,tea,cold,1,1,26.6,Sunny,78,18,0,9
108,46,4,2025-09-01 06:13:44,takeaway,11,2,Americano Nóng,2,AMERICANO,coffee,hot,1,0,26.4,Sunny,81,6,0,9
817,160,7,2025-09-01 05:39:44,delivery,27,2,Cold Brew Truyền Thống,6,COLD BREW,coffee,cold,1,0,27.6,Cloudy,77,5,0,9
817,160,7,2025-09-01 05:39:44,delivery,63,1,Chà Bông Phô Mai,12,BÁNH MẶN,food,room,0,1,27.6,Cloudy,77,5,0,9
976,28,8,2025-09-01 05:01:44,delivery,1,2,Espresso Nóng,1,ESPRESSO,coffee,hot,1,0,27.6,Sunny,85,5,0,9
510,30,2,2025-09-01 01:36:44,takeaway,29,2,Matcha Latte Tây Bắc,7,MATCHA TÂY BẮC,tea,cold,0,1,27.4,Cloudy,82,1,0,9
510,30,2,2025-09-01 01:36:44,takeaway,20,2,Bạc Xỉu Caramel Muối,5,"""PHIN"" VIỆT NAM",coffee,cold,1,1,27.4,Cloudy,82,1,0,9
221,108,6,2025-08-31 21:51:44,takeaway,38,2,Oolong Tứ Quý Sen,8,TRÀ TRÁI CÂY,tea,cold,1,1,26.7,Cloudy,82,21,6,8
221,108,6,2025-08-31 21:51:44,takeaway,61,1,Bánh Mì Que Pate Cột Đèn,12,BÁNH MẶN,food,hot,0,0,26.7,Cloudy,82,21,6,8
623,27,11,2025-08-31 18:22:44,takeaway,24,1,Cà Phê Sữa Nóng,5,"""PHIN"" VIỆT NAM",coffee,hot,1,1,28.1,Rainy,83,18,6,8
769,103,8,2025-08-31 03:14:44,takeaway,44,1,Trà Sữa Oolong BLao,9,TRÀ SỮA,tea,cold,1,1,30.4,Cloudy,88,3,6,8
605,32,11,2025-08-30 18:54:44,delivery,21,1,Bạc Xỉu,5,"""PHIN"" VIỆT NAM",coffee,cold,1,1,25.8,Cloudy,82,18,5,8
211,163,6,2025-08-30 05:02:44,delivery,1,2,Espresso Nóng,1,ESPRESSO,coffee,hot,1,0,28.8,Rainy,78,5,5,8
495,114,10,2025-08-30 02:54:44,takeaway,30,2,Matcha Latte Tây Bắc (Nóng),7,MATCHA TÂY BẮC,tea,hot,0,1,26.4,Rainy,79,2,5,8
495,114,10,2025-08-30 02:54:44,takeaway,63,2,Chà Bông Phô Mai,12,BÁNH MẶN,food,room,0,1,26.4,Rainy,79,2,5,8
699,42,9,2025-08-30 02:30:44,takeaway,26,2,Cà Phê Sữa Đá,5,"""PHIN"" VIỆT NAM",coffee,cold,1,1,29.2,Cloudy,88,2,5,8
699,42,9,2025-08-30 02:30:44,takeaway,56,2,Mousse Tiramisu,11,BÁNH NGỌT,food,cold,1,1,29.2,Cloudy,88,2,5,8
763,106,3,2025-08-29 23:48:44,dine-in,6,1,Caramel Macchiato Nóng,1,ESPRESSO,coffee,hot,1,1,30.8,Rainy,85,23,4,8
763,106,3,2025-08-29 23:48:44,dine-in,62,1,Croissant trứng muối,12,BÁNH MẶN,food,hot,0,1,30.8,Rainy,85,23,4,8
763,106,3,2025-08-29 23:48:44,dine-in,16,1,Latte Nóng,3,LATTE,coffee,hot,1,1,30.8,Rainy,85,23,4,8
1191,32,3,2025-08-29 23:46:44,dine-in,11,2,Americano Nóng,2,AMERICANO,coffee,hot,1,0,26.6,Cloudy,88,23,4,8
1191,32,3,2025-08-29 23:46:44,dine-in,62,1,Croissant trứng muối,12,BÁNH MẶN,food,hot,0,1,26.6,Cloudy,88,23,4,8
160,21,9,2025-08-29 21:07:44,delivery,30,1,Matcha Latte Tây Bắc (Nóng),7,MATCHA TÂY BẮC,tea,hot,0,1,28.1,Rainy,88,21,4,8
451,17,3,2025-08-29 20:01:44,takeaway,30,2,Matcha Latte Tây Bắc (Nóng),7,MATCHA TÂY BẮC,tea,hot,0,1,27.0,Rainy,79,20,4,8
635,156,11,2025-08-29 19:39:44,delivery,33,2,Matcha Latte,7,MATCHA TÂY BẮC,tea,cold,0,1,28.2,Cloudy,79,19,4,8
1163,130,4,2025-08-29 19:19:44,takeaway,23,1,Cà Phê Đen Nóng,5,"""PHIN"" VIỆT NAM",coffee,hot,1,0,26.1,Rainy,84,19,4,8
1163,130,4,2025-08-29 19:19:44,takeaway,52,2,Mochi Kem Phúc Bồn Tử,11,BÁNH NGỌT,food,cold,0,1,26.1,Rainy,84,19,4,8
367,163,7,2025-08-29 18:30:44,dine-in,6,2,Caramel Macchiato Nóng,1,ESPRESSO,coffee,hot,1,1,27.2,Rainy,87,18,4,8
367,163,7,2025-08-29 18:30:44,dine-in,59,1,Bánh Mì Que Chà Bông Phô Mai Bơ Cay,12,BÁNH MẶN,food,hot,0,1,27.2,Rainy,87,18,4,8
437,62,5,2025-08-29 08:57:44,dine-in,19,1,Bạc Xỉu Foam Dừa,5,"""PHIN"" VIỆT NAM",coffee,cold,1,1,25.7,Cloudy,84,8,4,8
291,33,7,2025-08-29 07:00:44,takeaway,10,2,A-Mê Thanh Yên,2,AMERICANO,coffee,cold,1,0,30.9,Cloudy,80,7,4,8
291,33,7,2025-08-29 07:00:44,takeaway,58,2,Butter Croissant,12,BÁNH MẶN,food,room,0,1,30.9,Cloudy,80,7,4,8
197,36,15,2025-08-29 05:30:44,takeaway,35,1,Trà Đào Cam Sả - Nóng,8,TRÀ TRÁI CÂY,tea,hot,1,0,30.2,Rainy,79,5,4,8
474,116,8,2025-08-29 05:01:44,takeaway,46,1,Chocolate Nóng,10,CHOCOLATE,chocolate,hot,0,1,27.3,Rainy,81,5,4,8
799,42,13,2025-08-29 02:23:44,delivery,46,1,Chocolate Nóng,10,CHOCOLATE,chocolate,hot,0,1,28.0,Rainy,87,2,4,8
799,42,13,2025-08-29 02:23:44,delivery,52,1,Mochi Kem Phúc Bồn Tử,11,BÁNH NGỌT,food,cold,0,1,28.0,Rainy,87,2,4,8
1028,109,15,2025-08-29 02:14:44,delivery,32,1,Matcha Latte Tây Bắc Sữa Yến Mạch,7,MATCHA TÂY BẮC,tea,cold,0,1,28.1,Cloudy,80,2,4,8
1028,109,15,2025-08-29 02:14:44,delivery,50,2,Mít Sấy,11,BÁNH NGỌT,food,room,0,0,28.1,Cloudy,80,2,4,8
1250,104,15,2025-08-28 19:07:44,takeaway,41,1,Hồng Trà Sữa Nóng,9,TRÀ SỮA,tea,hot,1,1,25.5,Rainy,84,19,3,8
412,150,8,2025-08-28 08:29:44,delivery,26,1,Cà Phê Sữa Đá,5,"""PHIN"" VIỆT NAM",coffee,cold,1,1,28.6,Cloudy,82,8,3,8
210,28,9,2025-08-28 06:51:44,dine-in,1,1,Espresso Nóng,1,ESPRESSO,coffee,hot,1,0,26.8,Rainy,85,6,3,8
210,28,9,2025-08-28 06:51:44,dine-in,58,2,Butter Croissant,12,BÁNH MẶN,food,room,0,1,26.8,Rainy,85,6,3,8
112,41,6,2025-08-28 04:49:44,delivery,6,2,Caramel Macchiato Nóng,1,ESPRESSO,coffee,hot,1,1,30.4,Rainy,84,4,3,8
1265,168,12,2025-08-28 03:48:44,dine-in,22,1,Bạc Xỉu Nóng,5,"""PHIN"" VIỆT NAM",coffee,hot,1,1,26.3,Rainy,82,3,3,8
1265,168,12,2025-08-28 03:48:44,dine-in,48,1,Matcha Burnt Cheesecake,11,BÁNH NGỌT,food,cold,0,1,26.3,Rainy,82,3,3,8
1344,41,3,2025-08-27 19:19:44,dine-in,34,2,Matcha Tây Bắc Trân Châu Hoàng Kim,7,MATCHA TÂY BẮC,tea,cold,0,1,30.7,Cloudy,78,19,2,8
1429,125,3,2025-08-27 02:39:44,delivery,16,1,Latte Nóng,3,LATTE,coffee,hot,1,1,30.0,Rainy,85,2,2,8
1423,107,10,2025-08-27 00:13:44,dine-in,23,1,Cà Phê Đen Nóng,5,"""PHIN"" VIỆT NAM",coffee,hot,1,0,27.9,Cloudy,78,0,2,8
1423,107,10,2025-08-27 00:13:44,dine-in,60,2,Bánh Mì Que Bò Nấm Xốt Bơ,12,BÁNH MẶN,food,hot,0,0,27.9,Cloudy,78,0,2,8
1300,153,14,2025-08-26 19:56:44,dine-in,11,1,Americano Nóng,2,AMERICANO,coffee,hot,1,0,25.9,Rainy,78,19,1,8
820,86,4,2025-08-26 19:42:44,takeaway,33,2,Matcha Latte,7,MATCHA TÂY BẮC,tea,cold,0,1,29.1,Cloudy,83,19,1,8
250,136,1,2025-08-26 07:04:44,takeaway,11,1,Americano Nóng,2,AMERICANO,coffee,hot,1,0,27.1,Rainy,78,7,1,8
851,91,5,2025-08-26 06:09:44,takeaway,39,1,Trà Sữa Oolong Nướng Sương Sáo,9,TRÀ SỮA,tea,cold,1,1,25.8,Cloudy,84,6,1,8
851,91,5,2025-08-26 06:09:44,takeaway,59,1,Bánh Mì Que Chà Bông Phô Mai Bơ Cay,12,BÁNH MẶN,food,hot,0,1,25.8,Cloudy,84,6,1,8
144,75,6,2025-08-26 04:36:44,takeaway,3,2,Cappuccino Đá,1,ESPRESSO,coffee,cold,1,1,29.1,Cloudy,81,4,1,8
144,75,6,2025-08-26 04:36:44,takeaway,10,2,A-Mê Thanh Yên,2,AMERICANO,coffee,cold,1,0,29.1,Cloudy,81,4,1,8
185,54,13,2025-08-26 00:45:44,dine-in,13,2,Latte Classic,3,LATTE,coffee,cold,1,1,29.4,Cloudy,82,0,1,8
1330,158,2,2025-08-25 23:18:44,takeaway,23,2,Cà Phê Đen Nóng,5,"""PHIN"" VIỆT NAM",coffee,hot,1,0,28.4,Cloudy,83,23,0,8
1330,158,2,2025-08-25 23:18:44,takeaway,60,2,Bánh Mì Que Bò Nấm Xốt Bơ,12,BÁNH MẶN,food,hot,0,0,28.4,Cloudy,83,23,0,8
469,157,1,2025-08-25 22:26:44,dine-in,6,2,Caramel Macchiato Nóng,1,ESPRESSO,coffee,hot,1,1,26.3,Rainy,88,22,0,8
494,90,11,2025-08-25 21:54:44,delivery,45,2,Chocolate Đá,10,CHOCOLATE,chocolate,cold,0,1,30.8,Cloudy,80,21,0,8
734,47,8,2025-08-25 07:22:44,delivery,32,2,Matcha Latte Tây Bắc Sữa Yến Mạch,7,MATCHA TÂY BẮC,tea,cold,0,1,30.2,Cloudy,83,7,0,8
610,67,9,2025-08-24 08:30:44,dine-in,12,1,Latte Hạnh Nhân,3,LATTE,coffee,cold,1,1,29.2,Cloudy,86,8,6,8
610,67,9,2025-08-24 08:30:44,dine-in,56,2,Mousse Tiramisu,11,BÁNH NGỌT,food,cold,1,1,29.2,Cloudy,86,8,6,8
863,163,10,2025-08-24 08:22:44,takeaway,37,2,Oolong Tứ Quý Sen (Nóng),8,TRÀ TRÁI CÂY,tea,hot,1,0,28.7,Rainy,87,8,6,8
863,163,10,2025-08-24 08:22:44,takeaway,61,1,Bánh Mì Que Pate Cột Đèn,12,BÁNH MẶN,food,hot,0,0,28.7,Rainy,87,8,6,8
1125,145,11,2025-08-24 06:27:44,dine-in,30,2,Matcha Latte Tây Bắc (Nóng),7,MATCHA TÂY BẮC,tea,hot,0,1,26.8,Rainy,81,6,6,8
735,120,5,2025-08-24 05:51:44,takeaway,35,1,Trà Đào Cam Sả - Nóng,8,TRÀ TRÁI CÂY,tea,hot,1,0,29.6,Rainy,79,5,6,8
460,115,2,2025-08-24 05:34:44,takeaway,22,2,Bạc Xỉu Nóng,5,"""PHIN"" VIỆT NAM",coffee,hot,1,1,25.2,Cloudy,78,5,6,8
460,115,2,2025-08-24 05:34:44,takeaway,53,2,Mochi Kem Việt Quất,11,BÁNH NGỌT,food,cold,0,1,25.2,Cloudy,78,5,6,8
1220,88,13,2025-08-24 03:12:44,delivery,24,1,Cà Phê Sữa Nóng,5,"""PHIN"" VIỆT NAM",coffee,hot,1,1,26.5,Rainy,80,3,6,8
1220,88,13,2025-08-24 03:12:44,delivery,58,2,Butter Croissant,12,BÁNH MẶN,food,room,0,1,26.5,Rainy,80,3,6,8
665,54,10,2025-08-24 02:44:44,dine-in,13,1,Latte Classic,3,LATTE,coffee,cold,1,1,26.7,Cloudy,81,2,6,8
485,86,14,2025-08-24 02:37:44,takeaway,28,1,Cold Brew Kim Quất,6,COLD BREW,coffee,cold,1,0,25.3,Cloudy,82,2,6,8
485,86,14,2025-08-24 02:37:44,takeaway,60,2,Bánh Mì Que Bò Nấm Xốt Bơ,12,BÁNH MẶN,food,hot,0,0,25.3,Cloudy,82,2,6,8
579,70,1,2025-08-24 02:23:44,takeaway,30,1,Matcha Latte Tây Bắc (Nóng),7,MATCHA TÂY BẮC,tea,hot,0,1,26.9,Rainy,83,2,6,8
579,70,1,2025-08-24 02:23:44,takeaway,49,1,Burnt Cheesecake,11,BÁNH NGỌT,food,cold,0,1,26.9,Rainy,83,2,6,8
1065,131,4,2025-08-24 02:23:44,takeaway,37,2,Oolong Tứ Quý Sen (Nóng),8,TRÀ TRÁI CÂY,tea,hot,1,0,25.9,Rainy,80,2,6,8
1065,131,4,2025-08-24 02:23:44,takeaway,61,2,Bánh Mì Que Pate Cột Đèn,12,BÁNH MẶN,food,hot,0,0,25.9,Rainy,80,2,6,8
184,100,11,2025-08-23 21:00:44,takeaway,11,1,Americano Nóng,2,AMERICANO,coffee,hot,1,0,28.4,Rainy,87,21,5,8
184,100,11,2025-08-23 21:00:44,takeaway,55,2,Mochi Kem Matcha,11,BÁNH NGỌT,food,cold,0,1,28.4,Rainy,87,21,5,8
164,108,11,2025-08-23 04:56:44,delivery,45,1,Chocolate Đá,10,CHOCOLATE,chocolate,cold,0,1,30.8,Cloudy,82,4,5,8
1376,129,11,2025-08-23 04:32:44,takeaway,27,1,Cold Brew Truyền Thống,6,COLD BREW,coffee,cold,1,0,28.2,Cloudy,80,4,5,8
584,60,9,2025-08-23 04:03:44,takeaway,30,1,Matcha Latte Tây Bắc (Nóng),7,MATCHA TÂY BẮC,tea,hot,0,1,26.2,Rainy,84,4,5,8
740,100,12,2025-08-23 03:37:44,dine-in,22,2,Bạc Xỉu Nóng,5,"""PHIN"" VIỆT NAM",coffee,hot,1,1,28.3,Rainy,80,3,5,8
1325,141,11,2025-08-23 01:22:44,takeaway,9,1,A-Mê Mơ,2,AMERICANO,coffee,cold,1,0,29.6,Cloudy,85,1,5,8
862,119,2,2025-08-22 18:58:44,takeaway,8,1,A-Mê Đào,2,AMERICANO,coffee,cold,1,0,30.7,Cloudy,84,18,4,8
862,119,2,2025-08-22 18:58:44,takeaway,19,2,Bạc Xỉu Foam Dừa,5,"""PHIN"" VIỆT NAM",coffee,cold,1,1,30.7,Cloudy,84,18,4,8
109,108,9,2025-08-22 18:35:44,takeaway,34,2,Matcha Tây Bắc Trân Châu Hoàng Kim,7,MATCHA TÂY BẮC,tea,cold,0,1,30.2,Cloudy,82,18,4,8
431,51,1,2025-08-22 18:08:44,takeaway,4,2,Cappuccino Nóng,1,ESPRESSO,coffee,hot,1,1,28.2,Cloudy,86,18,4,8
471,46,1,2025-08-22 05:57:44,takeaway,16,1,Latte Nóng,3,LATTE,coffee,hot,1,1,27.3,Rainy,80,5,4,8
84,96,8,2025-08-21 23:09:44,takeaway,10,1,A-Mê Thanh Yên,2,AMERICANO,coffee,cold,1,0,29.0,Cloudy,82,23,3,8
84,96,8,2025-08-21 23:09:44,takeaway,55,2,Mochi Kem Matcha,11,BÁNH NGỌT,food,cold,0,1,29.0,Cloudy,82,23,3,8
847,44,7,2025-08-21 08:04:44,delivery,31,1,Matcha Latte Tây Bắc Sữa Yến Mạch (Nóng),7,MATCHA TÂY BẮC,tea,hot,0,1,25.2,Rainy,87,8,3,8
847,44,7,2025-08-21 08:04:44,delivery,17,1,Frappe Matcha Tây Bắc,4,FRAPPE,tea,cold,0,1,25.2,Rainy,87,8,3,8
847,44,7,2025-08-21 08:04:44,delivery,69,2,Salad Cải Xoăn Xốt Yuzu,15,SALAD,food,cold,0,0,25.2,Rainy,87,8,3,8
1256,105,11,2025-08-21 07:36:44,dine-in,21,2,Bạc Xỉu,5,"""PHIN"" VIỆT NAM",coffee,cold,1,1,30.5,Cloudy,82,7,3,8
1177,150,4,2025-08-21 06:57:44,takeaway,6,1,Caramel Macchiato Nóng,1,ESPRESSO,coffee,hot,1,1,30.5,Rainy,83,6,3,8
542,130,10,2025-08-20 22:24:44,dine-in,24,2,Cà Phê Sữa Nóng,5,"""PHIN"" VIỆT NAM",coffee,hot,1,1,30.5,Rainy,83,22,2,8
542,130,10,2025-08-20 22:24:44,dine-in,63,2,Chà Bông Phô Mai,12,BÁNH MẶN,food,room,0,1,30.5,Rainy,83,22,2,8
1141,111,3,2025-08-20 22:09:44,takeaway,6,2,Caramel Macchiato Nóng,1,ESPRESSO,coffee,hot,1,1,27.5,Rainy,78,22,2,8
1141,111,3,2025-08-20 22:09:44,takeaway,61,1,Bánh Mì Que Pate Cột Đèn,12,BÁNH MẶN,food,hot,0,0,27.5,Rainy,78,22,2,8
1141,111,3,2025-08-20 22:09:44,takeaway,31,2,Matcha Latte Tây Bắc Sữa Yến Mạch (Nóng),7,MATCHA TÂY BẮC,tea,hot,0,1,27.5,Rainy,78,22,2,8
88,127,2,2025-08-20 21:41:44,takeaway,32,1,Matcha Latte Tây Bắc Sữa Yến Mạch,7,MATCHA TÂY BẮC,tea,cold,0,1,30.0,Cloudy,81,21,2,8
464,145,6,2025-08-20 20:34:44,dine-in,16,1,Latte Nóng,3,LATTE,coffee,hot,1,1,29.3,Rainy,87,20,2,8
1356,105,4,2025-08-20 08:38:44,dine-in,41,1,Hồng Trà Sữa Nóng,9,TRÀ SỮA,tea,hot,1,1,25.6,Rainy,87,8,2,8
1356,105,4,2025-08-20 08:38:44,dine-in,60,1,Bánh Mì Que Bò Nấm Xốt Bơ,12,BÁNH MẶN,food,hot,0,0,25.6,Rainy,87,8,2,8
1174,146,12,2025-08-20 03:52:44,takeaway,11,1,Americano Nóng,2,AMERICANO,coffee,hot,1,0,28.0,Rainy,83,3,2,8
36,167,11,2025-08-20 03:44:44,delivery,46,1,Chocolate Nóng,10,CHOCOLATE,chocolate,hot,0,1,25.9,Rainy,84,3,2,8
36,167,11,2025-08-20 03:44:44,delivery,59,1,Bánh Mì Que Chà Bông Phô Mai Bơ Cay,12,BÁNH MẶN,food,hot,0,1,25.9,Rainy,84,3,2,8
678,42,1,2025-08-20 02:55:44,dine-in,24,2,Cà Phê Sữa Nóng,5,"""PHIN"" VIỆT NAM",coffee,hot,1,1,26.0,Rainy,86,2,2,8
790,69,6,2025-08-19 19:26:44,takeaway,31,2,Matcha Latte Tây Bắc Sữa Yến Mạch (Nóng),7,MATCHA TÂY BẮC,tea,hot,0,1,25.8,Rainy,83,19,1,8
323,82,11,2025-08-19 08:46:44,takeaway,41,1,Hồng Trà Sữa Nóng,9,TRÀ SỮA,tea,hot,1,1,30.3,Rainy,80,8,1,8
323,82,11,2025-08-19 08:46:44,takeaway,62,1,Croissant trứng muối,12,BÁNH MẶN,food,hot,0,1,30.3,Rainy,80,8,1,8
330,27,7,2025-08-19 08:00:44,delivery,30,2,Matcha Latte Tây Bắc (Nóng),7,MATCHA TÂY BẮC,tea,hot,0,1,28.1,Rainy,82,8,1,8
1214,78,14,2025-08-19 07:06:44,takeaway,31,2,Matcha Latte Tây Bắc Sữa Yến Mạch (Nóng),7,MATCHA TÂY BẮC,tea,hot,0,1,30.0,Rainy,84,7,1,8
1214,78,14,2025-08-19 07:06:44,takeaway,53,1,Mochi Kem Việt Quất,11,BÁNH NGỌT,food,cold,0,1,30.0,Rainy,84,7,1,8
359,10,15,2025-08-19 06:42:44,delivery,21,2,Bạc Xỉu,5,"""PHIN"" VIỆT NAM",coffee,cold,1,1,25.8,Cloudy,86,6,1,8
97,63,1,2025-08-19 06:23:44,dine-in,22,2,Bạc Xỉu Nóng,5,"""PHIN"" VIỆT NAM",coffee,hot,1,1,28.4,Rainy,85,6,1,8
97,63,1,2025-08-19 06:23:44,dine-in,63,2,Chà Bông Phô Mai,12,BÁNH MẶN,food,room,0,1,28.4,Rainy,85,6,1,8
947,28,9,2025-08-19 05:13:44,dine-in,16,1,Latte Nóng,3,LATTE,coffee,hot,1,1,28.1,Rainy,80,5,1,8
1316,56,3,2025-08-19 00:43:44,takeaway,22,2,Bạc Xỉu Nóng,5,"""PHIN"" VIỆT NAM",coffee,hot,1,1,27.2,Rainy,84,0,1,8
1470,52,12,2025-08-19 00:24:44,takeaway,9,2,A-Mê Mơ,2,AMERICANO,coffee,cold,1,0,26.5,Cloudy,87,0,1,8
825,23,15,2025-08-18 18:35:44,dine-in,45,1,Chocolate Đá,10,CHOCOLATE,chocolate,cold,0,1,30.4,Cloudy,85,18,0,8
371,145,12,2025-08-18 06:38:44,takeaway,6,2,Caramel Macchiato Nóng,1,ESPRESSO,coffee,hot,1,1,29.8,Cloudy,83,6,0,8
1363,158,1,2025-08-18 06:22:44,takeaway,46,2,Chocolate Nóng,10,CHOCOLATE,chocolate,hot,0,1,30.8,Rainy,88,6,0,8
828,110,2,2025-08-18 06:15:44,dine-in,44,2,Trà Sữa Oolong BLao,9,TRÀ SỮA,tea,cold,1,1,28.2,Cloudy,82,6,0,8
1181,166,8,2025-08-18 06:09:44,dine-in,45,2,Chocolate Đá,10,CHOCOLATE,chocolate,cold,0,1,28.2,Rainy,87,6,0,8
1181,166,8,2025-08-18 06:09:44,dine-in,18,1,Frappe Chocochip,4,FRAPPE,chocolate,cold,0,1,28.2,Rainy,87,6,0,8
199,115,9,2025-08-18 04:34:44,takeaway,4,2,Cappuccino Nóng,1,ESPRESSO,coffee,hot,1,1,28.8,Rainy,86,4,0,8
1502,169,14,2025-08-18 02:39:44,delivery,29,2,Matcha Latte Tây Bắc,7,MATCHA TÂY BẮC,tea,cold,0,1,28.8,Cloudy,79,2,0,8
907,158,14,2025-08-18 01:39:44,dine-in,41,2,Hồng Trà Sữa Nóng,9,TRÀ SỮA,tea,hot,1,1,30.0,Rainy,85,1,0,8
907,158,14,2025-08-18 01:39:44,dine-in,63,2,Chà Bông Phô Mai,12,BÁNH MẶN,food,room,0,1,30.0,Rainy,85,1,0,8
1030,138,14,2025-08-18 00:11:44,takeaway,5,2,Caramel Macchiato Đá,1,ESPRESSO,coffee,cold,1,1,29.6,Cloudy,87,0,0,8
1413,168,7,2025-08-17 21:37:44,takeaway,24,1,Cà Phê Sữa Nóng,5,"""PHIN"" VIỆT NAM",coffee,hot,1,1,27.1,Rainy,87,21,6,8
602,37,11,2025-08-17 20:58:44,takeaway,32,2,Matcha Latte Tây Bắc Sữa Yến Mạch,7,MATCHA TÂY BẮC,tea,cold,0,1,30.9,Cloudy,82,20,6,8
602,37,11,2025-08-17 20:58:44,takeaway,58,2,Butter Croissant,12,BÁNH MẶN,food,room,0,1,30.9,Cloudy,82,20,6,8
602,37,11,2025-08-17 20:58:44,takeaway,26,2,Cà Phê Sữa Đá,5,"""PHIN"" VIỆT NAM",coffee,cold,1,1,30.9,Cloudy,82,20,6,8
177,20,13,2025-08-17 20:13:44,takeaway,30,2,Matcha Latte Tây Bắc (Nóng),7,MATCHA TÂY BẮC,tea,hot,0,1,28.9,Rainy,79,20,6,8
746,23,7,2025-08-17 18:18:44,delivery,22,2,Bạc Xỉu Nóng,5,"""PHIN"" VIỆT NAM",coffee,hot,1,1,29.6,Cloudy,87,18,6,8
551,137,10,2025-08-17 05:54:44,takeaway,44,2,Trà Sữa Oolong BLao,9,TRÀ SỮA,tea,cold,1,1,29.9,Cloudy,86,5,6,8
551,137,10,2025-08-17 05:54:44,takeaway,61,1,Bánh Mì Que Pate Cột Đèn,12,BÁNH MẶN,food,hot,0,0,29.9,Cloudy,86,5,6,8
595,131,13,2025-08-17 04:34:44,takeaway,30,2,Matcha Latte Tây Bắc (Nóng),7,MATCHA TÂY BẮC,tea,hot,0,1,29.4,Rainy,86,4,6,8
595,131,13,2025-08-17 04:34:44,takeaway,60,2,Bánh Mì Que Bò Nấm Xốt Bơ,12,BÁNH MẶN,food,hot,0,0,29.4,Rainy,86,4,6,8
307,28,7,2025-08-17 04:18:44,takeaway,16,2,Latte Nóng,3,LATTE,coffee,hot,1,1,26.2,Rainy,78,4,6,8
727,126,14,2025-08-17 00:46:44,delivery,23,1,Cà Phê Đen Nóng,5,"""PHIN"" VIỆT NAM",coffee,hot,1,0,25.8,Cloudy,87,0,6,8
1086,105,7,2025-08-16 20:38:44,dine-in,23,1,Cà Phê Đen Nóng,5,"""PHIN"" VIỆT NAM",coffee,hot,1,0,25.5,Rainy,84,20,5,8
1079,20,5,2025-08-16 08:51:44,takeaway,7,1,A-Mê Classic,2,AMERICANO,coffee,cold,1,0,30.3,Cloudy,85,8,5,8
1273,43,9,2025-08-16 07:14:44,takeaway,9,2,A-Mê Mơ,2,AMERICANO,coffee,cold,1,0,29.7,Cloudy,82,7,5,8
886,106,9,2025-08-16 04:17:44,takeaway,28,1,Cold Brew Kim Quất,6,COLD BREW,coffee,cold,1,0,27.6,Cloudy,80,4,5,8
1303,105,9,2025-08-16 03:55:44,takeaway,40,1,Trà Sữa Oolong Tứ Quý Sương Sáo,9,TRÀ SỮA,tea,cold,1,1,27.2,Cloudy,87,3,5,8
566,108,9,2025-08-15 23:17:44,dine-in,44,1,Trà Sữa Oolong BLao,9,TRÀ SỮA,tea,cold,1,1,28.1,Cloudy,88,23,4,8
138,80,10,2025-08-15 22:18:44,dine-in,27,2,Cold Brew Truyền Thống,6,COLD BREW,coffee,cold,1,0,26.7,Cloudy,84,22,4,8
43,145,14,2025-08-15 19:16:44,dine-in,41,2,Hồng Trà Sữa Nóng,9,TRÀ SỮA,tea,hot,1,1,26.6,Rainy,81,19,4,8
1227,95,5,2025-08-15 18:35:44,takeaway,45,2,Chocolate Đá,10,CHOCOLATE,chocolate,cold,0,1,25.7,Rainy,87,18,4,8
284,153,2,2025-08-15 08:54:44,takeaway,36,2,Trà Đào Cam Sả - Đá,8,TRÀ TRÁI CÂY,tea,cold,1,0,26.5,Cloudy,78,8,4,8
1442,85,10,2025-08-15 05:46:44,dine-in,15,2,Latte Hazelnut,3,LATTE,coffee,cold,1,1,30.4,Cloudy,86,5,4,8
1442,85,10,2025-08-15 05:46:44,dine-in,63,1,Chà Bông Phô Mai,12,BÁNH MẶN,food,room,0,1,30.4,Cloudy,86,5,4,8
447,25,4,2025-08-14 22:10:44,delivery,8,1,A-Mê Đào,2,AMERICANO,coffee,cold,1,0,28.0,Cloudy,86,22,3,8
844,25,15,2025-08-14 21:15:44,delivery,22,2,Bạc Xỉu Nóng,5,"""PHIN"" VIỆT NAM",coffee,hot,1,1,28.8,Rainy,78,21,3,8
200,114,15,2025-08-14 18:14:44,dine-in,35,1,Trà Đào Cam Sả - Nóng,8,TRÀ TRÁI CÂY,tea,hot,1,0,29.9,Rainy,88,18,3,8
709,80,10,2025-08-14 09:01:44,dine-in,23,1,Cà Phê Đen Nóng,5,"""PHIN"" VIỆT NAM",coffee,hot,1,0,29.3,Rainy,85,9,3,8
709,80,10,2025-08-14 09:01:44,dine-in,55,2,Mochi Kem Matcha,11,BÁNH NGỌT,food,cold,0,1,29.3,Rainy,85,9,3,8
1503,156,8,2025-08-14 08:07:44,takeaway,46,2,Chocolate Nóng,10,CHOCOLATE,chocolate,hot,0,1,30.2,Rainy,87,8,3,8
1503,156,8,2025-08-14 08:07:44,takeaway,16,1,Latte Nóng,3,LATTE,coffee,hot,1,1,30.2,Rainy,87,8,3,8
325,156,14,2025-08-13 01:08:44,dine-in,24,2,Cà Phê Sữa Nóng,5,"""PHIN"" VIỆT NAM",coffee,hot,1,1,27.4,Rainy,84,1,2,8
1045,136,11,2025-08-12 22:50:44,takeaway,10,1,A-Mê Thanh Yên,2,AMERICANO,coffee,cold,1,0,27.2,Cloudy,80,22,1,8
1282,153,9,2025-08-12 22:20:44,takeaway,36,1,Trà Đào Cam Sả - Đá,8,TRÀ TRÁI CÂY,tea,cold,1,0,30.8,Cloudy,88,22,1,8
1282,153,9,2025-08-12 22:20:44,takeaway,57,1,Mousse Gấu Chocolate,11,BÁNH NGỌT,food,cold,0,1,30.8,Cloudy,88,22,1,8
576,37,13,2025-08-12 19:31:44,dine-in,20,2,Bạc Xỉu Caramel Muối,5,"""PHIN"" VIỆT NAM",coffee,cold,1,1,29.3,Cloudy,79,19,1,8
526,12,10,2025-08-12 07:14:44,takeaway,4,2,Cappuccino Nóng,1,ESPRESSO,coffee,hot,1,1,29.3,Rainy,88,7,1,8
657,163,14,2025-08-12 05:46:44,dine-in,15,2,Latte Hazelnut,3,LATTE,coffee,cold,1,1,30.7,Cloudy,85,5,1,8
931,71,9,2025-08-11 19:37:44,takeaway,8,1,A-Mê Đào,2,AMERICANO,coffee,cold,1,0,25.7,Cloudy,81,19,0,8
796,167,4,2025-08-11 18:32:44,dine-in,11,1,Americano Nóng,2,AMERICANO,coffee,hot,1,0,30.6,Rainy,79,18,0,8
1209,20,9,2025-08-11 04:44:44,delivery,24,1,Cà Phê Sữa Nóng,5,"""PHIN"" VIỆT NAM",coffee,hot,1,1,27.4,Cloudy,88,4,0,8
565,103,12,2025-08-11 02:35:44,delivery,1,2,Espresso Nóng,1,ESPRESSO,coffee,hot,1,0,28.9,Rainy,78,2,0,8
1088,96,14,2025-08-10 22:09:44,delivery,12,2,Latte Hạnh Nhân,3,LATTE,coffee,cold,1,1,26.7,Cloudy,78,22,6,8
898,20,3,2025-08-10 21:29:44,takeaway,46,2,Chocolate Nóng,10,CHOCOLATE,chocolate,hot,0,1,27.5,Rainy,85,21,6,8
898,20,3,2025-08-10 21:29:44,takeaway,58,2,Butter Croissant,12,BÁNH MẶN,food,room,0,1,27.5,Rainy,85,21,6,8
1062,158,3,2025-08-10 21:21:44,dine-in,18,2,Frappe Chocochip,4,FRAPPE,chocolate,cold,0,1,27.5,Rainy,80,21,6,8
1062,158,3,2025-08-10 21:21:44,dine-in,60,1,Bánh Mì Que Bò Nấm Xốt Bơ,12,BÁNH MẶN,food,hot,0,0,27.5,Rainy,80,21,6,8
1046,146,7,2025-08-10 08:35:44,dine-in,17,2,Frappe Matcha Tây Bắc,4,FRAPPE,tea,cold,0,1,28.6,Rainy,79,8,6,8
1046,146,7,2025-08-10 08:35:44,dine-in,63,1,Chà Bông Phô Mai,12,BÁNH MẶN,food,room,0,1,28.6,Rainy,79,8,6,8
496,90,7,2025-08-10 06:37:44,dine-in,38,2,Oolong Tứ Quý Sen,8,TRÀ TRÁI CÂY,tea,cold,1,1,28.0,Cloudy,78,6,6,8
1259,100,1,2025-08-10 05:09:44,delivery,6,1,Caramel Macchiato Nóng,1,ESPRESSO,coffee,hot,1,1,27.3,Rainy,81,5,6,8
531,55,1,2025-08-10 04:44:44,takeaway,2,1,Espresso Đá,1,ESPRESSO,coffee,cold,1,0,26.4,Cloudy,80,4,6,8
308,84,1,2025-08-10 00:20:44,takeaway,14,2,Latte Bạc Xỉu,3,LATTE,coffee,cold,1,1,25.2,Cloudy,78,0,6,8
89,112,11,2025-08-09 19:18:44,delivery,30,1,Matcha Latte Tây Bắc (Nóng),7,MATCHA TÂY BẮC,tea,hot,0,1,28.4,Rainy,81,19,5,8
1319,50,11,2025-08-09 18:53:44,delivery,39,2,Trà Sữa Oolong Nướng Sương Sáo,9,TRÀ SỮA,tea,cold,1,1,28.9,Cloudy,86,18,5,8
1319,50,11,2025-08-09 18:53:44,delivery,62,2,Croissant trứng muối,12,BÁNH MẶN,food,hot,0,1,28.9,Cloudy,86,18,5,8
728,92,14,2025-08-09 08:54:44,dine-in,9,1,A-Mê Mơ,2,AMERICANO,coffee,cold,1,0,30.2,Cloudy,80,8,5,8
1315,115,15,2025-08-09 07:36:44,delivery,45,2,Chocolate Đá,10,CHOCOLATE,chocolate,cold,0,1,28.0,Rainy,78,7,5,8
1315,115,15,2025-08-09 07:36:44,delivery,56,1,Mousse Tiramisu,11,BÁNH NGỌT,food,cold,1,1,28.0,Rainy,78,7,5,8
1384,106,15,2025-08-09 00:05:44,delivery,44,1,Trà Sữa Oolong BLao,9,TRÀ SỮA,tea,cold,1,1,25.3,Cloudy,82,0,5,8
265,163,15,2025-08-08 22:37:44,dine-in,35,1,Trà Đào Cam Sả - Nóng,8,TRÀ TRÁI CÂY,tea,hot,1,0,27.4,Rainy,83,22,4,8
265,163,15,2025-08-08 22:37:44,dine-in,63,1,Chà Bông Phô Mai,12,BÁNH MẶN,food,room,0,1,27.4,Rainy,83,22,4,8
1124,135,7,2025-08-08 08:57:44,delivery,28,1,Cold Brew Kim Quất,6,COLD BREW,coffee,cold,1,0,29.5,Cloudy,87,8,4,8
653,149,12,2025-08-08 06:15:44,dine-in,38,1,Oolong Tứ Quý Sen,8,TRÀ TRÁI CÂY,tea,cold,1,1,29.4,Cloudy,88,6,4,8
696,36,8,2025-08-08 04:40:44,delivery,7,2,A-Mê Classic,2,AMERICANO,coffee,cold,1,0,28.1,Cloudy,84,4,4,8
1367,42,13,2025-08-08 03:41:44,delivery,7,2,A-Mê Classic,2,AMERICANO,coffee,cold,1,0,25.9,Cloudy,88,3,4,8
1367,42,13,2025-08-08 03:41:44,delivery,47,2,Butter Croissant Sữa Đặc,11,BÁNH NGỌT,food,room,0,1,25.9,Cloudy,88,3,4,8
1108,24,10,2025-08-08 01:38:44,dine-in,15,1,Latte Hazelnut,3,LATTE,coffee,cold,1,1,29.5,Cloudy,83,1,4,8
99,152,7,2025-08-07 23:04:44,takeaway,13,1,Latte Classic,3,LATTE,coffee,cold,1,1,25.5,Cloudy,86,23,3,8
99,152,7,2025-08-07 23:04:44,takeaway,60,1,Bánh Mì Que Bò Nấm Xốt Bơ,12,BÁNH MẶN,food,hot,0,0,25.5,Cloudy,86,23,3,8
99,152,7,2025-08-07 23:04:44,takeaway,11,2,Americano Nóng,2,AMERICANO,coffee,hot,1,0,25.5,Cloudy,86,23,3,8
216,140,13,2025-08-07 22:56:44,takeaway,45,2,Chocolate Đá,10,CHOCOLATE,chocolate,cold,0,1,29.6,Rainy,78,22,3,8
1313,143,12,2025-08-07 21:16:44,delivery,6,2,Caramel Macchiato Nóng,1,ESPRESSO,coffee,hot,1,1,29.8,Rainy,79,21,3,8
536,18,5,2025-08-07 06:38:44,delivery,1,2,Espresso Nóng,1,ESPRESSO,coffee,hot,1,0,25.5,Rainy,82,6,3,8
499,125,10,2025-08-07 05:13:44,dine-in,24,1,Cà Phê Sữa Nóng,5,"""PHIN"" VIỆT NAM",coffee,hot,1,1,30.1,Rainy,81,5,3,8
1478,29,4,2025-08-06 21:59:44,delivery,6,1,Caramel Macchiato Nóng,1,ESPRESSO,coffee,hot,1,1,27.2,Rainy,88,21,2,8
1478,29,4,2025-08-06 21:59:44,delivery,55,1,Mochi Kem Matcha,11,BÁNH NGỌT,food,cold,0,1,27.2,Rainy,88,21,2,8
978,44,3,2025-08-06 21:25:44,delivery,46,2,Chocolate Nóng,10,CHOCOLATE,chocolate,hot,0,1,28.0,Rainy,82,21,2,8
1414,105,1,2025-08-06 06:58:44,delivery,6,2,Caramel Macchiato Nóng,1,ESPRESSO,coffee,hot,1,1,30.0,Rainy,86,6,2,8
1414,105,1,2025-08-06 06:58:44,delivery,62,2,Croissant trứng muối,12,BÁNH MẶN,food,hot,0,1,30.0,Rainy,86,6,2,8
463,84,12,2025-08-06 04:20:44,delivery,30,2,Matcha Latte Tây Bắc (Nóng),7,MATCHA TÂY BẮC,tea,hot,0,1,25.7,Rainy,85,4,2,8
433,116,15,2025-08-06 03:47:44,dine-in,38,1,Oolong Tứ Quý Sen,8,TRÀ TRÁI CÂY,tea,cold,1,1,25.7,Cloudy,81,3,2,8
124,70,2,2025-08-06 03:02:44,dine-in,1,2,Espresso Nóng,1,ESPRESSO,coffee,hot,1,0,29.9,Rainy,78,3,2,8
126,115,13,2025-08-06 02:16:44,dine-in,11,1,Americano Nóng,2,AMERICANO,coffee,hot,1,0,26.6,Cloudy,84,2,2,8
126,115,13,2025-08-06 02:16:44,dine-in,62,1,Croissant trứng muối,12,BÁNH MẶN,food,hot,0,1,26.6,Cloudy,84,2,2,8
426,69,14,2025-08-06 01:16:44,dine-in,4,2,Cappuccino Nóng,1,ESPRESSO,coffee,hot,1,1,26.1,Rainy,88,1,2,8
54,37,9,2025-08-06 00:42:44,takeaway,25,1,Cà Phê Đen Đá,5,"""PHIN"" VIỆT NAM",coffee,cold,1,0,29.1,Cloudy,81,0,2,8
765,19,14,2025-08-06 00:34:44,takeaway,4,2,Cappuccino Nóng,1,ESPRESSO,coffee,hot,1,1,25.6,Rainy,81,0,2,8
765,19,14,2025-08-06 00:34:44,takeaway,47,2,Butter Croissant Sữa Đặc,11,BÁNH NGỌT,food,room,0,1,25.6,Rainy,81,0,2,8
1137,168,7,2025-08-06 00:18:44,dine-in,9,2,A-Mê Mơ,2,AMERICANO,coffee,cold,1,0,29.1,Cloudy,86,0,2,8
935,167,5,2025-08-05 21:35:44,dine-in,4,1,Cappuccino Nóng,1,ESPRESSO,coffee,hot,1,1,30.7,Rainy,78,21,1,8
935,167,5,2025-08-05 21:35:44,dine-in,62,1,Croissant trứng muối,12,BÁNH MẶN,food,hot,0,1,30.7,Rainy,78,21,1,8
831,69,7,2025-08-05 08:07:44,delivery,46,1,Chocolate Nóng,10,CHOCOLATE,chocolate,hot,0,1,30.9,Rainy,78,8,1,8
1238,166,9,2025-08-05 06:59:44,delivery,11,2,Americano Nóng,2,AMERICANO,coffee,hot,1,0,25.2,Rainy,87,6,1,8
111,39,8,2025-08-05 06:35:44,dine-in,43,2,Trà Đen Macchiato,9,TRÀ SỮA,tea,cold,1,1,28.0,Cloudy,81,6,1,8
1382,151,7,2025-08-05 01:11:44,dine-in,24,2,Cà Phê Sữa Nóng,5,"""PHIN"" VIỆT NAM",coffee,hot,1,1,29.0,Cloudy,81,1,1,8
248,126,3,2025-08-04 19:25:44,takeaway,1,2,Espresso Nóng,1,ESPRESSO,coffee,hot,1,0,30.0,Cloudy,86,19,0,8
1100,119,6,2025-08-04 07:49:44,takeaway,24,2,Cà Phê Sữa Nóng,5,"""PHIN"" VIỆT NAM",coffee,hot,1,1,27.4,Rainy,79,7,0,8
1100,119,6,2025-08-04 07:49:44,takeaway,46,2,Chocolate Nóng,10,CHOCOLATE,chocolate,hot,0,1,27.4,Rainy,79,7,0,8
302,91,13,2025-08-04 06:39:44,takeaway,4,2,Cappuccino Nóng,1,ESPRESSO,coffee,hot,1,1,26.6,Rainy,84,6,0,8
321,100,15,2025-08-04 06:35:44,delivery,41,1,Hồng Trà Sữa Nóng,9,TRÀ SỮA,tea,hot,1,1,26.0,Rainy,87,6,0,8
1399,105,13,2025-08-04 05:30:44,dine-in,30,1,Matcha Latte Tây Bắc (Nóng),7,MATCHA TÂY BẮC,tea,hot,0,1,26.7,Rainy,83,5,0,8
1399,105,13,2025-08-04 05:30:44,dine-in,59,2,Bánh Mì Que Chà Bông Phô Mai Bơ Cay,12,BÁNH MẶN,food,hot,0,1,26.7,Rainy,83,5,0,8
1399,105,13,2025-08-04 05:30:44,dine-in,45,2,Chocolate Đá,10,CHOCOLATE,chocolate,cold,0,1,26.7,Rainy,83,5,0,8
129,126,12,2025-08-04 01:05:44,takeaway,13,2,Latte Classic,3,LATTE,coffee,cold,1,1,30.1,Cloudy,84,1,0,8
688,166,13,2025-08-04 00:20:44,takeaway,22,1,Bạc Xỉu Nóng,5,"""PHIN"" VIỆT NAM",coffee,hot,1,1,28.4,Rainy,81,0,0,8
218,115,1,2025-08-03 08:39:44,dine-in,39,1,Trà Sữa Oolong Nướng Sương Sáo,9,TRÀ SỮA,tea,cold,1,1,28.3,Cloudy,82,8,6,8
785,100,6,2025-08-03 08:27:44,dine-in,14,2,Latte Bạc Xỉu,3,LATTE,coffee,cold,1,1,26.4,Cloudy,88,8,6,8
752,166,3,2025-08-03 04:45:44,takeaway,45,1,Chocolate Đá,10,CHOCOLATE,chocolate,cold,0,1,29.9,Cloudy,78,4,6,8
1207,82,13,2025-08-03 03:02:44,takeaway,18,2,Frappe Chocochip,4,FRAPPE,chocolate,cold,0,1,28.0,Rainy,86,3,6,8
64,129,7,2025-08-02 09:02:44,takeaway,43,2,Trà Đen Macchiato,9,TRÀ SỮA,tea,cold,1,1,29.8,Cloudy,88,9,5,8
98,41,7,2025-08-02 07:04:44,takeaway,29,2,Matcha Latte Tây Bắc,7,MATCHA TÂY BẮC,tea,cold,0,1,29.1,Cloudy,87,7,5,8
98,41,7,2025-08-02 07:04:44,takeaway,59,1,Bánh Mì Que Chà Bông Phô Mai Bơ Cay,12,BÁNH MẶN,food,hot,0,1,29.1,Cloudy,87,7,5,8
247,121,8,2025-08-02 03:38:44,takeaway,18,1,Frappe Chocochip,4,FRAPPE,chocolate,cold,0,1,29.0,Rainy,86,3,5,8
739,36,11,2025-08-02 00:04:44,delivery,43,1,Trà Đen Macchiato,9,TRÀ SỮA,tea,cold,1,1,27.1,Cloudy,86,0,5,8
739,36,11,2025-08-02 00:04:44,delivery,63,1,Chà Bông Phô Mai,12,BÁNH MẶN,food,room,0,1,27.1,Cloudy,86,0,5,8
739,36,11,2025-08-02 00:04:44,delivery,44,1,Trà Sữa Oolong BLao,9,TRÀ SỮA,tea,cold,1,1,27.1,Cloudy,86,0,5,8
1337,41,10,2025-08-01 21:32:44,dine-in,9,2,A-Mê Mơ,2,AMERICANO,coffee,cold,1,0,25.3,Cloudy,83,21,4,8
744,87,12,2025-08-01 18:27:44,delivery,2,1,Espresso Đá,1,ESPRESSO,coffee,cold,1,0,26.4,Cloudy,80,18,4,8
1237,41,2,2025-08-01 07:54:44,dine-in,5,1,Caramel Macchiato Đá,1,ESPRESSO,coffee,cold,1,1,27.8,Cloudy,86,7,4,8
700,76,3,2025-08-01 07:52:44,takeaway,8,2,A-Mê Đào,2,AMERICANO,coffee,cold,1,0,29.9,Cloudy,79,7,4,8
1424,11,6,2025-08-01 05:57:44,dine-in,46,1,Chocolate Nóng,10,CHOCOLATE,chocolate,hot,0,1,29.7,Rainy,87,5,4,8
1424,11,6,2025-08-01 05:57:44,dine-in,56,1,Mousse Tiramisu,11,BÁNH NGỌT,food,cold,1,1,29.7,Rainy,87,5,4,8
641,115,8,2025-08-01 05:29:44,dine-in,22,2,Bạc Xỉu Nóng,5,"""PHIN"" VIỆT NAM",coffee,hot,1,1,27.7,Rainy,81,5,4,8
1127,100,13,2025-08-01 04:38:44,takeaway,2,1,Espresso Đá,1,ESPRESSO,coffee,cold,1,0,25.2,Cloudy,83,4,4,8
926,39,12,2025-08-01 00:46:44,dine-in,46,2,Chocolate Nóng,10,CHOCOLATE,chocolate,hot,0,1,25.1,Rainy,87,0,4,8
1123,23,15,2025-07-31 23:38:44,dine-in,42,1,Hồng Trà Sữa Trân Châu,9,TRÀ SỮA,tea,cold,1,1,25.1,Cloudy,82,23,3,7
1039,51,11,2025-07-31 22:57:44,takeaway,11,2,Americano Nóng,2,AMERICANO,coffee,hot,1,0,27.2,Rainy,80,22,3,7
1039,51,11,2025-07-31 22:57:44,takeaway,62,1,Croissant trứng muối,12,BÁNH MẶN,food,hot,0,1,27.2,Rainy,80,22,3,7
808,41,6,2025-07-31 21:04:44,takeaway,16,1,Latte Nóng,3,LATTE,coffee,hot,1,1,28.1,Cloudy,85,21,3,7
1396,121,15,2025-07-31 19:20:44,dine-in,27,1,Cold Brew Truyền Thống,6,COLD BREW,coffee,cold,1,0,30.1,Cloudy,80,19,3,7
1396,121,15,2025-07-31 19:20:44,dine-in,58,2,Butter Croissant,12,BÁNH MẶN,food,room,0,1,30.1,Cloudy,80,19,3,7
810,43,11,2025-07-31 08:02:44,takeaway,23,2,Cà Phê Đen Nóng,5,"""PHIN"" VIỆT NAM",coffee,hot,1,0,28.6,Cloudy,88,8,3,7
810,43,11,2025-07-31 08:02:44,takeaway,60,2,Bánh Mì Que Bò Nấm Xốt Bơ,12,BÁNH MẶN,food,hot,0,0,28.6,Cloudy,88,8,3,7
810,43,11,2025-07-31 08:02:44,takeaway,14,1,Latte Bạc Xỉu,3,LATTE,coffee,cold,1,1,28.6,Cloudy,88,8,3,7
1080,77,11,2025-07-31 06:46:44,dine-in,41,2,Hồng Trà Sữa Nóng,9,TRÀ SỮA,tea,hot,1,1,27.6,Rainy,78,6,3,7
375,114,10,2025-07-31 06:40:44,takeaway,24,2,Cà Phê Sữa Nóng,5,"""PHIN"" VIỆT NAM",coffee,hot,1,1,29.5,Cloudy,83,6,3,7
484,83,5,2025-07-31 05:55:44,dine-in,27,2,Cold Brew Truyền Thống,6,COLD BREW,coffee,cold,1,0,25.3,Cloudy,81,5,3,7
628,98,1,2025-07-31 05:29:44,takeaway,6,2,Caramel Macchiato Nóng,1,ESPRESSO,coffee,hot,1,1,28.4,Rainy,81,5,3,7
877,86,2,2025-07-31 05:20:44,takeaway,25,1,Cà Phê Đen Đá,5,"""PHIN"" VIỆT NAM",coffee,cold,1,0,30.6,Cloudy,83,5,3,7
1151,46,1,2025-07-31 05:05:44,dine-in,10,1,A-Mê Thanh Yên,2,AMERICANO,coffee,cold,1,0,26.8,Cloudy,86,5,3,7
1151,46,1,2025-07-31 05:05:44,dine-in,63,2,Chà Bông Phô Mai,12,BÁNH MẶN,food,room,0,1,26.8,Cloudy,86,5,3,7
1198,41,6,2025-07-31 05:05:44,delivery,23,2,Cà Phê Đen Nóng,5,"""PHIN"" VIỆT NAM",coffee,hot,1,0,27.8,Rainy,85,5,3,7
1198,41,6,2025-07-31 05:05:44,delivery,63,2,Chà Bông Phô Mai,12,BÁNH MẶN,food,room,0,1,27.8,Rainy,85,5,3,7
1353,100,12,2025-07-31 04:53:44,takeaway,1,2,Espresso Nóng,1,ESPRESSO,coffee,hot,1,0,25.0,Rainy,88,4,3,7
1104,119,8,2025-07-31 03:14:44,takeaway,36,1,Trà Đào Cam Sả - Đá,8,TRÀ TRÁI CÂY,tea,cold,1,0,30.4,Cloudy,82,3,3,7
1104,119,8,2025-07-31 03:14:44,takeaway,58,2,Butter Croissant,12,BÁNH MẶN,food,room,0,1,30.4,Cloudy,82,3,3,7
949,24,4,2025-07-31 02:50:44,dine-in,11,2,Americano Nóng,2,AMERICANO,coffee,hot,1,0,27.1,Cloudy,87,2,3,7
1506,25,2,2025-07-31 02:50:44,takeaway,1,2,Espresso Nóng,1,ESPRESSO,coffee,hot,1,0,27.5,Rainy,80,2,3,7
162,51,5,2025-07-31 02:15:44,delivery,1,2,Espresso Nóng,1,ESPRESSO,coffee,hot,1,0,29.1,Cloudy,80,2,3,7
162,51,5,2025-07-31 02:15:44,delivery,59,1,Bánh Mì Que Chà Bông Phô Mai Bơ Cay,12,BÁNH MẶN,food,hot,0,1,29.1,Cloudy,80,2,3,7
1068,151,15,2025-07-31 01:14:44,dine-in,25,1,Cà Phê Đen Đá,5,"""PHIN"" VIỆT NAM",coffee,cold,1,0,28.7,Cloudy,85,1,3,7
75,106,6,2025-07-31 00:44:44,dine-in,2,2,Espresso Đá,1,ESPRESSO,coffee,cold,1,0,30.7,Cloudy,85,0,3,7
1434,23,4,2025-07-31 00:14:44,delivery,12,1,Latte Hạnh Nhân,3,LATTE,coffee,cold,1,1,27.0,Cloudy,83,0,3,7
1434,23,4,2025-07-31 00:14:44,delivery,63,2,Chà Bông Phô Mai,12,BÁNH MẶN,food,room,0,1,27.0,Cloudy,83,0,3,7
780,60,4,2025-07-30 22:10:44,takeaway,1,2,Espresso Nóng,1,ESPRESSO,coffee,hot,1,0,26.8,Rainy,84,22,2,7
292,10,12,2025-07-30 22:07:44,takeaway,40,2,Trà Sữa Oolong Tứ Quý Sương Sáo,9,TRÀ SỮA,tea,cold,1,1,29.4,Cloudy,84,22,2,7
715,125,1,2025-07-30 08:34:44,takeaway,45,1,Chocolate Đá,10,CHOCOLATE,chocolate,cold,0,1,28.2,Cloudy,85,8,2,7
715,125,1,2025-07-30 08:34:44,takeaway,61,2,Bánh Mì Que Pate Cột Đèn,12,BÁNH MẶN,food,hot,0,0,28.2,Cloudy,85,8,2,7
1063,126,14,2025-07-30 05:41:44,takeaway,4,1,Cappuccino Nóng,1,ESPRESSO,coffee,hot,1,1,29.0,Cloudy,84,5,2,7
309,91,9,2025-07-30 05:24:44,delivery,46,2,Chocolate Nóng,10,CHOCOLATE,chocolate,hot,0,1,28.5,Rainy,83,5,2,7
309,91,9,2025-07-30 05:24:44,delivery,61,1,Bánh Mì Que Pate Cột Đèn,12,BÁNH MẶN,food,hot,0,0,28.5,Rainy,83,5,2,7
1491,24,13,2025-07-30 05:04:44,takeaway,11,1,Americano Nóng,2,AMERICANO,coffee,hot,1,0,26.6,Rainy,80,5,2,7
1491,24,13,2025-07-30 05:04:44,takeaway,61,2,Bánh Mì Que Pate Cột Đèn,12,BÁNH MẶN,food,hot,0,0,26.6,Rainy,80,5,2,7
1491,24,13,2025-07-30 05:04:44,takeaway,45,1,Chocolate Đá,10,CHOCOLATE,chocolate,cold,0,1,26.6,Rainy,80,5,2,7
401,36,7,2025-07-30 04:00:44,dine-in,6,2,Caramel Macchiato Nóng,1,ESPRESSO,coffee,hot,1,1,27.0,Rainy,80,4,2,7
872,153,3,2025-07-29 22:42:44,takeaway,34,1,Matcha Tây Bắc Trân Châu Hoàng Kim,7,MATCHA TÂY BẮC,tea,cold,0,1,29.9,Cloudy,79,22,1,7
1311,32,14,2025-07-29 18:11:44,dine-in,18,1,Frappe Chocochip,4,FRAPPE,chocolate,cold,0,1,25.5,Rainy,87,18,1,7
1311,32,14,2025-07-29 18:11:44,dine-in,47,2,Butter Croissant Sữa Đặc,11,BÁNH NGỌT,food,room,0,1,25.5,Rainy,87,18,1,7
1084,115,15,2025-07-29 07:48:44,delivery,16,2,Latte Nóng,3,LATTE,coffee,hot,1,1,26.4,Rainy,86,7,1,7
1084,115,15,2025-07-29 07:48:44,delivery,58,1,Butter Croissant,12,BÁNH MẶN,food,room,0,1,26.4,Rainy,86,7,1,7
271,145,9,2025-07-29 05:11:44,takeaway,14,2,Latte Bạc Xỉu,3,LATTE,coffee,cold,1,1,30.6,Cloudy,84,5,1,7
252,91,9,2025-07-29 02:18:44,dine-in,20,1,Bạc Xỉu Caramel Muối,5,"""PHIN"" VIỆT NAM",coffee,cold,1,1,27.5,Cloudy,82,2,1,7
1436,89,3,2025-07-29 01:43:44,takeaway,4,2,Cappuccino Nóng,1,ESPRESSO,coffee,hot,1,1,25.4,Rainy,85,1,1,7
351,138,9,2025-07-29 01:03:44,takeaway,46,2,Chocolate Nóng,10,CHOCOLATE,chocolate,hot,0,1,29.5,Rainy,80,1,1,7
668,139,9,2025-07-28 23:46:44,takeaway,4,2,Cappuccino Nóng,1,ESPRESSO,coffee,hot,1,1,25.4,Cloudy,86,23,0,7
901,25,14,2025-07-28 19:44:44,delivery,6,1,Caramel Macchiato Nóng,1,ESPRESSO,coffee,hot,1,1,29.7,Rainy,83,19,0,7
901,25,14,2025-07-28 19:44:44,delivery,50,2,Mít Sấy,11,BÁNH NGỌT,food,room,0,0,29.7,Rainy,83,19,0,7
1131,94,1,2025-07-28 03:29:44,takeaway,6,2,Caramel Macchiato Nóng,1,ESPRESSO,coffee,hot,1,1,25.0,Rainy,87,3,0,7
1131,94,1,2025-07-28 03:29:44,takeaway,61,2,Bánh Mì Que Pate Cột Đèn,12,BÁNH MẶN,food,hot,0,0,25.0,Rainy,87,3,0,7
1131,94,1,2025-07-28 03:29:44,takeaway,1,2,Espresso Nóng,1,ESPRESSO,coffee,hot,1,0,25.0,Rainy,87,3,0,7
642,139,15,2025-07-28 03:13:44,dine-in,41,2,Hồng Trà Sữa Nóng,9,TRÀ SỮA,tea,hot,1,1,25.0,Rainy,83,3,0,7
642,139,15,2025-07-28 03:13:44,dine-in,58,1,Butter Croissant,12,BÁNH MẶN,food,room,0,1,25.0,Rainy,83,3,0,7
710,121,3,2025-07-28 02:06:44,takeaway,40,1,Trà Sữa Oolong Tứ Quý Sương Sáo,9,TRÀ SỮA,tea,cold,1,1,26.1,Cloudy,88,2,0,7
710,121,3,2025-07-28 02:06:44,takeaway,63,1,Chà Bông Phô Mai,12,BÁNH MẶN,food,room,0,1,26.1,Cloudy,88,2,0,7
710,121,3,2025-07-28 02:06:44,takeaway,43,1,Trà Đen Macchiato,9,TRÀ SỮA,tea,cold,1,1,26.1,Cloudy,88,2,0,7
220,109,12,2025-07-27 22:36:44,takeaway,9,1,A-Mê Mơ,2,AMERICANO,coffee,cold,1,0,29.8,Cloudy,81,22,6,7
220,109,12,2025-07-27 22:36:44,takeaway,60,1,Bánh Mì Que Bò Nấm Xốt Bơ,12,BÁNH MẶN,food,hot,0,0,29.8,Cloudy,81,22,6,7
419,146,11,2025-07-27 20:39:44,takeaway,11,1,Americano Nóng,2,AMERICANO,coffee,hot,1,0,26.4,Rainy,78,20,6,7
419,146,11,2025-07-27 20:39:44,takeaway,61,2,Bánh Mì Que Pate Cột Đèn,12,BÁNH MẶN,food,hot,0,0,26.4,Rainy,78,20,6,7
632,36,7,2025-07-27 19:18:44,takeaway,1,2,Espresso Nóng,1,ESPRESSO,coffee,hot,1,0,28.3,Rainy,79,19,6,7
632,36,7,2025-07-27 19:18:44,takeaway,61,2,Bánh Mì Que Pate Cột Đèn,12,BÁNH MẶN,food,hot,0,0,28.3,Rainy,79,19,6,7
1495,143,14,2025-07-27 19:03:44,dine-in,45,2,Chocolate Đá,10,CHOCOLATE,chocolate,cold,0,1,27.6,Cloudy,85,19,6,7
723,109,9,2025-07-27 18:49:44,dine-in,35,2,Trà Đào Cam Sả - Nóng,8,TRÀ TRÁI CÂY,tea,hot,1,0,29.4,Rainy,85,18,6,7
723,109,9,2025-07-27 18:49:44,dine-in,60,1,Bánh Mì Que Bò Nấm Xốt Bơ,12,BÁNH MẶN,food,hot,0,0,29.4,Rainy,85,18,6,7
925,167,13,2025-07-27 07:38:44,delivery,5,2,Caramel Macchiato Đá,1,ESPRESSO,coffee,cold,1,1,30.6,Cloudy,78,7,6,7
925,167,13,2025-07-27 07:38:44,delivery,49,1,Burnt Cheesecake,11,BÁNH NGỌT,food,cold,0,1,30.6,Cloudy,78,7,6,7
339,149,1,2025-07-27 03:14:44,dine-in,35,1,Trà Đào Cam Sả - Nóng,8,TRÀ TRÁI CÂY,tea,hot,1,0,30.3,Rainy,86,3,6,7
339,149,1,2025-07-27 03:14:44,dine-in,49,2,Burnt Cheesecake,11,BÁNH NGỌT,food,cold,0,1,30.3,Rainy,86,3,6,7
339,149,1,2025-07-27 03:14:44,dine-in,1,2,Espresso Nóng,1,ESPRESSO,coffee,hot,1,0,30.3,Rainy,86,3,6,7
1057,94,15,2025-07-27 03:13:44,takeaway,31,1,Matcha Latte Tây Bắc Sữa Yến Mạch (Nóng),7,MATCHA TÂY BẮC,tea,hot,0,1,29.1,Rainy,81,3,6,7
369,44,9,2025-07-27 01:59:44,dine-in,30,2,Matcha Latte Tây Bắc (Nóng),7,MATCHA TÂY BẮC,tea,hot,0,1,27.8,Rainy,86,1,6,7
369,44,9,2025-07-27 01:59:44,dine-in,56,1,Mousse Tiramisu,11,BÁNH NGỌT,food,cold,1,1,27.8,Rainy,86,1,6,7
369,44,9,2025-07-27 01:59:44,dine-in,22,2,Bạc Xỉu Nóng,5,"""PHIN"" VIỆT NAM",coffee,hot,1,1,27.8,Rainy,86,1,6,7
1132,127,13,2025-07-27 01:13:44,takeaway,35,2,Trà Đào Cam Sả - Nóng,8,TRÀ TRÁI CÂY,tea,hot,1,0,29.4,Rainy,83,1,6,7
718,121,6,2025-07-27 00:45:44,dine-in,6,1,Caramel Macchiato Nóng,1,ESPRESSO,coffee,hot,1,1,25.8,Rainy,84,0,6,7
150,47,15,2025-07-26 20:57:44,takeaway,25,1,Cà Phê Đen Đá,5,"""PHIN"" VIỆT NAM",coffee,cold,1,0,25.1,Cloudy,86,20,5,7
983,154,10,2025-07-26 19:58:44,takeaway,36,1,Trà Đào Cam Sả - Đá,8,TRÀ TRÁI CÂY,tea,cold,1,0,28.2,Cloudy,88,19,5,7
1091,42,8,2025-07-26 18:52:44,takeaway,4,1,Cappuccino Nóng,1,ESPRESSO,coffee,hot,1,1,27.9,Rainy,88,18,5,7
262,30,11,2025-07-26 18:37:44,dine-in,6,1,Caramel Macchiato Nóng,1,ESPRESSO,coffee,hot,1,1,25.2,Cloudy,85,18,5,7
774,52,10,2025-07-26 02:38:44,delivery,19,2,Bạc Xỉu Foam Dừa,5,"""PHIN"" VIỆT NAM",coffee,cold,1,1,30.7,Cloudy,78,2,5,7
1024,32,10,2025-07-26 02:14:44,dine-in,23,1,Cà Phê Đen Nóng,5,"""PHIN"" VIỆT NAM",coffee,hot,1,0,25.9,Cloudy,79,2,5,7
1024,32,10,2025-07-26 02:14:44,dine-in,49,2,Burnt Cheesecake,11,BÁNH NGỌT,food,cold,0,1,25.9,Cloudy,79,2,5,7
1289,87,3,2025-07-26 00:32:44,takeaway,43,2,Trà Đen Macchiato,9,TRÀ SỮA,tea,cold,1,1,25.8,Cloudy,82,0,5,7
1289,87,3,2025-07-26 00:32:44,takeaway,63,1,Chà Bông Phô Mai,12,BÁNH MẶN,food,room,0,1,25.8,Cloudy,82,0,5,7
993,111,10,2025-07-25 08:40:44,delivery,5,2,Caramel Macchiato Đá,1,ESPRESSO,coffee,cold,1,1,27.7,Cloudy,84,8,4,7
1154,145,9,2025-07-25 06:47:44,delivery,2,2,Espresso Đá,1,ESPRESSO,coffee,cold,1,0,25.8,Cloudy,86,6,4,7
1292,57,11,2025-07-25 06:38:44,takeaway,1,1,Espresso Nóng,1,ESPRESSO,coffee,hot,1,0,28.9,Rainy,79,6,4,7
1292,57,11,2025-07-25 06:38:44,takeaway,62,2,Croissant trứng muối,12,BÁNH MẶN,food,hot,0,1,28.9,Rainy,79,6,4,7
1187,172,9,2025-07-25 04:14:44,takeaway,38,1,Oolong Tứ Quý Sen,8,TRÀ TRÁI CÂY,tea,cold,1,1,29.7,Cloudy,84,4,4,7
1187,172,9,2025-07-25 04:14:44,takeaway,49,2,Burnt Cheesecake,11,BÁNH NGỌT,food,cold,0,1,29.7,Cloudy,84,4,4,7
1277,101,1,2025-07-25 03:35:44,delivery,41,2,Hồng Trà Sữa Nóng,9,TRÀ SỮA,tea,hot,1,1,27.3,Rainy,88,3,4,7
1277,101,1,2025-07-25 03:35:44,delivery,61,1,Bánh Mì Que Pate Cột Đèn,12,BÁNH MẶN,food,hot,0,0,27.3,Rainy,88,3,4,7
1267,126,3,2025-07-25 03:16:44,takeaway,39,2,Trà Sữa Oolong Nướng Sương Sáo,9,TRÀ SỮA,tea,cold,1,1,27.7,Cloudy,85,3,4,7
209,40,6,2025-07-25 00:09:44,delivery,32,2,Matcha Latte Tây Bắc Sữa Yến Mạch,7,MATCHA TÂY BẮC,tea,cold,0,1,27.5,Cloudy,81,0,4,7
750,95,12,2025-07-24 08:34:44,dine-in,2,2,Espresso Đá,1,ESPRESSO,coffee,cold,1,0,25.8,Cloudy,88,8,3,7
997,82,9,2025-07-24 05:27:44,delivery,46,2,Chocolate Nóng,10,CHOCOLATE,chocolate,hot,0,1,29.7,Cloudy,78,5,3,7
997,82,9,2025-07-24 05:27:44,delivery,60,1,Bánh Mì Que Bò Nấm Xốt Bơ,12,BÁNH MẶN,food,hot,0,0,29.7,Cloudy,78,5,3,7
1454,37,3,2025-07-24 02:19:44,takeaway,32,1,Matcha Latte Tây Bắc Sữa Yến Mạch,7,MATCHA TÂY BẮC,tea,cold,0,1,25.9,Cloudy,79,2,3,7
663,169,2,2025-07-24 01:44:44,delivery,31,2,Matcha Latte Tây Bắc Sữa Yến Mạch (Nóng),7,MATCHA TÂY BẮC,tea,hot,0,1,25.2,Rainy,80,1,3,7
541,80,6,2025-07-24 00:14:44,dine-in,24,1,Cà Phê Sữa Nóng,5,"""PHIN"" VIỆT NAM",coffee,hot,1,1,27.3,Rainy,83,0,3,7
541,80,6,2025-07-24 00:14:44,dine-in,59,2,Bánh Mì Que Chà Bông Phô Mai Bơ Cay,12,BÁNH MẶN,food,hot,0,1,27.3,Rainy,83,0,3,7
541,80,6,2025-07-24 00:14:44,dine-in,18,2,Frappe Chocochip,4,FRAPPE,chocolate,cold,0,1,27.3,Rainy,83,0,3,7
1097,105,10,2025-07-23 22:54:44,takeaway,16,2,Latte Nóng,3,LATTE,coffee,hot,1,1,28.8,Rainy,79,22,2,7
1097,105,10,2025-07-23 22:54:44,takeaway,63,2,Chà Bông Phô Mai,12,BÁNH MẶN,food,room,0,1,28.8,Rainy,79,22,2,7
1165,97,8,2025-07-23 21:29:44,delivery,24,1,Cà Phê Sữa Nóng,5,"""PHIN"" VIỆT NAM",coffee,hot,1,1,26.9,Rainy,81,21,2,7
1165,97,8,2025-07-23 21:29:44,delivery,51,2,Mochi Kem Trà Sữa Trân Châu,11,BÁNH NGỌT,food,cold,0,1,26.9,Rainy,81,21,2,7
133,75,10,2025-07-23 18:28:44,delivery,28,1,Cold Brew Kim Quất,6,COLD BREW,coffee,cold,1,0,26.8,Cloudy,85,18,2,7
133,75,10,2025-07-23 18:28:44,delivery,49,1,Burnt Cheesecake,11,BÁNH NGỌT,food,cold,0,1,26.8,Cloudy,85,18,2,7
429,81,2,2025-07-23 07:17:44,takeaway,1,1,Espresso Nóng,1,ESPRESSO,coffee,hot,1,0,25.7,Rainy,78,7,2,7
429,81,2,2025-07-23 07:17:44,takeaway,59,1,Bánh Mì Que Chà Bông Phô Mai Bơ Cay,12,BÁNH MẶN,food,hot,0,1,25.7,Rainy,78,7,2,7
423,137,7,2025-07-23 06:24:44,dine-in,45,1,Chocolate Đá,10,CHOCOLATE,chocolate,cold,0,1,26.9,Cloudy,84,6,2,7
423,137,7,2025-07-23 06:24:44,dine-in,47,2,Butter Croissant Sữa Đặc,11,BÁNH NGỌT,food,room,0,1,26.9,Cloudy,84,6,2,7
1153,46,8,2025-07-23 04:53:44,dine-in,22,1,Bạc Xỉu Nóng,5,"""PHIN"" VIỆT NAM",coffee,hot,1,1,27.3,Rainy,78,4,2,7
1064,66,12,2025-07-23 01:18:44,dine-in,2,2,Espresso Đá,1,ESPRESSO,coffee,cold,1,0,25.5,Cloudy,86,1,2,7
1260,127,10,2025-07-23 00:33:44,takeaway,41,1,Hồng Trà Sữa Nóng,9,TRÀ SỮA,tea,hot,1,1,29.8,Rainy,86,0,2,7
1260,127,10,2025-07-23 00:33:44,takeaway,58,1,Butter Croissant,12,BÁNH MẶN,food,room,0,1,29.8,Rainy,86,0,2,7
992,119,8,2025-07-23 00:29:44,delivery,35,1,Trà Đào Cam Sả - Nóng,8,TRÀ TRÁI CÂY,tea,hot,1,0,27.4,Rainy,79,0,2,7
992,119,8,2025-07-23 00:29:44,delivery,59,2,Bánh Mì Que Chà Bông Phô Mai Bơ Cay,12,BÁNH MẶN,food,hot,0,1,27.4,Rainy,79,0,2,7
770,158,4,2025-07-23 00:27:44,takeaway,6,1,Caramel Macchiato Nóng,1,ESPRESSO,coffee,hot,1,1,28.5,Rainy,78,0,2,7
155,105,10,2025-07-22 23:00:44,takeaway,8,1,A-Mê Đào,2,AMERICANO,coffee,cold,1,0,28.1,Cloudy,85,23,1,7
969,20,9,2025-07-22 22:54:44,delivery,16,1,Latte Nóng,3,LATTE,coffee,hot,1,1,26.4,Rainy,78,22,1,7
1451,118,4,2025-07-22 21:32:44,dine-in,37,2,Oolong Tứ Quý Sen (Nóng),8,TRÀ TRÁI CÂY,tea,hot,1,0,27.2,Rainy,84,21,1,7
290,104,7,2025-07-22 20:35:44,delivery,25,2,Cà Phê Đen Đá,5,"""PHIN"" VIỆT NAM",coffee,cold,1,0,25.0,Cloudy,86,20,1,7
290,104,7,2025-07-22 20:35:44,delivery,56,2,Mousse Tiramisu,11,BÁNH NGỌT,food,cold,1,1,25.0,Cloudy,86,20,1,7
290,104,7,2025-07-22 20:35:44,delivery,4,1,Cappuccino Nóng,1,ESPRESSO,coffee,hot,1,1,25.0,Cloudy,86,20,1,7
230,150,7,2025-07-22 19:37:44,delivery,14,1,Latte Bạc Xỉu,3,LATTE,coffee,cold,1,1,30.8,Cloudy,80,19,1,7
1180,134,1,2025-07-22 09:07:44,takeaway,14,2,Latte Bạc Xỉu,3,LATTE,coffee,cold,1,1,25.3,Cloudy,88,9,1,7
188,86,9,2025-07-22 07:16:44,takeaway,34,1,Matcha Tây Bắc Trân Châu Hoàng Kim,7,MATCHA TÂY BẮC,tea,cold,0,1,26.1,Cloudy,81,7,1,7
188,86,9,2025-07-22 07:16:44,takeaway,62,1,Croissant trứng muối,12,BÁNH MẶN,food,hot,0,1,26.1,Cloudy,81,7,1,7
1243,166,11,2025-07-22 06:18:44,dine-in,19,2,Bạc Xỉu Foam Dừa,5,"""PHIN"" VIỆT NAM",coffee,cold,1,1,28.0,Cloudy,87,6,1,7
404,10,12,2025-07-22 06:17:44,takeaway,28,1,Cold Brew Kim Quất,6,COLD BREW,coffee,cold,1,0,27.1,Cloudy,86,6,1,7
404,10,12,2025-07-22 06:17:44,takeaway,56,2,Mousse Tiramisu,11,BÁNH NGỌT,food,cold,1,1,27.1,Cloudy,86,6,1,7
1162,105,15,2025-07-21 22:44:44,dine-in,25,2,Cà Phê Đen Đá,5,"""PHIN"" VIỆT NAM",coffee,cold,1,0,27.2,Cloudy,84,22,0,7
934,143,5,2025-07-21 22:13:44,takeaway,20,2,Bạc Xỉu Caramel Muối,5,"""PHIN"" VIỆT NAM",coffee,cold,1,1,27.9,Cloudy,80,22,0,7
934,143,5,2025-07-21 22:13:44,takeaway,61,2,Bánh Mì Que Pate Cột Đèn,12,BÁNH MẶN,food,hot,0,0,27.9,Cloudy,80,22,0,7
1490,110,8,2025-07-21 20:44:44,takeaway,46,1,Chocolate Nóng,10,CHOCOLATE,chocolate,hot,0,1,29.2,Rainy,88,20,0,7
1490,110,8,2025-07-21 20:44:44,takeaway,54,2,Mochi Kem Chocolate,11,BÁNH NGỌT,food,cold,0,1,29.2,Rainy,88,20,0,7
1422,17,8,2025-07-21 19:17:44,dine-in,1,1,Espresso Nóng,1,ESPRESSO,coffee,hot,1,0,28.0,Cloudy,85,19,0,7
1422,17,8,2025-07-21 19:17:44,dine-in,62,2,Croissant trứng muối,12,BÁNH MẶN,food,hot,0,1,28.0,Cloudy,85,19,0,7
791,51,1,2025-07-21 08:05:44,takeaway,19,2,Bạc Xỉu Foam Dừa,5,"""PHIN"" VIỆT NAM",coffee,cold,1,1,30.4,Cloudy,87,8,0,7
791,51,1,2025-07-21 08:05:44,takeaway,59,2,Bánh Mì Que Chà Bông Phô Mai Bơ Cay,12,BÁNH MẶN,food,hot,0,1,30.4,Cloudy,87,8,0,7
867,79,3,2025-07-21 08:02:44,delivery,19,1,Bạc Xỉu Foam Dừa,5,"""PHIN"" VIỆT NAM",coffee,cold,1,1,30.0,Cloudy,81,8,0,7
867,79,3,2025-07-21 08:02:44,delivery,55,1,Mochi Kem Matcha,11,BÁNH NGỌT,food,cold,0,1,30.0,Cloudy,81,8,0,7
996,28,7,2025-07-21 03:53:44,takeaway,41,2,Hồng Trà Sữa Nóng,9,TRÀ SỮA,tea,hot,1,1,29.0,Rainy,81,3,0,7
1170,42,9,2025-07-21 01:30:44,delivery,16,2,Latte Nóng,3,LATTE,coffee,hot,1,1,28.7,Rainy,88,1,0,7
1170,42,9,2025-07-21 01:30:44,delivery,62,2,Croissant trứng muối,12,BÁNH MẶN,food,hot,0,1,28.7,Rainy,88,1,0,7
911,77,3,2025-07-20 19:21:44,takeaway,41,1,Hồng Trà Sữa Nóng,9,TRÀ SỮA,tea,hot,1,1,28.0,Rainy,86,19,6,7
911,77,3,2025-07-20 19:21:44,takeaway,61,2,Bánh Mì Que Pate Cột Đèn,12,BÁNH MẶN,food,hot,0,0,28.0,Rainy,86,19,6,7
394,37,2,2025-07-20 07:07:44,delivery,15,1,Latte Hazelnut,3,LATTE,coffee,cold,1,1,29.1,Cloudy,83,7,6,7
394,37,2,2025-07-20 07:07:44,delivery,62,2,Croissant trứng muối,12,BÁNH MẶN,food,hot,0,1,29.1,Cloudy,83,7,6,7
213,154,15,2025-07-20 04:24:44,takeaway,17,1,Frappe Matcha Tây Bắc,4,FRAPPE,tea,cold,0,1,26.7,Rainy,88,4,6,7
1457,115,5,2025-07-19 22:57:44,takeaway,1,2,Espresso Nóng,1,ESPRESSO,coffee,hot,1,0,26.1,Rainy,79,22,5,7
1457,115,5,2025-07-19 22:57:44,takeaway,55,1,Mochi Kem Matcha,11,BÁNH NGỌT,food,cold,0,1,26.1,Rainy,79,22,5,7
455,37,14,2025-07-19 21:25:44,takeaway,35,1,Trà Đào Cam Sả - Nóng,8,TRÀ TRÁI CÂY,tea,hot,1,0,29.5,Rainy,79,21,5,7
455,37,14,2025-07-19 21:25:44,takeaway,62,1,Croissant trứng muối,12,BÁNH MẶN,food,hot,0,1,29.5,Rainy,79,21,5,7
1342,59,15,2025-07-19 06:15:44,takeaway,32,1,Matcha Latte Tây Bắc Sữa Yến Mạch,7,MATCHA TÂY BẮC,tea,cold,0,1,28.8,Cloudy,82,6,5,7
1342,59,15,2025-07-19 06:15:44,takeaway,49,2,Burnt Cheesecake,11,BÁNH NGỌT,food,cold,0,1,28.8,Cloudy,82,6,5,7
1270,57,2,2025-07-19 02:30:44,takeaway,11,2,Americano Nóng,2,AMERICANO,coffee,hot,1,0,27.5,Rainy,81,2,5,7
1270,57,2,2025-07-19 02:30:44,takeaway,50,1,Mít Sấy,11,BÁNH NGỌT,food,room,0,0,27.5,Rainy,81,2,5,7
233,150,12,2025-07-18 23:03:44,dine-in,18,1,Frappe Chocochip,4,FRAPPE,chocolate,cold,0,1,29.6,Rainy,78,23,4,7
241,51,5,2025-07-18 19:59:44,dine-in,11,1,Americano Nóng,2,AMERICANO,coffee,hot,1,0,29.6,Rainy,83,19,4,7
241,51,5,2025-07-18 19:59:44,dine-in,62,2,Croissant trứng muối,12,BÁNH MẶN,food,hot,0,1,29.6,Rainy,83,19,4,7
697,54,2,2025-07-18 19:33:44,delivery,30,1,Matcha Latte Tây Bắc (Nóng),7,MATCHA TÂY BẮC,tea,hot,0,1,26.6,Rainy,81,19,4,7
697,54,2,2025-07-18 19:33:44,delivery,46,2,Chocolate Nóng,10,CHOCOLATE,chocolate,hot,0,1,26.6,Rainy,81,19,4,7
428,153,3,2025-07-18 08:50:44,takeaway,30,1,Matcha Latte Tây Bắc (Nóng),7,MATCHA TÂY BẮC,tea,hot,0,1,29.4,Rainy,78,8,4,7
1120,106,12,2025-07-18 08:44:44,takeaway,20,2,Bạc Xỉu Caramel Muối,5,"""PHIN"" VIỆT NAM",coffee,cold,1,1,25.5,Cloudy,85,8,4,7
834,40,14,2025-07-18 02:15:44,takeaway,1,1,Espresso Nóng,1,ESPRESSO,coffee,hot,1,0,28.9,Rainy,87,2,4,7
234,137,1,2025-07-17 20:28:44,takeaway,41,1,Hồng Trà Sữa Nóng,9,TRÀ SỮA,tea,hot,1,1,31.0,Rainy,79,20,3,7
1390,129,2,2025-07-17 20:09:44,takeaway,30,2,Matcha Latte Tây Bắc (Nóng),7,MATCHA TÂY BẮC,tea,hot,0,1,30.7,Rainy,85,20,3,7
603,121,2,2025-07-17 19:54:44,delivery,36,1,Trà Đào Cam Sả - Đá,8,TRÀ TRÁI CÂY,tea,cold,1,0,26.2,Cloudy,79,19,3,7
603,121,2,2025-07-17 19:54:44,delivery,58,2,Butter Croissant,12,BÁNH MẶN,food,room,0,1,26.2,Cloudy,79,19,3,7
513,37,3,2025-07-17 19:46:44,takeaway,1,2,Espresso Nóng,1,ESPRESSO,coffee,hot,1,0,29.3,Rainy,80,19,3,7
916,65,9,2025-07-17 19:13:44,dine-in,4,1,Cappuccino Nóng,1,ESPRESSO,coffee,hot,1,1,28.4,Cloudy,86,19,3,7
1202,11,14,2025-07-17 06:07:44,dine-in,8,1,A-Mê Đào,2,AMERICANO,coffee,cold,1,0,28.9,Cloudy,87,6,3,7
1202,11,14,2025-07-17 06:07:44,dine-in,61,2,Bánh Mì Que Pate Cột Đèn,12,BÁNH MẶN,food,hot,0,0,28.9,Cloudy,87,6,3,7
336,150,2,2025-07-17 04:45:44,takeaway,37,2,Oolong Tứ Quý Sen (Nóng),8,TRÀ TRÁI CÂY,tea,hot,1,0,30.2,Rainy,81,4,3,7
336,150,2,2025-07-17 04:45:44,takeaway,50,2,Mít Sấy,11,BÁNH NGỌT,food,room,0,0,30.2,Rainy,81,4,3,7
1033,152,4,2025-07-17 00:24:44,dine-in,39,1,Trà Sữa Oolong Nướng Sương Sáo,9,TRÀ SỮA,tea,cold,1,1,25.7,Cloudy,86,0,3,7
1033,152,4,2025-07-17 00:24:44,dine-in,7,1,A-Mê Classic,2,AMERICANO,coffee,cold,1,0,25.7,Cloudy,86,0,3,7
349,99,13,2025-07-16 23:56:44,takeaway,4,2,Cappuccino Nóng,1,ESPRESSO,coffee,hot,1,1,27.0,Rainy,80,23,2,7
1331,100,11,2025-07-16 22:49:44,takeaway,22,1,Bạc Xỉu Nóng,5,"""PHIN"" VIỆT NAM",coffee,hot,1,1,29.9,Rainy,82,22,2,7
51,66,4,2025-07-16 22:00:44,takeaway,41,1,Hồng Trà Sữa Nóng,9,TRÀ SỮA,tea,hot,1,1,28.3,Rainy,85,22,2,7
884,156,9,2025-07-16 19:21:44,delivery,31,1,Matcha Latte Tây Bắc Sữa Yến Mạch (Nóng),7,MATCHA TÂY BẮC,tea,hot,0,1,29.3,Rainy,81,19,2,7
884,156,9,2025-07-16 19:21:44,delivery,60,1,Bánh Mì Que Bò Nấm Xốt Bơ,12,BÁNH MẶN,food,hot,0,0,29.3,Rainy,81,19,2,7
884,156,9,2025-07-16 19:21:44,delivery,11,1,Americano Nóng,2,AMERICANO,coffee,hot,1,0,29.3,Rainy,81,19,2,7
1276,91,3,2025-07-16 06:55:44,takeaway,32,1,Matcha Latte Tây Bắc Sữa Yến Mạch,7,MATCHA TÂY BẮC,tea,cold,0,1,30.9,Cloudy,87,6,2,7
370,23,10,2025-07-16 06:04:44,takeaway,29,1,Matcha Latte Tây Bắc,7,MATCHA TÂY BẮC,tea,cold,0,1,27.0,Cloudy,84,6,2,7
370,23,10,2025-07-16 06:04:44,takeaway,50,2,Mít Sấy,11,BÁNH NGỌT,food,room,0,0,27.0,Cloudy,84,6,2,7
519,150,13,2025-07-16 04:34:44,takeaway,6,2,Caramel Macchiato Nóng,1,ESPRESSO,coffee,hot,1,1,30.6,Rainy,79,4,2,7
519,150,13,2025-07-16 04:34:44,takeaway,50,2,Mít Sấy,11,BÁNH NGỌT,food,room,0,0,30.6,Rainy,79,4,2,7
1395,88,9,2025-07-16 00:58:44,takeaway,38,1,Oolong Tứ Quý Sen,8,TRÀ TRÁI CÂY,tea,cold,1,1,30.4,Cloudy,88,0,2,7
1395,88,9,2025-07-16 00:58:44,takeaway,48,2,Matcha Burnt Cheesecake,11,BÁNH NGỌT,food,cold,0,1,30.4,Cloudy,88,0,2,7
348,170,6,2025-07-15 21:19:44,takeaway,16,1,Latte Nóng,3,LATTE,coffee,hot,1,1,25.2,Cloudy,84,21,1,7
301,84,11,2025-07-15 19:38:44,dine-in,22,2,Bạc Xỉu Nóng,5,"""PHIN"" VIỆT NAM",coffee,hot,1,1,25.7,Cloudy,79,19,1,7
301,84,11,2025-07-15 19:38:44,dine-in,59,2,Bánh Mì Que Chà Bông Phô Mai Bơ Cay,12,BÁNH MẶN,food,hot,0,1,25.7,Cloudy,79,19,1,7
839,26,6,2025-07-15 06:27:44,takeaway,11,1,Americano Nóng,2,AMERICANO,coffee,hot,1,0,26.3,Cloudy,85,6,1,7
1007,149,10,2025-07-15 05:00:44,delivery,22,1,Bạc Xỉu Nóng,5,"""PHIN"" VIỆT NAM",coffee,hot,1,1,30.0,Rainy,87,5,1,7
140,56,15,2025-07-15 04:10:44,takeaway,33,2,Matcha Latte,7,MATCHA TÂY BẮC,tea,cold,0,1,27.3,Cloudy,82,4,1,7
140,56,15,2025-07-15 04:10:44,takeaway,63,2,Chà Bông Phô Mai,12,BÁNH MẶN,food,room,0,1,27.3,Cloudy,82,4,1,7
1489,105,1,2025-07-15 00:15:44,dine-in,18,2,Frappe Chocochip,4,FRAPPE,chocolate,cold,0,1,29.8,Rainy,83,0,1,7
253,57,6,2025-07-15 00:05:44,delivery,36,1,Trà Đào Cam Sả - Đá,8,TRÀ TRÁI CÂY,tea,cold,1,0,26.5,Cloudy,85,0,1,7
253,57,6,2025-07-15 00:05:44,delivery,50,1,Mít Sấy,11,BÁNH NGỌT,food,room,0,0,26.5,Cloudy,85,0,1,7
1430,46,9,2025-07-15 00:02:44,dine-in,15,1,Latte Hazelnut,3,LATTE,coffee,cold,1,1,29.1,Cloudy,82,0,1,7
836,93,5,2025-07-14 21:53:44,dine-in,3,2,Cappuccino Đá,1,ESPRESSO,coffee,cold,1,1,28.2,Cloudy,79,21,0,7
836,93,5,2025-07-14 21:53:44,dine-in,58,2,Butter Croissant,12,BÁNH MẶN,food,room,0,1,28.2,Cloudy,79,21,0,7
497,23,1,2025-07-14 19:37:44,dine-in,34,1,Matcha Tây Bắc Trân Châu Hoàng Kim,7,MATCHA TÂY BẮC,tea,cold,0,1,27.3,Cloudy,80,19,0,7
840,156,5,2025-07-14 18:41:44,takeaway,23,2,Cà Phê Đen Nóng,5,"""PHIN"" VIỆT NAM",coffee,hot,1,0,30.7,Rainy,87,18,0,7
1359,86,9,2025-07-14 08:58:44,takeaway,34,2,Matcha Tây Bắc Trân Châu Hoàng Kim,7,MATCHA TÂY BẮC,tea,cold,0,1,26.4,Cloudy,85,8,0,7
1285,77,3,2025-07-14 03:38:44,delivery,11,1,Americano Nóng,2,AMERICANO,coffee,hot,1,0,28.0,Rainy,83,3,0,7
1197,34,11,2025-07-14 02:24:44,takeaway,7,2,A-Mê Classic,2,AMERICANO,coffee,cold,1,0,25.8,Cloudy,85,2,0,7
1197,34,11,2025-07-14 02:24:44,takeaway,57,2,Mousse Gấu Chocolate,11,BÁNH NGỌT,food,cold,0,1,25.8,Cloudy,85,2,0,7
180,156,4,2025-07-13 20:33:44,delivery,46,2,Chocolate Nóng,10,CHOCOLATE,chocolate,hot,0,1,27.6,Rainy,80,20,6,7
180,156,4,2025-07-13 20:33:44,delivery,60,2,Bánh Mì Que Bò Nấm Xốt Bơ,12,BÁNH MẶN,food,hot,0,0,27.6,Rainy,80,20,6,7
1335,10,3,2025-07-13 20:07:44,takeaway,35,1,Trà Đào Cam Sả - Nóng,8,TRÀ TRÁI CÂY,tea,hot,1,0,27.3,Rainy,83,20,6,7
766,37,8,2025-07-13 06:39:44,dine-in,11,2,Americano Nóng,2,AMERICANO,coffee,hot,1,0,25.2,Cloudy,88,6,6,7
353,97,12,2025-07-13 04:37:44,takeaway,40,2,Trà Sữa Oolong Tứ Quý Sương Sáo,9,TRÀ SỮA,tea,cold,1,1,28.4,Cloudy,80,4,6,7
353,97,12,2025-07-13 04:37:44,takeaway,53,1,Mochi Kem Việt Quất,11,BÁNH NGỌT,food,cold,0,1,28.4,Cloudy,80,4,6,7
130,49,2,2025-07-13 03:31:44,takeaway,4,1,Cappuccino Nóng,1,ESPRESSO,coffee,hot,1,1,27.6,Rainy,86,3,6,7
569,140,3,2025-07-13 03:14:44,dine-in,4,2,Cappuccino Nóng,1,ESPRESSO,coffee,hot,1,1,30.3,Rainy,79,3,6,7
1000,140,8,2025-07-13 02:06:44,dine-in,23,2,Cà Phê Đen Nóng,5,"""PHIN"" VIỆT NAM",coffee,hot,1,0,28.2,Rainy,87,2,6,7
1000,140,8,2025-07-13 02:06:44,dine-in,58,2,Butter Croissant,12,BÁNH MẶN,food,room,0,1,28.2,Rainy,87,2,6,7
609,121,5,2025-07-13 00:55:44,dine-in,22,2,Bạc Xỉu Nóng,5,"""PHIN"" VIỆT NAM",coffee,hot,1,1,26.0,Cloudy,84,0,6,7
609,121,5,2025-07-13 00:55:44,dine-in,56,2,Mousse Tiramisu,11,BÁNH NGỌT,food,cold,1,1,26.0,Cloudy,84,0,6,7
1071,21,11,2025-07-12 22:19:44,dine-in,37,1,Oolong Tứ Quý Sen (Nóng),8,TRÀ TRÁI CÂY,tea,hot,1,0,28.0,Rainy,86,22,5,7
376,28,11,2025-07-12 18:59:44,takeaway,8,2,A-Mê Đào,2,AMERICANO,coffee,cold,1,0,29.8,Cloudy,88,18,5,7
425,136,6,2025-07-12 18:42:44,delivery,30,1,Matcha Latte Tây Bắc (Nóng),7,MATCHA TÂY BẮC,tea,hot,0,1,26.2,Rainy,78,18,5,7
69,146,8,2025-07-12 03:40:44,delivery,32,1,Matcha Latte Tây Bắc Sữa Yến Mạch,7,MATCHA TÂY BẮC,tea,cold,0,1,29.1,Cloudy,85,3,5,7
1117,142,15,2025-07-12 03:30:44,takeaway,1,1,Espresso Nóng,1,ESPRESSO,coffee,hot,1,0,25.7,Rainy,86,3,5,7
1117,142,15,2025-07-12 03:30:44,takeaway,52,1,Mochi Kem Phúc Bồn Tử,11,BÁNH NGỌT,food,cold,0,1,25.7,Rainy,86,3,5,7
297,52,4,2025-07-12 01:54:44,takeaway,26,2,Cà Phê Sữa Đá,5,"""PHIN"" VIỆT NAM",coffee,cold,1,1,27.0,Cloudy,82,1,5,7
297,52,4,2025-07-12 01:54:44,takeaway,61,2,Bánh Mì Que Pate Cột Đèn,12,BÁNH MẶN,food,hot,0,0,27.0,Cloudy,82,1,5,7
458,140,1,2025-07-12 00:46:44,dine-in,29,2,Matcha Latte Tây Bắc,7,MATCHA TÂY BẮC,tea,cold,0,1,25.1,Cloudy,83,0,5,7
981,149,1,2025-07-12 00:05:44,dine-in,24,2,Cà Phê Sữa Nóng,5,"""PHIN"" VIỆT NAM",coffee,hot,1,1,29.4,Rainy,79,0,5,7
981,149,1,2025-07-12 00:05:44,dine-in,62,1,Croissant trứng muối,12,BÁNH MẶN,food,hot,0,1,29.4,Rainy,79,0,5,7
981,149,1,2025-07-12 00:05:44,dine-in,37,1,Oolong Tứ Quý Sen (Nóng),8,TRÀ TRÁI CÂY,tea,hot,1,0,29.4,Rainy,79,0,5,7
904,133,4,2025-07-11 21:07:44,takeaway,31,2,Matcha Latte Tây Bắc Sữa Yến Mạch (Nóng),7,MATCHA TÂY BẮC,tea,hot,0,1,27.6,Rainy,81,21,4,7
1212,105,3,2025-07-11 20:52:44,dine-in,41,2,Hồng Trà Sữa Nóng,9,TRÀ SỮA,tea,hot,1,1,30.5,Rainy,79,20,4,7
853,11,5,2025-07-11 09:07:44,dine-in,10,1,A-Mê Thanh Yên,2,AMERICANO,coffee,cold,1,0,25.6,Cloudy,87,9,4,7
853,11,5,2025-07-11 09:07:44,dine-in,53,1,Mochi Kem Việt Quất,11,BÁNH NGỌT,food,cold,0,1,25.6,Cloudy,87,9,4,7
853,11,5,2025-07-11 09:07:44,dine-in,34,2,Matcha Tây Bắc Trân Châu Hoàng Kim,7,MATCHA TÂY BẮC,tea,cold,0,1,25.6,Cloudy,87,9,4,7
984,41,11,2025-07-11 04:01:44,dine-in,23,1,Cà Phê Đen Nóng,5,"""PHIN"" VIỆT NAM",coffee,hot,1,0,30.0,Rainy,87,4,4,7
1380,168,14,2025-07-10 23:51:44,takeaway,40,1,Trà Sữa Oolong Tứ Quý Sương Sáo,9,TRÀ SỮA,tea,cold,1,1,27.0,Cloudy,88,23,3,7
914,67,3,2025-07-10 23:38:44,takeaway,22,1,Bạc Xỉu Nóng,5,"""PHIN"" VIỆT NAM",coffee,hot,1,1,28.5,Rainy,83,23,3,7
914,67,3,2025-07-10 23:38:44,takeaway,50,2,Mít Sấy,11,BÁNH NGỌT,food,room,0,0,28.5,Rainy,83,23,3,7
183,87,5,2025-07-10 22:51:44,dine-in,25,2,Cà Phê Đen Đá,5,"""PHIN"" VIỆT NAM",coffee,cold,1,0,27.3,Cloudy,86,22,3,7
645,144,5,2025-07-10 20:41:44,takeaway,36,1,Trà Đào Cam Sả - Đá,8,TRÀ TRÁI CÂY,tea,cold,1,0,28.9,Cloudy,78,20,3,7
793,46,5,2025-07-10 19:02:44,takeaway,11,1,Americano Nóng,2,AMERICANO,coffee,hot,1,0,29.5,Rainy,88,19,3,7
793,46,5,2025-07-10 19:02:44,takeaway,60,2,Bánh Mì Que Bò Nấm Xốt Bơ,12,BÁNH MẶN,food,hot,0,0,29.5,Rainy,88,19,3,7
379,115,14,2025-07-10 18:48:44,takeaway,21,2,Bạc Xỉu,5,"""PHIN"" VIỆT NAM",coffee,cold,1,1,31.0,Cloudy,81,18,3,7
317,44,12,2025-07-10 18:22:44,takeaway,14,1,Latte Bạc Xỉu,3,LATTE,coffee,cold,1,1,27.7,Cloudy,88,18,3,7
1302,77,13,2025-07-10 06:23:44,dine-in,8,2,A-Mê Đào,2,AMERICANO,coffee,cold,1,0,25.7,Cloudy,83,6,3,7
775,126,4,2025-07-10 05:34:44,takeaway,11,2,Americano Nóng,2,AMERICANO,coffee,hot,1,0,29.1,Rainy,84,5,3,7
776,28,14,2025-07-10 04:07:44,takeaway,36,2,Trà Đào Cam Sả - Đá,8,TRÀ TRÁI CÂY,tea,cold,1,0,25.5,Cloudy,79,4,3,7
1089,30,8,2025-07-09 21:31:44,delivery,35,1,Trà Đào Cam Sả - Nóng,8,TRÀ TRÁI CÂY,tea,hot,1,0,25.8,Rainy,83,21,2,7
1089,30,8,2025-07-09 21:31:44,delivery,63,2,Chà Bông Phô Mai,12,BÁNH MẶN,food,room,0,1,25.8,Rainy,83,21,2,7
1040,13,4,2025-07-09 19:32:44,takeaway,40,1,Trà Sữa Oolong Tứ Quý Sương Sáo,9,TRÀ SỮA,tea,cold,1,1,27.2,Cloudy,85,19,2,7
1494,145,13,2025-07-09 05:23:44,takeaway,30,1,Matcha Latte Tây Bắc (Nóng),7,MATCHA TÂY BẮC,tea,hot,0,1,30.7,Rainy,85,5,2,7
1494,145,13,2025-07-09 05:23:44,takeaway,58,1,Butter Croissant,12,BÁNH MẶN,food,room,0,1,30.7,Rainy,85,5,2,7
340,50,7,2025-07-09 02:07:44,dine-in,19,2,Bạc Xỉu Foam Dừa,5,"""PHIN"" VIỆT NAM",coffee,cold,1,1,25.2,Cloudy,85,2,2,7
206,69,10,2025-07-08 23:20:44,takeaway,28,2,Cold Brew Kim Quất,6,COLD BREW,coffee,cold,1,0,25.0,Cloudy,81,23,1,7
1312,51,1,2025-07-08 19:44:44,takeaway,1,1,Espresso Nóng,1,ESPRESSO,coffee,hot,1,0,25.2,Cloudy,87,19,1,7
1446,48,3,2025-07-08 07:53:44,dine-in,1,2,Espresso Nóng,1,ESPRESSO,coffee,hot,1,0,29.7,Cloudy,82,7,1,7
1448,50,12,2025-07-08 06:42:44,delivery,21,1,Bạc Xỉu,5,"""PHIN"" VIỆT NAM",coffee,cold,1,1,28.8,Cloudy,86,6,1,7
843,75,4,2025-07-08 04:45:44,takeaway,32,2,Matcha Latte Tây Bắc Sữa Yến Mạch,7,MATCHA TÂY BẮC,tea,cold,0,1,29.7,Cloudy,87,4,1,7
843,75,4,2025-07-08 04:45:44,takeaway,53,1,Mochi Kem Việt Quất,11,BÁNH NGỌT,food,cold,0,1,29.7,Cloudy,87,4,1,7
1239,163,5,2025-07-07 23:55:44,dine-in,24,2,Cà Phê Sữa Nóng,5,"""PHIN"" VIỆT NAM",coffee,hot,1,1,27.9,Cloudy,85,23,0,7
1431,43,3,2025-07-07 23:25:44,takeaway,19,2,Bạc Xỉu Foam Dừa,5,"""PHIN"" VIỆT NAM",coffee,cold,1,1,25.6,Cloudy,83,23,0,7
1102,108,9,2025-07-07 21:58:44,takeaway,1,2,Espresso Nóng,1,ESPRESSO,coffee,hot,1,0,27.6,Rainy,86,21,0,7
1314,53,3,2025-07-07 04:19:44,delivery,39,1,Trà Sữa Oolong Nướng Sương Sáo,9,TRÀ SỮA,tea,cold,1,1,27.3,Cloudy,88,4,0,7
1365,80,9,2025-07-07 01:13:44,takeaway,17,2,Frappe Matcha Tây Bắc,4,FRAPPE,tea,cold,0,1,26.1,Rainy,79,1,0,7
1365,80,9,2025-07-07 01:13:44,takeaway,54,2,Mochi Kem Chocolate,11,BÁNH NGỌT,food,cold,0,1,26.1,Rainy,79,1,0,7
314,31,6,2025-07-06 22:52:44,dine-in,31,2,Matcha Latte Tây Bắc Sữa Yến Mạch (Nóng),7,MATCHA TÂY BẮC,tea,hot,0,1,29.2,Rainy,84,22,6,7
314,31,6,2025-07-06 22:52:44,dine-in,63,1,Chà Bông Phô Mai,12,BÁNH MẶN,food,room,0,1,29.2,Rainy,84,22,6,7
1410,88,6,2025-07-06 19:15:44,takeaway,19,1,Bạc Xỉu Foam Dừa,5,"""PHIN"" VIỆT NAM",coffee,cold,1,1,25.6,Cloudy,78,19,6,7
1410,88,6,2025-07-06 19:15:44,takeaway,51,1,Mochi Kem Trà Sữa Trân Châu,11,BÁNH NGỌT,food,cold,0,1,25.6,Cloudy,78,19,6,7
815,82,6,2025-07-06 18:26:44,takeaway,4,1,Cappuccino Nóng,1,ESPRESSO,coffee,hot,1,1,25.9,Cloudy,79,18,6,7
1073,57,6,2025-07-06 08:39:44,dine-in,24,1,Cà Phê Sữa Nóng,5,"""PHIN"" VIỆT NAM",coffee,hot,1,1,28.4,Cloudy,84,8,6,7
1218,10,7,2025-07-06 04:23:44,takeaway,11,1,Americano Nóng,2,AMERICANO,coffee,hot,1,0,30.0,Rainy,82,4,6,7
1085,69,7,2025-07-06 03:34:44,takeaway,34,1,Matcha Tây Bắc Trân Châu Hoàng Kim,7,MATCHA TÂY BẮC,tea,cold,0,1,27.3,Cloudy,80,3,6,7
670,139,1,2025-07-06 02:27:44,takeaway,23,1,Cà Phê Đen Nóng,5,"""PHIN"" VIỆT NAM",coffee,hot,1,0,28.3,Cloudy,87,2,6,7
1309,168,2,2025-07-05 20:52:44,takeaway,2,2,Espresso Đá,1,ESPRESSO,coffee,cold,1,0,26.6,Cloudy,79,20,5,7
149,146,12,2025-07-05 09:04:44,takeaway,46,2,Chocolate Nóng,10,CHOCOLATE,chocolate,hot,0,1,29.5,Cloudy,87,9,5,7
173,139,12,2025-07-05 04:17:44,takeaway,23,1,Cà Phê Đen Nóng,5,"""PHIN"" VIỆT NAM",coffee,hot,1,0,27.2,Rainy,87,4,5,7
538,145,2,2025-07-04 23:14:44,takeaway,12,2,Latte Hạnh Nhân,3,LATTE,coffee,cold,1,1,27.3,Cloudy,83,23,4,7
1101,57,6,2025-07-04 22:37:44,takeaway,8,2,A-Mê Đào,2,AMERICANO,coffee,cold,1,0,25.1,Cloudy,87,22,4,7
1188,12,5,2025-07-04 18:11:44,takeaway,31,2,Matcha Latte Tây Bắc Sữa Yến Mạch (Nóng),7,MATCHA TÂY BẮC,tea,hot,0,1,27.9,Rainy,80,18,4,7
1114,49,6,2025-07-04 06:51:44,takeaway,4,1,Cappuccino Nóng,1,ESPRESSO,coffee,hot,1,1,26.0,Rainy,83,6,4,7
738,145,14,2025-07-04 06:35:44,dine-in,26,1,Cà Phê Sữa Đá,5,"""PHIN"" VIỆT NAM",coffee,cold,1,1,30.6,Cloudy,86,6,4,7
738,145,14,2025-07-04 06:35:44,dine-in,55,1,Mochi Kem Matcha,11,BÁNH NGỌT,food,cold,0,1,30.6,Cloudy,86,6,4,7
621,146,8,2025-07-04 04:33:44,dine-in,23,2,Cà Phê Đen Nóng,5,"""PHIN"" VIỆT NAM",coffee,hot,1,0,30.4,Rainy,84,4,4,7
396,74,4,2025-07-04 00:28:44,takeaway,19,1,Bạc Xỉu Foam Dừa,5,"""PHIN"" VIỆT NAM",coffee,cold,1,1,26.3,Cloudy,84,0,4,7
562,164,11,2025-07-04 00:04:44,takeaway,46,2,Chocolate Nóng,10,CHOCOLATE,chocolate,hot,0,1,30.9,Rainy,80,0,4,7
704,138,5,2025-07-03 22:54:44,takeaway,22,1,Bạc Xỉu Nóng,5,"""PHIN"" VIỆT NAM",coffee,hot,1,1,30.2,Rainy,84,22,3,7
704,138,5,2025-07-03 22:54:44,takeaway,51,1,Mochi Kem Trà Sữa Trân Châu,11,BÁNH NGỌT,food,cold,0,1,30.2,Rainy,84,22,3,7
1058,11,14,2025-07-03 02:39:44,delivery,38,2,Oolong Tứ Quý Sen,8,TRÀ TRÁI CÂY,tea,cold,1,1,28.2,Cloudy,82,2,3,7
316,115,5,2025-07-02 19:42:44,takeaway,24,1,Cà Phê Sữa Nóng,5,"""PHIN"" VIỆT NAM",coffee,hot,1,1,29.6,Rainy,78,19,2,7
824,143,10,2025-07-02 18:55:44,takeaway,1,2,Espresso Nóng,1,ESPRESSO,coffee,hot,1,0,25.6,Rainy,88,18,2,7
1415,163,2,2025-07-02 18:29:44,dine-in,37,2,Oolong Tứ Quý Sen (Nóng),8,TRÀ TRÁI CÂY,tea,hot,1,0,27.7,Rainy,88,18,2,7
481,24,4,2025-07-02 07:02:44,delivery,17,1,Frappe Matcha Tây Bắc,4,FRAPPE,tea,cold,0,1,25.2,Rainy,79,7,2,7
1061,69,8,2025-07-02 04:48:44,delivery,46,1,Chocolate Nóng,10,CHOCOLATE,chocolate,hot,0,1,28.8,Rainy,82,4,2,7
1061,69,8,2025-07-02 04:48:44,delivery,52,2,Mochi Kem Phúc Bồn Tử,11,BÁNH NGỌT,food,cold,0,1,28.8,Rainy,82,4,2,7
306,106,2,2025-07-02 00:21:44,takeaway,22,2,Bạc Xỉu Nóng,5,"""PHIN"" VIỆT NAM",coffee,hot,1,1,25.2,Cloudy,78,0,2,7
524,151,15,2025-07-01 23:51:44,dine-in,43,2,Trà Đen Macchiato,9,TRÀ SỮA,tea,cold,1,1,27.5,Cloudy,84,23,1,7
46,131,10,2025-07-01 21:41:44,dine-in,33,2,Matcha Latte,7,MATCHA TÂY BẮC,tea,cold,0,1,27.0,Cloudy,84,21,1,7
638,56,5,2025-07-01 21:25:44,delivery,32,2,Matcha Latte Tây Bắc Sữa Yến Mạch,7,MATCHA TÂY BẮC,tea,cold,0,1,27.1,Cloudy,83,21,1,7
638,56,5,2025-07-01 21:25:44,delivery,58,2,Butter Croissant,12,BÁNH MẶN,food,room,0,1,27.1,Cloudy,83,21,1,7
1112,104,7,2025-07-01 19:59:44,delivery,10,1,A-Mê Thanh Yên,2,AMERICANO,coffee,cold,1,0,25.9,Cloudy,87,19,1,7
1038,108,10,2025-07-01 08:10:44,takeaway,18,2,Frappe Chocochip,4,FRAPPE,chocolate,cold,0,1,27.3,Rainy,83,8,1,7
135,152,14,2025-07-01 02:30:44,dine-in,41,2,Hồng Trà Sữa Nóng,9,TRÀ SỮA,tea,hot,1,1,26.7,Rainy,79,2,1,7
1372,144,6,2025-07-01 01:28:44,takeaway,11,2,Americano Nóng,2,AMERICANO,coffee,hot,1,0,29.0,Rainy,81,1,1,7
117,163,11,2025-06-30 22:56:44,takeaway,43,1,Trà Đen Macchiato,9,TRÀ SỮA,tea,cold,1,1,27.4,Cloudy,83,22,0,6
1155,42,12,2025-06-30 20:08:44,takeaway,19,2,Bạc Xỉu Foam Dừa,5,"""PHIN"" VIỆT NAM",coffee,cold,1,1,25.3,Cloudy,87,20,0,6
1155,42,12,2025-06-30 20:08:44,takeaway,61,1,Bánh Mì Que Pate Cột Đèn,12,BÁNH MẶN,food,hot,0,0,25.3,Cloudy,87,20,0,6
420,41,4,2025-06-30 20:03:44,delivery,2,1,Espresso Đá,1,ESPRESSO,coffee,cold,1,0,27.6,Hot,84,20,0,6
296,27,11,2025-06-30 19:59:44,takeaway,24,1,Cà Phê Sữa Nóng,5,"""PHIN"" VIỆT NAM",coffee,hot,1,1,27.8,Rainy,80,19,0,6
892,69,5,2025-06-30 06:28:44,takeaway,21,1,Bạc Xỉu,5,"""PHIN"" VIỆT NAM",coffee,cold,1,1,26.2,Cloudy,84,6,0,6
702,32,10,2025-06-30 05:09:44,dine-in,16,2,Latte Nóng,3,LATTE,coffee,hot,1,1,29.1,Cloudy,81,5,0,6
702,32,10,2025-06-30 05:09:44,dine-in,60,1,Bánh Mì Que Bò Nấm Xốt Bơ,12,BÁNH MẶN,food,hot,0,0,29.1,Cloudy,81,5,0,6
132,103,15,2025-06-30 01:06:44,delivery,7,1,A-Mê Classic,2,AMERICANO,coffee,cold,1,0,25.1,Cloudy,84,1,0,6
132,103,15,2025-06-30 01:06:44,delivery,63,2,Chà Bông Phô Mai,12,BÁNH MẶN,food,room,0,1,25.1,Cloudy,84,1,0,6
607,112,10,2025-06-30 01:04:44,dine-in,26,2,Cà Phê Sữa Đá,5,"""PHIN"" VIỆT NAM",coffee,cold,1,1,29.6,Hot,82,1,0,6
102,105,12,2025-06-29 19:47:44,takeaway,8,2,A-Mê Đào,2,AMERICANO,coffee,cold,1,0,28.7,Hot,82,19,6,6
102,105,12,2025-06-29 19:47:44,takeaway,60,1,Bánh Mì Que Bò Nấm Xốt Bơ,12,BÁNH MẶN,food,hot,0,0,28.7,Hot,82,19,6,6
802,138,13,2025-06-29 08:11:44,delivery,21,2,Bạc Xỉu,5,"""PHIN"" VIỆT NAM",coffee,cold,1,1,27.6,Hot,84,8,6,6
1326,136,5,2025-06-29 07:53:44,takeaway,6,1,Caramel Macchiato Nóng,1,ESPRESSO,coffee,hot,1,1,29.0,Rainy,83,7,6,6
848,33,5,2025-06-29 06:55:44,takeaway,45,2,Chocolate Đá,10,CHOCOLATE,chocolate,cold,0,1,27.3,Cloudy,80,6,6,6
597,103,14,2025-06-29 06:01:44,delivery,46,1,Chocolate Nóng,10,CHOCOLATE,chocolate,hot,0,1,27.1,Rainy,78,6,6,6
228,10,14,2025-06-29 01:51:44,takeaway,24,2,Cà Phê Sữa Nóng,5,"""PHIN"" VIỆT NAM",coffee,hot,1,1,28.1,Cloudy,88,1,6,6
228,10,14,2025-06-29 01:51:44,takeaway,55,1,Mochi Kem Matcha,11,BÁNH NGỌT,food,cold,0,1,28.1,Cloudy,88,1,6,6
821,67,6,2025-06-29 00:39:44,takeaway,21,1,Bạc Xỉu,5,"""PHIN"" VIỆT NAM",coffee,cold,1,1,25.7,Cloudy,84,0,6,6
1043,158,14,2025-06-29 00:36:44,delivery,10,2,A-Mê Thanh Yên,2,AMERICANO,coffee,cold,1,0,29.8,Hot,88,0,6,6
950,75,10,2025-06-28 23:58:44,takeaway,5,1,Caramel Macchiato Đá,1,ESPRESSO,coffee,cold,1,1,25.8,Cloudy,78,23,5,6
950,75,10,2025-06-28 23:58:44,takeaway,40,1,Trà Sữa Oolong Tứ Quý Sương Sáo,9,TRÀ SỮA,tea,cold,1,1,25.8,Cloudy,78,23,5,6
1476,24,5,2025-06-28 18:42:44,dine-in,34,2,Matcha Tây Bắc Trân Châu Hoàng Kim,7,MATCHA TÂY BẮC,tea,cold,0,1,28.6,Cloudy,80,18,5,6
546,139,2,2025-06-28 18:23:44,takeaway,46,1,Chocolate Nóng,10,CHOCOLATE,chocolate,hot,0,1,27.8,Rainy,82,18,5,6
1216,84,9,2025-06-28 08:56:44,takeaway,11,1,Americano Nóng,2,AMERICANO,coffee,hot,1,0,29.1,Cloudy,78,8,5,6
1179,16,15,2025-06-28 08:28:44,takeaway,6,1,Caramel Macchiato Nóng,1,ESPRESSO,coffee,hot,1,1,29.9,Rainy,78,8,5,6
1179,16,15,2025-06-28 08:28:44,takeaway,62,1,Croissant trứng muối,12,BÁNH MẶN,food,hot,0,1,29.9,Rainy,78,8,5,6
1096,90,1,2025-06-28 08:23:44,dine-in,26,2,Cà Phê Sữa Đá,5,"""PHIN"" VIỆT NAM",coffee,cold,1,1,26.9,Cloudy,83,8,5,6
1081,43,12,2025-06-28 07:34:44,dine-in,22,1,Bạc Xỉu Nóng,5,"""PHIN"" VIỆT NAM",coffee,hot,1,1,25.3,Rainy,85,7,5,6
1375,86,10,2025-06-28 03:45:44,takeaway,26,2,Cà Phê Sữa Đá,5,"""PHIN"" VIỆT NAM",coffee,cold,1,1,30.4,Hot,83,3,5,6
915,94,6,2025-06-28 03:00:44,dine-in,20,1,Bạc Xỉu Caramel Muối,5,"""PHIN"" VIỆT NAM",coffee,cold,1,1,25.2,Hot,82,3,5,6
915,94,6,2025-06-28 03:00:44,dine-in,60,2,Bánh Mì Que Bò Nấm Xốt Bơ,12,BÁNH MẶN,food,hot,0,0,25.2,Hot,82,3,5,6
399,133,8,2025-06-28 00:02:44,takeaway,11,1,Americano Nóng,2,AMERICANO,coffee,hot,1,0,29.7,Rainy,84,0,5,6
1183,125,4,2025-06-27 21:31:44,takeaway,4,2,Cappuccino Nóng,1,ESPRESSO,coffee,hot,1,1,29.0,Rainy,87,21,4,6
601,17,13,2025-06-27 20:23:44,takeaway,45,2,Chocolate Đá,10,CHOCOLATE,chocolate,cold,0,1,29.3,Hot,88,20,4,6
1251,153,14,2025-06-27 07:13:44,takeaway,46,1,Chocolate Nóng,10,CHOCOLATE,chocolate,hot,0,1,27.9,Rainy,83,7,4,6
1251,153,14,2025-06-27 07:13:44,takeaway,17,1,Frappe Matcha Tây Bắc,4,FRAPPE,tea,cold,0,1,27.9,Rainy,83,7,4,6
856,22,10,2025-06-27 06:34:44,dine-in,41,1,Hồng Trà Sữa Nóng,9,TRÀ SỮA,tea,hot,1,1,26.6,Rainy,85,6,4,6
856,22,10,2025-06-27 06:34:44,dine-in,46,1,Chocolate Nóng,10,CHOCOLATE,chocolate,hot,0,1,26.6,Rainy,85,6,4,6
1283,21,9,2025-06-27 03:20:44,takeaway,22,2,Bạc Xỉu Nóng,5,"""PHIN"" VIỆT NAM",coffee,hot,1,1,29.1,Cloudy,87,3,4,6
1264,80,9,2025-06-27 00:36:44,takeaway,3,1,Cappuccino Đá,1,ESPRESSO,coffee,cold,1,1,31.0,Hot,78,0,4,6
660,61,1,2025-06-27 00:17:44,takeaway,28,1,Cold Brew Kim Quất,6,COLD BREW,coffee,cold,1,0,29.2,Hot,84,0,4,6
660,61,1,2025-06-27 00:17:44,takeaway,61,1,Bánh Mì Que Pate Cột Đèn,12,BÁNH MẶN,food,hot,0,0,29.2,Hot,84,0,4,6
936,105,11,2025-06-26 20:58:44,dine-in,27,1,Cold Brew Truyền Thống,6,COLD BREW,coffee,cold,1,0,29.6,Cloudy,83,20,3,6
936,105,11,2025-06-26 20:58:44,dine-in,60,2,Bánh Mì Que Bò Nấm Xốt Bơ,12,BÁNH MẶN,food,hot,0,0,29.6,Cloudy,83,20,3,6
1047,50,4,2025-06-26 05:40:44,delivery,24,2,Cà Phê Sữa Nóng,5,"""PHIN"" VIỆT NAM",coffee,hot,1,1,25.4,Rainy,78,5,3,6
1047,50,4,2025-06-26 05:40:44,delivery,59,2,Bánh Mì Que Chà Bông Phô Mai Bơ Cay,12,BÁNH MẶN,food,hot,0,1,25.4,Rainy,78,5,3,6
1440,154,1,2025-06-26 02:17:44,delivery,21,2,Bạc Xỉu,5,"""PHIN"" VIỆT NAM",coffee,cold,1,1,30.9,Hot,81,2,3,6
1504,11,12,2025-06-26 00:31:44,takeaway,16,2,Latte Nóng,3,LATTE,coffee,hot,1,1,30.8,Rainy,78,0,3,6
611,145,10,2025-06-25 20:58:44,takeaway,1,2,Espresso Nóng,1,ESPRESSO,coffee,hot,1,0,27.3,Rainy,82,20,2,6
611,145,10,2025-06-25 20:58:44,takeaway,47,1,Butter Croissant Sữa Đặc,11,BÁNH NGỌT,food,room,0,1,27.3,Rainy,82,20,2,6
933,109,8,2025-06-25 20:29:44,dine-in,16,1,Latte Nóng,3,LATTE,coffee,hot,1,1,28.6,Rainy,84,20,2,6
504,18,3,2025-06-25 07:23:44,takeaway,27,1,Cold Brew Truyền Thống,6,COLD BREW,coffee,cold,1,0,25.8,Cloudy,86,7,2,6
299,155,10,2025-06-25 05:05:44,dine-in,22,1,Bạc Xỉu Nóng,5,"""PHIN"" VIỆT NAM",coffee,hot,1,1,25.1,Rainy,79,5,2,6
204,57,7,2025-06-25 04:49:44,dine-in,45,1,Chocolate Đá,10,CHOCOLATE,chocolate,cold,0,1,27.1,Cloudy,80,4,2,6
730,55,4,2025-06-25 04:13:44,delivery,46,2,Chocolate Nóng,10,CHOCOLATE,chocolate,hot,0,1,28.9,Rainy,78,4,2,6
492,48,4,2025-06-25 02:38:44,takeaway,38,2,Oolong Tứ Quý Sen,8,TRÀ TRÁI CÂY,tea,cold,1,1,29.2,Hot,82,2,2,6
492,48,4,2025-06-25 02:38:44,takeaway,59,2,Bánh Mì Que Chà Bông Phô Mai Bơ Cay,12,BÁNH MẶN,food,hot,0,1,29.2,Hot,82,2,2,6
1347,42,15,2025-06-24 21:47:44,takeaway,4,2,Cappuccino Nóng,1,ESPRESSO,coffee,hot,1,1,25.3,Rainy,82,21,1,6
467,150,1,2025-06-24 19:54:44,takeaway,37,2,Oolong Tứ Quý Sen (Nóng),8,TRÀ TRÁI CÂY,tea,hot,1,0,30.2,Rainy,86,19,1,6
467,150,1,2025-06-24 19:54:44,takeaway,58,2,Butter Croissant,12,BÁNH MẶN,food,room,0,1,30.2,Rainy,86,19,1,6
442,144,10,2025-06-24 18:28:44,takeaway,16,2,Latte Nóng,3,LATTE,coffee,hot,1,1,26.9,Rainy,80,18,1,6
442,144,10,2025-06-24 18:28:44,takeaway,57,1,Mousse Gấu Chocolate,11,BÁNH NGỌT,food,cold,0,1,26.9,Rainy,80,18,1,6
442,144,10,2025-06-24 18:28:44,takeaway,24,2,Cà Phê Sữa Nóng,5,"""PHIN"" VIỆT NAM",coffee,hot,1,1,26.9,Rainy,80,18,1,6
283,107,5,2025-06-24 08:37:44,delivery,13,2,Latte Classic,3,LATTE,coffee,cold,1,1,25.6,Hot,80,8,1,6
283,107,5,2025-06-24 08:37:44,delivery,61,1,Bánh Mì Que Pate Cột Đèn,12,BÁNH MẶN,food,hot,0,0,25.6,Hot,80,8,1,6
959,74,6,2025-06-24 07:54:44,dine-in,36,2,Trà Đào Cam Sả - Đá,8,TRÀ TRÁI CÂY,tea,cold,1,0,25.2,Cloudy,85,7,1,6
332,37,8,2025-06-24 07:22:44,dine-in,28,2,Cold Brew Kim Quất,6,COLD BREW,coffee,cold,1,0,27.6,Cloudy,85,7,1,6
1148,126,8,2025-06-24 04:09:44,delivery,41,1,Hồng Trà Sữa Nóng,9,TRÀ SỮA,tea,hot,1,1,25.8,Rainy,82,4,1,6
778,80,5,2025-06-24 03:29:44,takeaway,17,2,Frappe Matcha Tây Bắc,4,FRAPPE,tea,cold,0,1,30.6,Rainy,83,3,1,6
179,144,15,2025-06-24 01:46:44,takeaway,21,1,Bạc Xỉu,5,"""PHIN"" VIỆT NAM",coffee,cold,1,1,26.0,Hot,81,1,1,6
179,144,15,2025-06-24 01:46:44,takeaway,49,2,Burnt Cheesecake,11,BÁNH NGỌT,food,cold,0,1,26.0,Hot,81,1,1,6
67,84,8,2025-06-24 00:30:44,dine-in,18,1,Frappe Chocochip,4,FRAPPE,chocolate,cold,0,1,27.4,Rainy,83,0,1,6
1387,151,11,2025-06-23 21:57:44,takeaway,17,1,Frappe Matcha Tây Bắc,4,FRAPPE,tea,cold,0,1,29.0,Rainy,80,21,0,6
1387,151,11,2025-06-23 21:57:44,takeaway,62,2,Croissant trứng muối,12,BÁNH MẶN,food,hot,0,1,29.0,Rainy,80,21,0,6
480,109,3,2025-06-23 21:26:44,takeaway,17,1,Frappe Matcha Tây Bắc,4,FRAPPE,tea,cold,0,1,27.2,Rainy,81,21,0,6
47,160,3,2025-06-23 18:58:44,delivery,8,2,A-Mê Đào,2,AMERICANO,coffee,cold,1,0,28.9,Cloudy,84,18,0,6
841,65,3,2025-06-23 08:58:44,dine-in,19,2,Bạc Xỉu Foam Dừa,5,"""PHIN"" VIỆT NAM",coffee,cold,1,1,25.5,Cloudy,79,8,0,6
261,120,13,2025-06-22 21:03:44,delivery,21,2,Bạc Xỉu,5,"""PHIN"" VIỆT NAM",coffee,cold,1,1,28.6,Hot,78,21,6,6
261,120,13,2025-06-22 21:03:44,delivery,51,2,Mochi Kem Trà Sữa Trân Châu,11,BÁNH NGỌT,food,cold,0,1,28.6,Hot,78,21,6,6
533,99,1,2025-06-22 18:37:44,takeaway,3,2,Cappuccino Đá,1,ESPRESSO,coffee,cold,1,1,27.2,Cloudy,80,18,6,6
906,18,10,2025-06-22 18:10:44,dine-in,20,2,Bạc Xỉu Caramel Muối,5,"""PHIN"" VIỆT NAM",coffee,cold,1,1,29.5,Hot,81,18,6,6
1509,108,7,2025-06-22 07:56:44,takeaway,21,2,Bạc Xỉu,5,"""PHIN"" VIỆT NAM",coffee,cold,1,1,27.4,Hot,83,7,6,6
506,129,3,2025-06-22 05:15:44,dine-in,44,1,Trà Sữa Oolong BLao,9,TRÀ SỮA,tea,cold,1,1,28.6,Cloudy,80,5,6,6
506,129,3,2025-06-22 05:15:44,dine-in,49,1,Burnt Cheesecake,11,BÁNH NGỌT,food,cold,0,1,28.6,Cloudy,80,5,6,6
1463,156,5,2025-06-22 01:32:44,takeaway,32,1,Matcha Latte Tây Bắc Sữa Yến Mạch,7,MATCHA TÂY BẮC,tea,cold,0,1,28.5,Hot,81,1,6,6
1463,156,5,2025-06-22 01:32:44,takeaway,57,2,Mousse Gấu Chocolate,11,BÁNH NGỌT,food,cold,0,1,28.5,Hot,81,1,6,6
681,57,15,2025-06-21 23:31:44,takeaway,3,2,Cappuccino Đá,1,ESPRESSO,coffee,cold,1,1,27.1,Hot,80,23,5,6
547,117,10,2025-06-21 20:57:44,takeaway,12,2,Latte Hạnh Nhân,3,LATTE,coffee,cold,1,1,25.3,Cloudy,88,20,5,6
1113,20,8,2025-06-21 19:43:44,delivery,20,1,Bạc Xỉu Caramel Muối,5,"""PHIN"" VIỆT NAM",coffee,cold,1,1,29.3,Hot,88,19,5,6
644,110,9,2025-06-21 19:40:44,takeaway,12,2,Latte Hạnh Nhân,3,LATTE,coffee,cold,1,1,27.1,Cloudy,88,19,5,6
644,110,9,2025-06-21 19:40:44,takeaway,58,1,Butter Croissant,12,BÁNH MẶN,food,room,0,1,27.1,Cloudy,88,19,5,6
1126,115,11,2025-06-21 18:45:44,takeaway,5,1,Caramel Macchiato Đá,1,ESPRESSO,coffee,cold,1,1,26.8,Cloudy,78,18,5,6
868,144,10,2025-06-21 07:12:44,dine-in,36,2,Trà Đào Cam Sả - Đá,8,TRÀ TRÁI CÂY,tea,cold,1,0,27.6,Cloudy,80,7,5,6
1435,168,12,2025-06-21 06:50:44,delivery,10,2,A-Mê Thanh Yên,2,AMERICANO,coffee,cold,1,0,28.1,Hot,78,6,5,6
1014,167,13,2025-06-21 03:39:44,dine-in,1,2,Espresso Nóng,1,ESPRESSO,coffee,hot,1,0,28.8,Rainy,83,3,5,6
1354,43,13,2025-06-21 01:35:44,dine-in,20,2,Bạc Xỉu Caramel Muối,5,"""PHIN"" VIỆT NAM",coffee,cold,1,1,26.9,Hot,79,1,5,6
520,115,5,2025-06-21 00:54:44,takeaway,11,2,Americano Nóng,2,AMERICANO,coffee,hot,1,0,30.0,Rainy,79,0,5,6
520,115,5,2025-06-21 00:54:44,takeaway,51,2,Mochi Kem Trà Sữa Trân Châu,11,BÁNH NGỌT,food,cold,0,1,30.0,Rainy,79,0,5,6
378,30,5,2025-06-20 21:55:44,takeaway,2,1,Espresso Đá,1,ESPRESSO,coffee,cold,1,0,29.1,Hot,84,21,4,6
378,30,5,2025-06-20 21:55:44,takeaway,62,2,Croissant trứng muối,12,BÁNH MẶN,food,hot,0,1,29.1,Hot,84,21,4,6
800,118,13,2025-06-20 07:59:44,dine-in,14,1,Latte Bạc Xỉu,3,LATTE,coffee,cold,1,1,25.4,Hot,80,7,4,6
800,118,13,2025-06-20 07:59:44,dine-in,58,1,Butter Croissant,12,BÁNH MẶN,food,room,0,1,25.4,Hot,80,7,4,6
895,70,12,2025-06-20 03:43:44,dine-in,5,2,Caramel Macchiato Đá,1,ESPRESSO,coffee,cold,1,1,26.7,Cloudy,82,3,4,6
1481,101,8,2025-06-20 01:57:44,delivery,14,2,Latte Bạc Xỉu,3,LATTE,coffee,cold,1,1,29.1,Cloudy,86,1,4,6
1481,101,8,2025-06-20 01:57:44,delivery,58,1,Butter Croissant,12,BÁNH MẶN,food,room,0,1,29.1,Cloudy,86,1,4,6
1433,139,1,2025-06-20 01:21:44,dine-in,38,1,Oolong Tứ Quý Sen,8,TRÀ TRÁI CÂY,tea,cold,1,1,28.4,Cloudy,84,1,4,6
240,44,11,2025-06-19 21:33:44,dine-in,14,2,Latte Bạc Xỉu,3,LATTE,coffee,cold,1,1,28.9,Hot,83,21,3,6
240,44,11,2025-06-19 21:33:44,dine-in,52,1,Mochi Kem Phúc Bồn Tử,11,BÁNH NGỌT,food,cold,0,1,28.9,Hot,83,21,3,6
56,37,2,2025-06-19 08:14:44,takeaway,12,2,Latte Hạnh Nhân,3,LATTE,coffee,cold,1,1,30.4,Cloudy,83,8,3,6
56,37,2,2025-06-19 08:14:44,takeaway,53,1,Mochi Kem Việt Quất,11,BÁNH NGỌT,food,cold,0,1,30.4,Cloudy,83,8,3,6
169,136,13,2025-06-19 07:31:44,takeaway,35,1,Trà Đào Cam Sả - Nóng,8,TRÀ TRÁI CÂY,tea,hot,1,0,30.8,Rainy,81,7,3,6
169,136,13,2025-06-19 07:31:44,takeaway,59,1,Bánh Mì Que Chà Bông Phô Mai Bơ Cay,12,BÁNH MẶN,food,hot,0,1,30.8,Rainy,81,7,3,6
1129,128,14,2025-06-19 06:44:44,dine-in,5,1,Caramel Macchiato Đá,1,ESPRESSO,coffee,cold,1,1,26.9,Cloudy,88,6,3,6
1129,128,14,2025-06-19 06:44:44,dine-in,57,2,Mousse Gấu Chocolate,11,BÁNH NGỌT,food,cold,0,1,26.9,Cloudy,88,6,3,6
838,60,4,2025-06-19 05:17:44,dine-in,6,2,Caramel Macchiato Nóng,1,ESPRESSO,coffee,hot,1,1,29.3,Rainy,82,5,3,6
838,60,4,2025-06-19 05:17:44,dine-in,61,1,Bánh Mì Que Pate Cột Đèn,12,BÁNH MẶN,food,hot,0,0,29.3,Rainy,82,5,3,6
838,60,4,2025-06-19 05:17:44,dine-in,37,2,Oolong Tứ Quý Sen (Nóng),8,TRÀ TRÁI CÂY,tea,hot,1,0,29.3,Rainy,82,5,3,6
333,118,15,2025-06-19 03:18:44,takeaway,2,2,Espresso Đá,1,ESPRESSO,coffee,cold,1,0,25.4,Hot,88,3,3,6
333,118,15,2025-06-19 03:18:44,takeaway,61,2,Bánh Mì Que Pate Cột Đèn,12,BÁNH MẶN,food,hot,0,0,25.4,Hot,88,3,3,6
1025,58,13,2025-06-19 02:09:44,takeaway,23,2,Cà Phê Đen Nóng,5,"""PHIN"" VIỆT NAM",coffee,hot,1,0,30.4,Rainy,86,2,3,6
1025,58,13,2025-06-19 02:09:44,takeaway,47,2,Butter Croissant Sữa Đặc,11,BÁNH NGỌT,food,room,0,1,30.4,Rainy,86,2,3,6
544,31,1,2025-06-19 01:39:44,takeaway,45,1,Chocolate Đá,10,CHOCOLATE,chocolate,cold,0,1,26.9,Cloudy,85,1,3,6
544,31,1,2025-06-19 01:39:44,takeaway,63,1,Chà Bông Phô Mai,12,BÁNH MẶN,food,room,0,1,26.9,Cloudy,85,1,3,6
1240,130,1,2025-06-19 00:44:44,dine-in,25,1,Cà Phê Đen Đá,5,"""PHIN"" VIỆT NAM",coffee,cold,1,0,29.5,Hot,85,0,3,6
554,60,7,2025-06-18 22:08:44,delivery,23,1,Cà Phê Đen Nóng,5,"""PHIN"" VIỆT NAM",coffee,hot,1,0,29.3,Rainy,79,22,2,6
708,86,5,2025-06-18 20:23:44,takeaway,23,1,Cà Phê Đen Nóng,5,"""PHIN"" VIỆT NAM",coffee,hot,1,0,30.8,Rainy,86,20,2,6
654,23,12,2025-06-18 20:02:44,dine-in,6,1,Caramel Macchiato Nóng,1,ESPRESSO,coffee,hot,1,1,30.0,Rainy,78,20,2,6
1051,169,10,2025-06-18 18:16:44,dine-in,42,1,Hồng Trà Sữa Trân Châu,9,TRÀ SỮA,tea,cold,1,1,29.5,Cloudy,82,18,2,6
1051,169,10,2025-06-18 18:16:44,dine-in,63,1,Chà Bông Phô Mai,12,BÁNH MẶN,food,room,0,1,29.5,Cloudy,82,18,2,6
1077,133,12,2025-06-18 06:41:44,takeaway,16,1,Latte Nóng,3,LATTE,coffee,hot,1,1,27.3,Rainy,86,6,2,6
1190,165,15,2025-06-18 03:15:44,delivery,46,1,Chocolate Nóng,10,CHOCOLATE,chocolate,hot,0,1,27.2,Rainy,86,3,2,6
1190,165,15,2025-06-18 03:15:44,delivery,51,1,Mochi Kem Trà Sữa Trân Châu,11,BÁNH NGỌT,food,cold,0,1,27.2,Rainy,86,3,2,6
1324,100,11,2025-06-18 02:42:44,takeaway,25,1,Cà Phê Đen Đá,5,"""PHIN"" VIỆT NAM",coffee,cold,1,0,28.7,Hot,80,2,2,6
928,10,14,2025-06-18 01:09:44,dine-in,11,2,Americano Nóng,2,AMERICANO,coffee,hot,1,0,25.2,Rainy,88,1,2,6
928,10,14,2025-06-18 01:09:44,dine-in,60,1,Bánh Mì Que Bò Nấm Xốt Bơ,12,BÁNH MẶN,food,hot,0,0,25.2,Rainy,88,1,2,6
501,83,6,2025-06-18 00:50:44,dine-in,28,1,Cold Brew Kim Quất,6,COLD BREW,coffee,cold,1,0,30.7,Hot,88,0,2,6
501,83,6,2025-06-18 00:50:44,dine-in,50,2,Mít Sấy,11,BÁNH NGỌT,food,room,0,0,30.7,Hot,88,0,2,6
1370,12,11,2025-06-18 00:42:44,dine-in,8,1,A-Mê Đào,2,AMERICANO,coffee,cold,1,0,25.0,Cloudy,85,0,2,6
858,146,12,2025-06-18 00:13:44,dine-in,21,2,Bạc Xỉu,5,"""PHIN"" VIỆT NAM",coffee,cold,1,1,27.7,Cloudy,83,0,2,6
858,146,12,2025-06-18 00:13:44,dine-in,52,2,Mochi Kem Phúc Bồn Tử,11,BÁNH NGỌT,food,cold,0,1,27.7,Cloudy,83,0,2,6
543,172,1,2025-06-18 00:00:44,takeaway,10,2,A-Mê Thanh Yên,2,AMERICANO,coffee,cold,1,0,27.4,Hot,86,0,2,6
543,172,1,2025-06-18 00:00:44,takeaway,50,2,Mít Sấy,11,BÁNH NGỌT,food,room,0,0,27.4,Hot,86,0,2,6
128,101,1,2025-06-17 23:59:44,takeaway,46,1,Chocolate Nóng,10,CHOCOLATE,chocolate,hot,0,1,28.0,Rainy,80,23,1,6
128,101,1,2025-06-17 23:59:44,takeaway,49,2,Burnt Cheesecake,11,BÁNH NGỌT,food,cold,0,1,28.0,Rainy,80,23,1,6
1307,92,8,2025-06-17 23:18:44,delivery,25,1,Cà Phê Đen Đá,5,"""PHIN"" VIỆT NAM",coffee,cold,1,0,29.0,Hot,84,23,1,6
1307,92,8,2025-06-17 23:18:44,delivery,61,1,Bánh Mì Que Pate Cột Đèn,12,BÁNH MẶN,food,hot,0,0,29.0,Hot,84,23,1,6
703,82,4,2025-06-17 22:15:44,takeaway,46,2,Chocolate Nóng,10,CHOCOLATE,chocolate,hot,0,1,26.4,Cloudy,80,22,1,6
1082,99,14,2025-06-17 21:50:44,takeaway,46,1,Chocolate Nóng,10,CHOCOLATE,chocolate,hot,0,1,26.6,Cloudy,87,21,1,6
368,13,8,2025-06-17 21:42:44,delivery,26,1,Cà Phê Sữa Đá,5,"""PHIN"" VIỆT NAM",coffee,cold,1,1,27.2,Hot,79,21,1,6
368,13,8,2025-06-17 21:42:44,delivery,10,2,A-Mê Thanh Yên,2,AMERICANO,coffee,cold,1,0,27.2,Hot,79,21,1,6
593,44,8,2025-06-17 05:57:44,delivery,22,2,Bạc Xỉu Nóng,5,"""PHIN"" VIỆT NAM",coffee,hot,1,1,29.0,Rainy,87,5,1,6
1500,16,4,2025-06-17 04:59:44,takeaway,27,1,Cold Brew Truyền Thống,6,COLD BREW,coffee,cold,1,0,26.9,Hot,78,4,1,6
445,103,13,2025-06-17 01:22:44,takeaway,21,2,Bạc Xỉu,5,"""PHIN"" VIỆT NAM",coffee,cold,1,1,29.0,Hot,80,1,1,6
1377,65,14,2025-06-16 21:45:44,delivery,45,1,Chocolate Đá,10,CHOCOLATE,chocolate,cold,0,1,30.6,Rainy,87,21,0,6
439,56,12,2025-06-16 21:24:44,takeaway,19,2,Bạc Xỉu Foam Dừa,5,"""PHIN"" VIỆT NAM",coffee,cold,1,1,28.7,Hot,81,21,0,6
159,111,12,2025-06-16 19:15:44,dine-in,4,2,Cappuccino Nóng,1,ESPRESSO,coffee,hot,1,1,26.2,Rainy,79,19,0,6
1361,10,1,2025-06-16 05:13:44,takeaway,46,1,Chocolate Nóng,10,CHOCOLATE,chocolate,hot,0,1,29.7,Rainy,84,5,0,6
1009,166,13,2025-06-15 07:47:44,dine-in,28,2,Cold Brew Kim Quất,6,COLD BREW,coffee,cold,1,0,28.2,Hot,84,7,6,6
1009,166,13,2025-06-15 07:47:44,dine-in,63,2,Chà Bông Phô Mai,12,BÁNH MẶN,food,room,0,1,28.2,Hot,84,7,6,6
465,155,7,2025-06-15 07:05:44,takeaway,29,1,Matcha Latte Tây Bắc,7,MATCHA TÂY BẮC,tea,cold,0,1,27.0,Hot,86,7,6,6
1219,51,11,2025-06-15 05:10:44,dine-in,34,1,Matcha Tây Bắc Trân Châu Hoàng Kim,7,MATCHA TÂY BẮC,tea,cold,0,1,25.4,Hot,78,5,6,6
392,132,13,2025-06-14 22:54:44,takeaway,19,2,Bạc Xỉu Foam Dừa,5,"""PHIN"" VIỆT NAM",coffee,cold,1,1,30.1,Hot,78,22,5,6
392,132,13,2025-06-14 22:54:44,takeaway,51,2,Mochi Kem Trà Sữa Trân Châu,11,BÁNH NGỌT,food,cold,0,1,30.1,Hot,78,22,5,6
453,106,15,2025-06-14 19:55:44,dine-in,25,2,Cà Phê Đen Đá,5,"""PHIN"" VIỆT NAM",coffee,cold,1,0,25.2,Cloudy,87,19,5,6
453,106,15,2025-06-14 19:55:44,dine-in,57,2,Mousse Gấu Chocolate,11,BÁNH NGỌT,food,cold,0,1,25.2,Cloudy,87,19,5,6
1225,150,7,2025-06-14 08:54:44,takeaway,1,1,Espresso Nóng,1,ESPRESSO,coffee,hot,1,0,29.8,Rainy,82,8,5,6
636,171,15,2025-06-14 08:49:44,dine-in,28,2,Cold Brew Kim Quất,6,COLD BREW,coffee,cold,1,0,27.6,Cloudy,79,8,5,6
1224,20,12,2025-06-14 00:27:44,takeaway,34,1,Matcha Tây Bắc Trân Châu Hoàng Kim,7,MATCHA TÂY BẮC,tea,cold,0,1,25.1,Hot,81,0,5,6
466,80,12,2025-06-14 00:11:44,takeaway,13,1,Latte Classic,3,LATTE,coffee,cold,1,1,25.4,Hot,83,0,5,6
294,17,15,2025-06-13 22:35:44,takeaway,20,2,Bạc Xỉu Caramel Muối,5,"""PHIN"" VIỆT NAM",coffee,cold,1,1,27.4,Hot,88,22,4,6
1428,91,2,2025-06-13 21:01:44,takeaway,2,2,Espresso Đá,1,ESPRESSO,coffee,cold,1,0,26.4,Cloudy,81,21,4,6
168,36,4,2025-06-13 20:27:44,delivery,27,1,Cold Brew Truyền Thống,6,COLD BREW,coffee,cold,1,0,28.8,Cloudy,88,20,4,6
998,23,8,2025-06-13 07:40:44,dine-in,46,2,Chocolate Nóng,10,CHOCOLATE,chocolate,hot,0,1,29.7,Rainy,83,7,4,6
490,20,6,2025-06-13 07:10:44,takeaway,38,2,Oolong Tứ Quý Sen,8,TRÀ TRÁI CÂY,tea,cold,1,1,27.2,Cloudy,83,7,4,6
175,10,3,2025-06-13 06:48:44,takeaway,3,1,Cappuccino Đá,1,ESPRESSO,coffee,cold,1,1,31.0,Hot,86,6,4,6
1204,36,2,2025-06-13 02:26:44,dine-in,16,1,Latte Nóng,3,LATTE,coffee,hot,1,1,30.9,Rainy,86,2,4,6
719,169,5,2025-06-13 02:03:44,delivery,38,1,Oolong Tứ Quý Sen,8,TRÀ TRÁI CÂY,tea,cold,1,1,25.1,Cloudy,81,2,4,6
1035,163,3,2025-06-12 22:34:44,takeaway,1,2,Espresso Nóng,1,ESPRESSO,coffee,hot,1,0,26.4,Rainy,80,22,3,6
674,130,13,2025-06-12 20:30:44,takeaway,13,2,Latte Classic,3,LATTE,coffee,cold,1,1,26.4,Hot,84,20,3,6
674,130,13,2025-06-12 20:30:44,takeaway,49,1,Burnt Cheesecake,11,BÁNH NGỌT,food,cold,0,1,26.4,Hot,84,20,3,6
1199,151,2,2025-06-12 18:39:44,takeaway,18,2,Frappe Chocochip,4,FRAPPE,chocolate,cold,0,1,26.4,Rainy,86,18,3,6
1385,96,14,2025-06-12 04:59:44,dine-in,7,1,A-Mê Classic,2,AMERICANO,coffee,cold,1,0,27.5,Hot,80,4,3,6
1385,96,14,2025-06-12 04:59:44,dine-in,57,2,Mousse Gấu Chocolate,11,BÁNH NGỌT,food,cold,0,1,27.5,Hot,80,4,3,6
167,121,15,2025-06-12 04:46:44,takeaway,28,1,Cold Brew Kim Quất,6,COLD BREW,coffee,cold,1,0,27.7,Hot,78,4,3,6
534,116,10,2025-06-12 03:04:44,takeaway,38,1,Oolong Tứ Quý Sen,8,TRÀ TRÁI CÂY,tea,cold,1,1,30.8,Hot,80,3,3,6
534,116,10,2025-06-12 03:04:44,takeaway,48,2,Matcha Burnt Cheesecake,11,BÁNH NGỌT,food,cold,0,1,30.8,Hot,80,3,3,6
95,77,7,2025-06-11 20:02:44,takeaway,36,1,Trà Đào Cam Sả - Đá,8,TRÀ TRÁI CÂY,tea,cold,1,0,30.8,Hot,80,20,2,6
95,77,7,2025-06-11 20:02:44,takeaway,21,2,Bạc Xỉu,5,"""PHIN"" VIỆT NAM",coffee,cold,1,1,30.8,Hot,80,20,2,6
42,10,9,2025-06-11 08:44:44,takeaway,12,2,Latte Hạnh Nhân,3,LATTE,coffee,cold,1,1,28.6,Hot,83,8,2,6
60,20,5,2025-06-11 08:02:44,delivery,33,2,Matcha Latte,7,MATCHA TÂY BẮC,tea,cold,0,1,28.1,Cloudy,84,8,2,6
60,20,5,2025-06-11 08:02:44,delivery,62,1,Croissant trứng muối,12,BÁNH MẶN,food,hot,0,1,28.1,Cloudy,84,8,2,6
1427,90,10,2025-06-11 06:34:44,takeaway,28,2,Cold Brew Kim Quất,6,COLD BREW,coffee,cold,1,0,27.7,Cloudy,78,6,2,6
154,41,7,2025-06-11 00:19:44,takeaway,45,2,Chocolate Đá,10,CHOCOLATE,chocolate,cold,0,1,26.8,Rainy,81,0,2,6
1034,36,7,2025-06-10 23:35:44,delivery,14,2,Latte Bạc Xỉu,3,LATTE,coffee,cold,1,1,25.8,Hot,84,23,1,6
1034,36,7,2025-06-10 23:35:44,delivery,56,1,Mousse Tiramisu,11,BÁNH NGỌT,food,cold,1,1,25.8,Hot,84,23,1,6
1322,23,13,2025-06-10 23:32:44,takeaway,3,2,Cappuccino Đá,1,ESPRESSO,coffee,cold,1,1,29.1,Hot,78,23,1,6
1322,23,13,2025-06-10 23:32:44,takeaway,56,2,Mousse Tiramisu,11,BÁNH NGỌT,food,cold,1,1,29.1,Hot,78,23,1,6
622,23,15,2025-06-10 23:00:44,delivery,39,1,Trà Sữa Oolong Nướng Sương Sáo,9,TRÀ SỮA,tea,cold,1,1,29.4,Hot,85,23,1,6
622,23,15,2025-06-10 23:00:44,delivery,55,2,Mochi Kem Matcha,11,BÁNH NGỌT,food,cold,0,1,29.4,Hot,85,23,1,6
1029,103,13,2025-06-10 22:23:44,dine-in,46,1,Chocolate Nóng,10,CHOCOLATE,chocolate,hot,0,1,27.9,Rainy,80,22,1,6
1029,103,13,2025-06-10 22:23:44,dine-in,58,2,Butter Croissant,12,BÁNH MẶN,food,room,0,1,27.9,Rainy,80,22,1,6
560,8,4,2025-06-10 22:01:44,dine-in,11,1,Americano Nóng,2,AMERICANO,coffee,hot,1,0,28.2,Rainy,88,22,1,6
560,8,4,2025-06-10 22:01:44,dine-in,53,1,Mochi Kem Việt Quất,11,BÁNH NGỌT,food,cold,0,1,28.2,Rainy,88,22,1,6
1508,69,7,2025-06-10 20:20:44,takeaway,20,1,Bạc Xỉu Caramel Muối,5,"""PHIN"" VIỆT NAM",coffee,cold,1,1,26.2,Hot,79,20,1,6
475,10,11,2025-06-10 18:54:44,delivery,7,1,A-Mê Classic,2,AMERICANO,coffee,cold,1,0,30.1,Cloudy,87,18,1,6
783,151,9,2025-06-10 02:23:44,dine-in,45,2,Chocolate Đá,10,CHOCOLATE,chocolate,cold,0,1,30.8,Cloudy,85,2,1,6
783,151,9,2025-06-10 02:23:44,dine-in,52,2,Mochi Kem Phúc Bồn Tử,11,BÁNH NGỌT,food,cold,0,1,30.8,Cloudy,85,2,1,6
598,158,10,2025-06-09 19:59:44,takeaway,33,2,Matcha Latte,7,MATCHA TÂY BẮC,tea,cold,0,1,29.8,Cloudy,88,19,0,6
1343,60,10,2025-06-09 08:58:44,dine-in,6,2,Caramel Macchiato Nóng,1,ESPRESSO,coffee,hot,1,1,27.3,Rainy,84,8,0,6
505,169,7,2025-06-09 08:06:44,takeaway,40,2,Trà Sữa Oolong Tứ Quý Sương Sáo,9,TRÀ SỮA,tea,cold,1,1,28.1,Hot,81,8,0,6
505,169,7,2025-06-09 08:06:44,takeaway,60,1,Bánh Mì Que Bò Nấm Xốt Bơ,12,BÁNH MẶN,food,hot,0,0,28.1,Hot,81,8,0,6
561,150,11,2025-06-09 07:17:44,takeaway,29,2,Matcha Latte Tây Bắc,7,MATCHA TÂY BẮC,tea,cold,0,1,29.0,Cloudy,85,7,0,6
651,116,8,2025-06-09 04:59:44,takeaway,39,1,Trà Sữa Oolong Nướng Sương Sáo,9,TRÀ SỮA,tea,cold,1,1,29.3,Hot,86,4,0,6
651,116,8,2025-06-09 04:59:44,takeaway,48,2,Matcha Burnt Cheesecake,11,BÁNH NGỌT,food,cold,0,1,29.3,Hot,86,4,0,6
1426,102,8,2025-06-09 03:48:44,takeaway,1,1,Espresso Nóng,1,ESPRESSO,coffee,hot,1,0,25.4,Rainy,86,3,0,6
1426,102,8,2025-06-09 03:48:44,takeaway,51,1,Mochi Kem Trà Sữa Trân Châu,11,BÁNH NGỌT,food,cold,0,1,25.4,Rainy,86,3,0,6
141,131,13,2025-06-08 18:15:44,takeaway,34,2,Matcha Tây Bắc Trân Châu Hoàng Kim,7,MATCHA TÂY BẮC,tea,cold,0,1,30.6,Hot,88,18,6,6
1400,143,2,2025-06-08 06:24:44,takeaway,6,2,Caramel Macchiato Nóng,1,ESPRESSO,coffee,hot,1,1,29.1,Rainy,85,6,6,6
310,131,6,2025-06-08 04:30:44,takeaway,21,1,Bạc Xỉu,5,"""PHIN"" VIỆT NAM",coffee,cold,1,1,28.5,Hot,84,4,6,6
327,167,10,2025-06-08 02:18:44,delivery,1,1,Espresso Nóng,1,ESPRESSO,coffee,hot,1,0,30.7,Rainy,78,2,6,6
1266,80,13,2025-06-08 01:54:44,dine-in,6,2,Caramel Macchiato Nóng,1,ESPRESSO,coffee,hot,1,1,29.0,Cloudy,88,1,6,6
1098,146,1,2025-06-08 01:43:44,takeaway,46,1,Chocolate Nóng,10,CHOCOLATE,chocolate,hot,0,1,26.1,Rainy,79,1,6,6
1098,146,1,2025-06-08 01:43:44,takeaway,51,1,Mochi Kem Trà Sữa Trân Châu,11,BÁNH NGỌT,food,cold,0,1,26.1,Rainy,79,1,6,6
1487,42,4,2025-06-07 18:23:44,takeaway,25,2,Cà Phê Đen Đá,5,"""PHIN"" VIỆT NAM",coffee,cold,1,0,25.5,Hot,85,18,5,6
1106,163,1,2025-06-07 08:48:44,takeaway,10,2,A-Mê Thanh Yên,2,AMERICANO,coffee,cold,1,0,30.3,Cloudy,82,8,5,6
795,42,15,2025-06-07 07:59:44,takeaway,8,1,A-Mê Đào,2,AMERICANO,coffee,cold,1,0,29.1,Hot,82,7,5,6
795,42,15,2025-06-07 07:59:44,takeaway,58,2,Butter Croissant,12,BÁNH MẶN,food,room,0,1,29.1,Hot,82,7,5,6
842,26,2,2025-06-07 07:39:44,delivery,45,1,Chocolate Đá,10,CHOCOLATE,chocolate,cold,0,1,27.8,Hot,84,7,5,6
1447,130,6,2025-06-07 06:38:44,takeaway,17,1,Frappe Matcha Tây Bắc,4,FRAPPE,tea,cold,0,1,28.7,Rainy,80,6,5,6
1447,130,6,2025-06-07 06:38:44,takeaway,61,1,Bánh Mì Que Pate Cột Đèn,12,BÁNH MẶN,food,hot,0,0,28.7,Rainy,80,6,5,6
113,105,9,2025-06-07 04:57:44,takeaway,37,2,Oolong Tứ Quý Sen (Nóng),8,TRÀ TRÁI CÂY,tea,hot,1,0,26.8,Rainy,88,4,5,6
1366,145,14,2025-06-07 04:29:44,takeaway,19,2,Bạc Xỉu Foam Dừa,5,"""PHIN"" VIỆT NAM",coffee,cold,1,1,26.7,Cloudy,80,4,5,6
1366,145,14,2025-06-07 04:29:44,takeaway,59,2,Bánh Mì Que Chà Bông Phô Mai Bơ Cay,12,BÁNH MẶN,food,hot,0,1,26.7,Cloudy,80,4,5,6
77,62,13,2025-06-07 03:37:44,takeaway,45,2,Chocolate Đá,10,CHOCOLATE,chocolate,cold,0,1,29.4,Rainy,83,3,5,6
77,62,13,2025-06-07 03:37:44,takeaway,59,2,Bánh Mì Que Chà Bông Phô Mai Bơ Cay,12,BÁNH MẶN,food,hot,0,1,29.4,Rainy,83,3,5,6
1016,130,13,2025-06-07 03:16:44,dine-in,1,2,Espresso Nóng,1,ESPRESSO,coffee,hot,1,0,27.9,Rainy,86,3,5,6
587,35,8,2025-06-07 01:19:44,takeaway,46,1,Chocolate Nóng,10,CHOCOLATE,chocolate,hot,0,1,28.2,Cloudy,82,1,5,6
1149,168,1,2025-06-07 00:02:44,takeaway,10,1,A-Mê Thanh Yên,2,AMERICANO,coffee,cold,1,0,29.0,Hot,85,0,5,6
1149,168,1,2025-06-07 00:02:44,takeaway,61,1,Bánh Mì Que Pate Cột Đèn,12,BÁNH MẶN,food,hot,0,0,29.0,Hot,85,0,5,6
1459,153,5,2025-06-06 22:19:44,takeaway,6,2,Caramel Macchiato Nóng,1,ESPRESSO,coffee,hot,1,1,27.5,Rainy,83,22,4,6
1072,167,10,2025-06-06 22:01:44,takeaway,40,2,Trà Sữa Oolong Tứ Quý Sương Sáo,9,TRÀ SỮA,tea,cold,1,1,26.1,Cloudy,83,22,4,6
803,28,15,2025-06-06 21:21:44,takeaway,15,2,Latte Hazelnut,3,LATTE,coffee,cold,1,1,26.1,Cloudy,87,21,4,6
803,28,15,2025-06-06 21:21:44,takeaway,20,1,Bạc Xỉu Caramel Muối,5,"""PHIN"" VIỆT NAM",coffee,cold,1,1,26.1,Cloudy,87,21,4,6
338,86,6,2025-06-06 20:17:44,delivery,35,2,Trà Đào Cam Sả - Nóng,8,TRÀ TRÁI CÂY,tea,hot,1,0,28.1,Rainy,84,20,4,6
427,95,13,2025-06-06 18:46:44,delivery,26,1,Cà Phê Sữa Đá,5,"""PHIN"" VIỆT NAM",coffee,cold,1,1,25.0,Hot,81,18,4,6
427,95,13,2025-06-06 18:46:44,delivery,65,2,Pasta Heo Nướng Xốt Shoyu Butter,13,PASTA,food,hot,0,1,25.0,Hot,81,18,4,6
896,115,11,2025-06-06 07:57:44,takeaway,5,1,Caramel Macchiato Đá,1,ESPRESSO,coffee,cold,1,1,30.1,Cloudy,88,7,4,6
899,16,10,2025-06-06 07:25:44,takeaway,6,2,Caramel Macchiato Nóng,1,ESPRESSO,coffee,hot,1,1,30.9,Rainy,80,7,4,6
1142,38,8,2025-06-06 07:17:44,takeaway,13,2,Latte Classic,3,LATTE,coffee,cold,1,1,30.2,Hot,78,7,4,6
1115,65,13,2025-06-06 06:10:44,dine-in,20,2,Bạc Xỉu Caramel Muối,5,"""PHIN"" VIỆT NAM",coffee,cold,1,1,29.0,Hot,79,6,4,6
1115,65,13,2025-06-06 06:10:44,dine-in,63,1,Chà Bông Phô Mai,12,BÁNH MẶN,food,room,0,1,29.0,Hot,79,6,4,6
408,82,4,2025-06-06 04:57:44,dine-in,39,2,Trà Sữa Oolong Nướng Sương Sáo,9,TRÀ SỮA,tea,cold,1,1,25.7,Cloudy,82,4,4,6
661,109,4,2025-06-06 04:46:44,takeaway,20,1,Bạc Xỉu Caramel Muối,5,"""PHIN"" VIỆT NAM",coffee,cold,1,1,28.6,Hot,83,4,4,6
772,32,5,2025-06-06 01:13:44,takeaway,46,2,Chocolate Nóng,10,CHOCOLATE,chocolate,hot,0,1,25.7,Rainy,87,1,4,6
772,32,5,2025-06-06 01:13:44,takeaway,61,2,Bánh Mì Que Pate Cột Đèn,12,BÁNH MẶN,food,hot,0,0,25.7,Rainy,87,1,4,6
107,113,3,2025-06-05 21:21:44,dine-in,46,1,Chocolate Nóng,10,CHOCOLATE,chocolate,hot,0,1,29.0,Rainy,87,21,3,6
1094,126,5,2025-06-05 20:09:44,delivery,6,1,Caramel Macchiato Nóng,1,ESPRESSO,coffee,hot,1,1,28.3,Rainy,78,20,3,6
